user_id,product_id,rating
U100001,P49776,4.5
U100001,P93848,4.5
U100003,P61052,3.0
U100003,P69752,4.2
U100003,P88198,4.2
U100004,P43232,4.4
U100005,P88046,3.8
U100009,P73309,3.2
U100010,P74310,3.3
U100012,P64193,4.4
U100012,P78511,4.7
U100012,P93432,3.9
U100016,P95664,4.1
U100017,P41751,4.0
U100018,P61655,4.0
U100020,P11381,4.2
U100020,P50690,4.0
U100021,P39636,4.6
U100021,P54205,4.1
U100021,P78648,3.5
U100021,P86964,4.5
U100022,P47470,4.1
U100023,P18624,4.6
U100023,P26485,3.8
U100023,P45229,4.4
U100028,P61170,4.1
U100028,P77162,3.2
U100029,P44900,4.1
U100030,P42064,3.4
U100033,P62248,4.1
U100033,P70886,3.5
U100033,P74926,4.0
U100034,P35925,4.2
U100034,P82476,4.4
U100035,P22216,3.9
U100040,P66435,3.6
U100042,P11336,3.9
U100042,P50904,4.3
U100043,P72131,3.6
U100043,P78990,4.7
U100044,P16585,3.9
U100044,P26549,4.0
U100045,P23997,4.1
U100046,P42383,4.2
U100047,P37966,3.8
U100047,P52137,3.6
U100048,P10247,4.1
U100048,P91429,4.3
U100050,P37673,3.3
U100051,P18799,3.8
U100051,P47241,3.9
U100052,P50238,3.7
U100053,P10060,3.8
U100053,P60227,4.0
U100053,P94737,4.4
U100055,P20879,4.0
U100055,P34667,3.3
U100055,P74678,4.6
U100056,P72174,5.0
U100059,P43357,3.9
U100059,P51274,3.3
U100060,P23515,3.8
U100060,P31301,4.6
U100061,P17933,4.6
U100061,P73323,4.0
U100062,P40059,4.1
U100062,P60627,3.3
U100063,P46138,2.9
U100063,P73372,3.9
U100064,P22966,3.6
U100064,P36573,4.2
U100067,P30524,2.9
U100068,P64236,4.6
U100068,P91214,3.6
U100069,P76566,3.1
U100070,P82309,3.9
U100071,P33859,4.1
U100075,P72238,4.3
U100079,P15664,3.8
U100081,P77186,3.7
U100081,P97327,4.1
U100081,P97509,3.2
U100082,P44145,3.7
U100082,P73451,3.5
U100083,P71031,4.4
U100083,P80589,4.2
U100084,P47549,3.9
U100085,P32079,2.8
U100085,P42133,3.8
U100086,P83147,4.0
U100086,P85969,3.9
U100089,P45530,3.9
U100089,P69319,4.4
U100089,P86568,3.3
U100090,P20990,3.9
U100092,P12364,4.2
U100092,P31237,3.8
U100096,P45010,4.5
U100098,P15910,4.2
U100098,P26375,5.0
U100099,P45690,4.3
U100099,P97962,4.2
U100100,P43149,4.4
U100103,P24870,4.4
U100104,P21069,2.9
U100105,P81806,3.6
U100105,P85817,2.9
U100106,P46509,4.6
U100106,P52496,4.8
U100106,P89290,4.4
U100107,P31689,4.2
U100108,P25152,4.7
U100111,P13517,3.8
U100111,P23808,4.1
U100111,P42552,3.8
U100111,P67810,4.4
U100112,P97902,3.5
U100113,P20521,4.6
U100116,P10380,3.7
U100116,P44336,4.6
U100116,P71799,4.4
U100116,P87342,4.5
U100117,P47672,3.7
U100117,P51511,4.2
U100118,P96709,4.2
U100119,P14970,3.2
U100121,P58013,4.2
U100123,P52096,3.7
U100124,P33234,3.3
U100124,P66556,4.2
U100124,P71286,3.7
U100126,P42256,3.9
U100127,P38098,3.6
U100128,P44321,3.2
U100130,P37386,3.9
U100130,P64915,3.1
U100130,P99412,4.4
U100132,P51571,3.4
U100132,P90061,3.8
U100134,P36541,4.1
U100135,P19935,4.7
U100135,P68078,3.6
U100137,P94732,4.1
U100138,P91565,4.1
U100139,P89412,3.5
U100139,P92172,4.0
U100140,P27172,3.3
U100140,P39379,3.4
U100140,P88185,4.2
U100141,P99749,4.2
U100142,P30999,3.9
U100142,P34881,4.0
U100142,P62609,3.7
U100143,P54662,3.2
U100143,P76632,4.6
U100144,P58807,3.9
U100145,P60903,4.7
U100145,P91028,3.2
U100147,P19911,4.5
U100148,P10163,3.5
U100148,P49265,3.4
U100148,P89774,3.7
U100151,P41750,3.8
U100151,P97151,4.5
U100153,P94379,3.9
U100155,P32804,5.0
U100157,P58893,4.1
U100159,P84785,4.5
U100163,P92542,4.4
U100164,P36069,4.2
U100164,P47592,4.2
U100166,P87520,4.0
U100166,P98146,3.8
U100167,P27910,2.8
U100167,P92592,4.0
U100168,P11716,3.5
U100168,P25770,4.2
U100168,P40070,4.2
U100168,P57004,3.7
U100168,P77723,2.6
U100168,P92357,3.9
U100171,P47428,4.2
U100172,P53286,4.7
U100173,P23408,3.9
U100173,P67407,3.9
U100175,P45790,3.4
U100175,P58999,3.9
U100176,P32850,3.4
U100176,P86370,3.6
U100177,P92843,5.0
U100180,P41659,4.6
U100183,P22111,4.1
U100183,P32065,2.7
U100183,P52462,4.2
U100183,P63532,4.4
U100184,P95049,3.9
U100186,P49829,3.4
U100187,P18821,4.1
U100187,P20303,3.9
U100187,P76562,4.5
U100190,P65988,4.0
U100191,P94508,2.8
U100192,P79116,4.0
U100192,P91486,4.2
U100195,P83943,3.5
U100198,P26899,3.0
U100200,P15777,3.7
U100201,P98526,3.5
U100202,P18344,3.4
U100202,P27079,4.1
U100202,P41644,3.7
U100202,P70580,3.6
U100203,P72334,3.9
U100205,P59036,3.6
U100206,P69496,4.0
U100206,P81912,4.6
U100206,P93759,4.3
U100208,P35092,4.4
U100209,P51059,5.0
U100210,P56163,4.6
U100210,P80150,4.2
U100210,P84615,4.1
U100211,P37234,3.8
U100212,P34313,3.4
U100213,P32564,3.1
U100213,P54935,3.1
U100213,P77120,3.2
U100214,P75175,4.4
U100215,P19809,4.1
U100218,P22707,3.9
U100219,P50874,3.3
U100219,P68954,4.3
U100220,P14398,4.3
U100221,P28150,3.8
U100223,P16832,4.3
U100223,P27772,4.0
U100226,P34708,4.4
U100226,P42732,4.7
U100226,P74726,4.2
U100227,P74866,4.3
U100228,P46600,4.4
U100229,P40992,4.1
U100230,P35245,4.4
U100230,P57953,3.4
U100232,P43548,4.2
U100233,P80519,4.4
U100233,P88872,4.2
U100235,P44256,3.9
U100235,P72406,3.3
U100235,P88189,4.4
U100237,P16456,3.1
U100237,P38517,4.0
U100240,P36642,3.7
U100243,P17924,4.5
U100244,P52614,3.6
U100244,P66119,3.8
U100246,P35166,4.0
U100247,P66247,4.4
U100247,P70388,3.4
U100250,P49682,4.6
U100250,P60310,3.6
U100251,P34874,3.8
U100253,P39101,4.1
U100258,P81082,3.2
U100259,P86093,4.1
U100260,P56307,4.1
U100260,P71798,4.1
U100261,P27876,4.7
U100261,P57229,4.7
U100261,P93527,4.2
U100262,P44971,2.9
U100263,P18027,3.0
U100265,P17618,3.6
U100265,P40983,2.9
U100265,P72377,4.0
U100268,P49108,2.8
U100271,P93459,3.8
U100274,P41664,4.1
U100274,P90237,4.8
U100276,P29753,3.4
U100278,P84259,3.9
U100279,P97137,4.6
U100281,P12861,4.2
U100282,P47796,4.3
U100282,P50792,4.1
U100282,P53519,3.6
U100284,P45584,2.7
U100284,P88460,4.9
U100286,P35001,2.9
U100286,P38990,4.8
U100287,P65009,3.6
U100287,P69120,3.6
U100287,P73071,3.1
U100288,P87458,5.0
U100290,P23626,4.1
U100292,P44587,3.0
U100293,P53223,3.4
U100295,P42585,4.8
U100296,P63244,3.7
U100297,P78915,3.5
U100300,P41794,4.1
U100300,P87405,3.8
U100301,P17237,4.2
U100302,P69108,4.1
U100303,P59754,3.6
U100305,P80580,4.4
U100306,P14369,3.6
U100306,P56287,3.5
U100307,P95507,4.2
U100308,P93537,4.1
U100311,P69107,4.0
U100311,P71343,3.4
U100312,P34381,4.0
U100312,P91883,3.2
U100313,P96719,4.3
U100314,P71357,4.3
U100315,P52761,4.2
U100316,P28824,3.2
U100317,P80936,3.6
U100317,P86639,3.8
U100318,P29333,5.0
U100319,P85623,3.9
U100319,P98815,4.4
U100320,P58702,4.5
U100322,P42176,3.3
U100323,P53275,3.9
U100323,P58050,3.4
U100324,P86765,3.0
U100325,P25270,3.6
U100325,P52194,3.9
U100325,P80478,3.7
U100326,P28585,3.4
U100326,P80993,4.6
U100329,P12633,4.9
U100329,P36030,3.6
U100329,P81994,3.4
U100330,P28901,4.4
U100333,P42518,4.1
U100336,P51422,3.4
U100337,P97193,3.3
U100339,P65562,3.8
U100340,P50700,3.9
U100340,P66158,3.9
U100342,P12754,3.6
U100343,P12799,4.5
U100343,P32922,3.5
U100343,P58340,3.8
U100343,P74218,3.2
U100344,P83413,4.3
U100345,P37656,3.8
U100347,P87660,4.0
U100347,P93590,4.1
U100349,P18040,4.1
U100349,P39210,4.2
U100349,P49611,4.1
U100349,P61219,2.8
U100349,P74928,4.2
U100351,P17802,4.4
U100351,P54928,3.4
U100353,P21070,4.4
U100354,P94550,4.1
U100355,P23690,3.8
U100355,P45171,5.0
U100355,P45968,4.6
U100357,P51081,3.5
U100360,P64002,4.9
U100360,P64213,4.8
U100361,P31804,4.2
U100361,P59242,4.0
U100364,P26430,3.8
U100369,P59578,4.0
U100370,P19813,4.6
U100370,P26991,3.6
U100370,P99854,3.9
U100371,P38410,4.2
U100372,P36099,4.1
U100372,P52292,3.9
U100372,P53297,4.0
U100373,P50003,4.0
U100373,P75093,4.4
U100375,P66326,3.9
U100376,P19648,3.8
U100376,P45061,4.1
U100377,P21465,3.0
U100380,P75697,2.9
U100381,P69767,3.8
U100382,P97163,3.7
U100383,P29640,4.8
U100383,P54855,3.3
U100383,P96690,4.2
U100386,P18611,3.7
U100387,P39871,3.2
U100388,P72331,3.8
U100388,P96455,4.8
U100389,P32085,4.7
U100390,P22766,4.3
U100391,P36033,4.5
U100391,P41831,4.4
U100392,P59598,5.0
U100392,P87868,4.0
U100393,P66669,4.0
U100393,P98381,4.5
U100394,P16639,3.8
U100394,P54829,4.2
U100395,P77484,3.9
U100395,P84610,3.0
U100397,P30771,4.9
U100397,P95054,4.1
U100399,P62758,3.3
U100402,P29039,4.2
U100402,P50730,3.7
U100402,P50744,3.8
U100406,P31590,3.8
U100406,P58873,3.5
U100406,P76484,4.0
U100406,P87844,4.2
U100407,P19556,4.2
U100407,P72087,3.3
U100408,P17318,4.3
U100408,P24815,3.5
U100408,P84649,4.1
U100409,P83207,3.9
U100410,P50256,3.6
U100410,P66428,3.5
U100410,P78614,3.8
U100410,P85475,5.0
U100410,P93116,4.2
U100412,P81639,4.0
U100412,P92774,3.8
U100413,P20083,4.1
U100414,P44116,4.3
U100415,P73787,3.9
U100419,P94153,4.2
U100420,P36096,3.5
U100420,P39661,4.4
U100420,P94739,4.9
U100421,P18347,3.2
U100421,P24841,3.9
U100421,P44013,5.0
U100422,P31313,3.8
U100422,P61633,3.2
U100422,P62602,3.9
U100424,P20564,3.4
U100424,P71916,3.4
U100426,P94204,4.4
U100428,P24539,3.5
U100428,P47300,4.3
U100428,P90589,3.3
U100429,P35193,4.7
U100429,P81548,3.8
U100431,P22631,3.7
U100431,P81351,4.3
U100432,P56654,4.8
U100434,P56978,3.4
U100434,P65605,3.5
U100434,P75792,5.0
U100436,P81765,4.5
U100438,P44530,4.2
U100440,P23149,3.2
U100440,P26515,2.9
U100440,P42341,3.8
U100440,P55466,3.9
U100442,P34389,4.2
U100443,P93741,2.9
U100446,P13586,3.3
U100446,P85465,3.7
U100447,P51958,5.0
U100449,P23557,3.2
U100450,P13192,4.0
U100453,P27690,3.6
U100453,P48496,4.0
U100454,P63258,4.1
U100455,P84132,3.6
U100457,P20363,4.7
U100458,P31782,3.6
U100458,P44841,3.4
U100459,P43192,3.5
U100459,P75056,3.7
U100460,P54978,3.6
U100462,P20964,3.5
U100464,P99859,3.0
U100467,P14293,3.5
U100469,P40462,3.9
U100471,P55069,4.3
U100471,P76487,3.9
U100472,P86989,4.2
U100472,P95731,4.5
U100474,P10386,3.6
U100475,P65847,3.1
U100475,P92257,4.2
U100477,P75694,4.5
U100479,P13809,3.9
U100480,P96740,3.7
U100482,P72321,3.9
U100483,P13774,5.0
U100484,P15571,4.1
U100484,P18947,4.7
U100484,P60548,4.3
U100487,P62994,3.9
U100488,P67918,4.1
U100490,P23630,4.2
U100491,P34119,4.3
U100492,P16958,4.1
U100492,P37418,4.0
U100492,P68306,4.4
U100494,P22505,3.7
U100495,P18325,4.0
U100495,P97713,3.9
U100497,P38791,4.1
U100498,P36599,2.5
U100499,P72676,3.5
U100500,P13709,3.2
U100501,P83861,4.4
U100502,P34530,2.8
U100502,P71849,4.1
U100504,P24122,3.1
U100505,P58602,3.4
U100505,P95767,3.7
U100506,P73408,3.7
U100507,P41917,5.0
U100508,P91748,5.0
U100510,P33937,3.4
U100511,P15849,4.4
U100512,P33151,3.7
U100512,P55268,4.4
U100512,P76275,4.6
U100515,P20071,2.9
U100515,P29625,3.7
U100515,P89310,3.5
U100516,P95340,4.9
U100517,P80530,3.5
U100517,P94219,4.4
U100518,P39419,4.2
U100518,P57702,4.1
U100519,P77186,4.0
U100519,P97906,4.0
U100520,P61317,4.0
U100521,P27398,4.2
U100525,P44934,3.4
U100526,P27152,4.1
U100527,P60703,4.8
U100528,P34899,4.3
U100531,P63484,4.4
U100532,P54407,3.6
U100534,P33608,3.9
U100534,P91318,3.7
U100537,P36897,4.5
U100538,P11718,3.7
U100539,P55582,3.4
U100541,P62805,3.0
U100542,P50692,2.7
U100543,P61269,3.6
U100543,P97778,3.8
U100544,P14782,3.4
U100545,P20765,4.7
U100547,P76977,3.6
U100548,P24640,3.9
U100548,P70633,4.7
U100548,P94699,3.8
U100549,P37567,3.8
U100550,P16377,3.8
U100550,P24698,3.9
U100551,P32301,4.3
U100552,P16384,4.0
U100552,P33430,3.8
U100552,P48906,4.8
U100552,P51413,3.7
U100554,P90300,4.3
U100557,P27173,3.9
U100557,P77913,3.5
U100558,P15164,4.2
U100559,P23437,5.0
U100559,P27518,3.1
U100561,P32095,5.0
U100561,P34264,4.4
U100561,P44508,4.0
U100562,P71067,3.6
U100563,P80175,3.7
U100565,P25485,3.0
U100565,P28653,4.1
U100565,P50019,4.0
U100566,P27333,3.9
U100567,P23092,4.1
U100567,P89936,3.8
U100568,P70496,4.3
U100569,P37799,3.7
U100569,P88373,4.2
U100570,P21622,3.8
U100570,P91969,3.6
U100571,P39884,4.1
U100571,P96685,3.8
U100574,P17987,4.3
U100574,P59935,4.0
U100575,P17719,4.0
U100577,P61990,4.2
U100577,P99510,3.6
U100578,P10151,4.3
U100578,P89869,4.2
U100582,P61256,4.3
U100583,P46978,3.8
U100584,P97216,3.4
U100585,P61146,4.9
U100586,P51337,4.4
U100590,P43677,4.1
U100592,P49358,3.5
U100592,P79476,3.7
U100596,P39176,3.3
U100596,P46271,4.1
U100596,P72852,3.3
U100599,P66236,3.9
U100601,P94567,3.4
U100604,P67111,3.3
U100605,P85514,3.6
U100606,P83567,3.9
U100606,P99285,4.8
U100607,P76485,3.8
U100608,P10814,4.5
U100608,P63721,3.7
U100610,P29727,3.3
U100610,P52842,3.7
U100610,P65207,3.7
U100610,P77608,3.2
U100610,P86301,2.6
U100611,P21317,3.4
U100617,P62829,4.3
U100618,P35438,4.4
U100618,P42350,3.6
U100618,P58473,4.2
U100619,P16159,2.9
U100619,P88596,3.6
U100619,P96127,4.1
U100620,P89686,5.0
U100621,P48119,3.5
U100623,P32119,4.2
U100625,P74287,3.7
U100627,P11914,4.8
U100627,P37501,3.6
U100627,P85920,3.7
U100631,P54414,3.7
U100631,P55228,3.7
U100631,P55725,4.4
U100634,P27863,4.2
U100635,P44907,3.9
U100636,P23615,3.7
U100636,P38129,2.5
U100636,P63508,3.9
U100637,P68688,3.6
U100638,P70766,4.3
U100638,P96922,4.1
U100639,P10518,2.5
U100639,P47896,3.6
U100639,P50090,3.9
U100639,P84548,4.8
U100640,P64303,5.0
U100642,P44887,3.4
U100643,P14867,4.2
U100643,P45985,3.8
U100644,P13963,4.1
U100644,P56243,2.4
U100645,P19272,3.6
U100645,P81387,4.6
U100646,P58986,3.8
U100646,P93102,3.9
U100648,P57955,3.9
U100648,P92693,4.5
U100650,P16260,3.9
U100651,P87384,4.6
U100653,P47540,4.0
U100653,P53685,3.8
U100654,P29678,3.9
U100654,P70332,4.5
U100655,P46917,4.3
U100655,P61257,4.2
U100655,P92960,4.1
U100657,P65091,4.6
U100657,P89087,3.6
U100658,P76434,4.2
U100659,P27623,2.8
U100659,P27997,3.9
U100659,P29714,4.3
U100659,P98508,4.4
U100660,P55726,4.0
U100661,P10657,4.1
U100661,P46046,3.9
U100662,P13582,4.4
U100663,P83083,3.4
U100665,P64184,4.5
U100666,P19765,5.0
U100668,P30903,4.5
U100670,P83518,3.6
U100673,P39955,4.1
U100673,P47463,3.7
U100673,P99476,3.7
U100675,P61401,5.0
U100675,P76625,3.6
U100676,P95242,3.1
U100677,P58218,3.9
U100678,P75942,4.0
U100681,P16003,3.9
U100681,P27085,3.4
U100681,P31736,4.0
U100681,P40815,4.1
U100681,P41910,5.0
U100681,P94965,3.2
U100682,P53565,3.4
U100682,P85507,3.0
U100682,P91500,3.6
U100683,P42430,4.0
U100683,P56506,5.0
U100685,P23996,2.7
U100685,P43704,4.4
U100688,P60816,4.7
U100688,P64995,4.0
U100688,P98397,3.5
U100689,P83781,4.2
U100690,P73563,3.2
U100691,P16195,4.4
U100692,P11490,4.7
U100692,P26871,4.0
U100692,P95709,4.7
U100693,P62362,4.3
U100694,P24642,2.8
U100694,P54815,3.9
U100694,P81641,3.6
U100694,P92694,3.2
U100695,P62709,4.3
U100697,P37772,3.9
U100697,P54871,4.5
U100698,P75979,4.1
U100700,P37214,4.1
U100701,P59049,4.5
U100702,P32383,4.1
U100705,P25783,3.2
U100705,P87958,3.9
U100707,P18451,4.0
U100707,P46279,4.5
U100707,P60718,4.7
U100708,P76774,3.9
U100709,P48068,4.3
U100709,P81368,3.9
U100710,P48480,3.8
U100711,P66714,4.2
U100712,P75895,4.1
U100713,P38736,4.6
U100714,P36742,2.8
U100714,P76421,4.3
U100715,P23471,3.7
U100715,P34306,3.6
U100715,P88460,3.3
U100716,P24547,4.3
U100716,P36139,3.5
U100716,P75669,4.2
U100717,P68286,3.7
U100718,P10295,3.8
U100718,P81350,4.3
U100719,P33786,3.3
U100719,P52128,3.7
U100721,P88728,4.8
U100722,P81842,3.8
U100723,P53540,4.2
U100724,P35283,4.2
U100725,P24119,4.6
U100728,P69204,3.8
U100729,P26704,3.9
U100729,P80971,4.0
U100730,P31911,4.7
U100730,P73624,4.3
U100730,P97148,4.0
U100734,P78831,3.6
U100734,P81570,4.5
U100735,P10222,4.9
U100737,P75919,4.3
U100740,P43965,4.4
U100740,P91495,3.3
U100742,P41772,3.1
U100743,P38072,3.3
U100744,P47495,4.9
U100744,P82107,5.0
U100746,P70137,3.7
U100747,P25967,3.6
U100747,P52538,4.2
U100747,P54804,4.1
U100747,P79484,3.6
U100748,P52447,3.4
U100750,P87281,4.3
U100751,P24458,3.9
U100751,P26641,4.2
U100752,P28207,4.3
U100752,P29043,4.3
U100752,P82589,3.4
U100752,P90986,4.8
U100753,P37067,3.8
U100754,P24735,3.7
U100756,P16009,4.0
U100756,P53791,5.0
U100757,P28949,3.7
U100757,P37080,4.5
U100758,P33943,4.0
U100758,P64911,3.0
U100759,P89217,3.6
U100761,P11928,3.9
U100762,P28849,4.3
U100762,P37609,3.6
U100764,P21185,2.9
U100764,P67336,4.2
U100765,P44261,4.7
U100766,P38198,3.0
U100767,P63682,3.6
U100769,P20948,5.0
U100769,P69974,2.8
U100770,P65068,3.7
U100771,P70364,3.9
U100771,P96767,3.5
U100772,P33605,3.4
U100772,P60870,3.9
U100772,P60881,3.9
U100774,P37286,4.9
U100775,P98430,3.8
U100777,P38678,3.7
U100777,P98747,4.2
U100783,P48116,4.7
U100783,P74699,3.6
U100783,P82596,5.0
U100784,P89000,3.6
U100785,P85664,4.6
U100786,P65144,3.7
U100787,P16286,3.8
U100787,P31227,4.3
U100787,P77885,4.5
U100787,P85572,3.6
U100788,P25328,2.9
U100788,P67761,3.9
U100793,P22749,3.7
U100795,P83726,3.9
U100796,P58021,4.0
U100798,P29303,4.0
U100798,P44444,3.4
U100798,P71849,5.0
U100799,P17926,4.1
U100800,P97109,4.4
U100801,P60750,4.2
U100802,P34602,3.6
U100802,P44506,4.3
U100802,P90205,4.0
U100803,P18984,4.3
U100804,P57935,4.1
U100805,P54435,4.0
U100806,P87797,4.5
U100807,P78996,3.9
U100808,P20930,3.6
U100808,P34244,3.9
U100810,P40516,3.6
U100810,P46708,3.8
U100810,P49297,4.1
U100811,P25546,3.8
U100813,P57264,4.3
U100818,P66267,4.9
U100818,P87942,4.2
U100819,P76023,3.7
U100820,P14720,4.7
U100821,P46232,4.0
U100822,P33423,4.1
U100823,P29712,4.0
U100824,P84377,3.5
U100827,P79963,3.7
U100828,P58997,4.1
U100828,P61682,2.6
U100831,P27302,3.2
U100831,P96839,4.1
U100832,P49412,3.5
U100832,P70907,3.7
U100834,P16804,4.6
U100835,P15389,3.4
U100837,P48042,4.2
U100838,P23076,3.7
U100840,P11496,4.6
U100841,P20480,5.0
U100845,P14551,4.9
U100845,P36888,4.3
U100845,P45580,4.7
U100846,P61996,4.5
U100847,P71930,3.1
U100848,P23025,3.6
U100848,P74206,4.7
U100851,P45597,4.5
U100851,P46734,4.3
U100853,P42323,4.5
U100853,P91008,3.4
U100853,P95387,4.5
U100854,P25413,3.8
U100854,P33465,4.1
U100854,P76666,3.5
U100855,P95551,3.7
U100856,P31345,3.9
U100856,P38032,4.6
U100857,P57199,4.6
U100857,P88022,4.6
U100858,P25247,3.3
U100859,P51376,4.4
U100859,P55649,3.5
U100860,P92262,4.1
U100861,P86912,3.5
U100862,P40524,4.0
U100862,P92728,4.0
U100863,P11185,3.4
U100865,P28772,2.9
U100866,P16114,2.9
U100866,P84939,4.1
U100867,P44697,3.4
U100867,P50070,4.3
U100867,P92066,3.3
U100868,P44212,4.4
U100871,P17556,4.2
U100871,P82755,5.0
U100872,P45571,4.0
U100873,P11197,4.1
U100873,P33276,4.1
U100873,P68740,3.9
U100874,P50329,4.4
U100878,P94643,3.6
U100881,P51100,3.2
U100882,P18340,2.9
U100882,P74651,3.8
U100883,P12785,3.8
U100884,P18062,4.9
U100884,P34409,4.5
U100884,P62412,4.0
U100884,P83156,3.7
U100885,P81504,4.7
U100888,P11166,4.1
U100888,P62055,4.5
U100888,P98554,3.2
U100889,P71727,3.4
U100890,P10416,3.7
U100890,P61019,3.6
U100892,P31456,3.1
U100892,P57118,3.3
U100894,P30921,3.5
U100894,P49321,2.9
U100894,P59169,3.8
U100897,P25464,3.9
U100897,P92765,3.3
U100898,P53807,4.4
U100898,P57375,3.9
U100900,P91245,4.6
U100901,P18733,4.6
U100902,P17313,3.5
U100905,P33980,4.3
U100907,P58764,4.5
U100909,P73598,3.7
U100910,P89341,3.7
U100911,P38045,4.1
U100912,P10120,4.6
U100916,P29764,3.5
U100916,P48250,3.2
U100916,P59264,3.2
U100919,P90626,3.2
U100921,P25419,3.7
U100921,P74261,4.5
U100921,P80421,3.4
U100921,P92916,4.2
U100924,P31773,3.9
U100924,P93351,4.0
U100925,P45806,4.1
U100925,P78979,3.3
U100926,P50048,3.6
U100926,P57374,4.6
U100927,P52801,4.4
U100927,P84603,4.4
U100928,P31158,4.9
U100929,P90042,4.0
U100931,P63323,3.9
U100932,P95879,4.3
U100933,P43109,4.0
U100933,P45331,4.6
U100933,P85654,4.5
U100933,P87850,3.9
U100934,P45877,4.3
U100934,P90824,4.2
U100936,P40669,3.5
U100936,P93676,3.6
U100939,P72412,4.6
U100939,P77247,4.2
U100941,P68093,3.7
U100941,P82406,4.3
U100942,P97310,3.6
U100948,P56365,3.5
U100949,P13421,3.0
U100949,P45715,3.4
U100950,P60121,4.3
U100951,P97701,3.1
U100952,P17664,3.7
U100952,P68764,3.9
U100954,P23507,3.4
U100955,P17362,4.1
U100955,P75011,4.4
U100957,P67703,4.5
U100957,P94913,4.6
U100958,P98627,3.3
U100960,P63113,4.0
U100960,P90641,3.8
U100961,P42565,4.2
U100963,P21502,3.7
U100963,P31031,3.2
U100964,P90404,3.9
U100965,P80015,3.2
U100966,P45335,3.3
U100967,P58914,3.4
U100968,P36210,3.3
U100968,P56558,4.4
U100969,P49966,4.1
U100971,P18247,4.0
U100971,P22564,4.3
U100971,P60121,4.1
U100974,P93798,2.8
U100975,P80852,4.3
U100977,P70071,4.3
U100977,P71836,3.5
U100977,P94222,3.0
U100978,P79938,4.2
U100979,P62251,3.0
U100979,P68147,4.2
U100980,P20848,2.7
U100981,P43655,5.0
U100983,P13913,5.0
U100983,P47509,3.4
U100983,P71226,4.0
U100983,P87155,3.7
U100984,P18864,3.2
U100984,P70564,3.9
U100984,P70882,4.2
U100985,P91745,3.9
U100987,P27497,3.5
U100987,P70010,4.4
U100988,P84221,4.5
U100991,P21367,4.5
U100991,P33562,3.4
U100991,P35029,4.5
U100991,P81322,4.7
U100993,P64872,3.7
U100994,P87545,3.7
U100997,P33733,4.2
U100997,P73042,3.9
U100997,P74651,4.6
U100997,P94808,3.7
U100997,P95834,4.4
U101001,P68165,3.8
U101003,P96745,3.4
U101004,P58004,3.3
U101005,P65054,3.2
U101006,P42075,4.0
U101008,P22640,4.3
U101008,P30319,3.1
U101008,P65487,3.9
U101008,P85032,3.7
U101009,P22248,4.0
U101012,P52079,3.8
U101013,P13712,3.4
U101017,P25630,2.7
U101018,P57411,4.6
U101021,P62584,4.2
U101021,P78616,4.1
U101023,P39433,3.0
U101023,P60428,4.0
U101023,P71869,4.6
U101024,P62027,4.2
U101025,P61070,4.4
U101025,P92997,4.8
U101026,P67943,3.5
U101027,P16040,4.2
U101027,P30440,4.6
U101027,P32574,3.7
U101027,P77549,4.2
U101030,P74286,3.9
U101030,P77908,3.8
U101033,P46312,3.8
U101033,P75951,3.6
U101034,P82665,3.9
U101035,P26943,3.9
U101035,P32224,3.7
U101035,P52352,4.5
U101036,P16499,4.2
U101038,P63755,3.6
U101038,P84665,4.1
U101040,P73157,4.1
U101041,P12570,4.2
U101043,P96043,4.6
U101046,P57224,3.1
U101046,P94374,4.2
U101047,P73714,3.5
U101049,P95318,4.0
U101051,P10721,3.1
U101052,P42023,3.7
U101052,P47071,4.2
U101053,P28534,3.5
U101053,P35448,3.8
U101053,P56547,4.1
U101053,P56870,4.3
U101054,P14899,4.0
U101057,P71041,4.2
U101058,P44889,4.2
U101059,P66829,4.8
U101060,P44621,3.9
U101060,P83564,3.7
U101060,P84580,4.2
U101062,P71460,3.9
U101063,P61750,3.6
U101063,P96679,5.0
U101063,P99457,3.8
U101065,P32950,4.9
U101066,P20532,4.4
U101066,P64211,3.8
U101066,P68128,3.5
U101066,P68906,3.9
U101067,P97345,3.8
U101068,P18775,3.1
U101068,P32777,3.0
U101068,P34702,4.5
U101068,P75055,4.7
U101071,P59534,5.0
U101072,P80762,3.8
U101072,P92699,3.5
U101074,P14750,4.7
U101074,P20819,4.5
U101075,P27089,4.8
U101075,P40296,3.4
U101076,P55912,3.2
U101076,P76613,3.1
U101080,P22755,4.1
U101080,P81425,4.7
U101081,P82957,3.9
U101082,P85423,3.2
U101083,P71599,4.1
U101084,P13472,4.3
U101084,P48964,3.4
U101086,P62538,3.5
U101089,P45387,3.4
U101090,P10292,3.4
U101090,P21996,4.7
U101090,P84146,4.2
U101091,P97275,3.7
U101093,P18705,4.6
U101094,P31845,4.8
U101094,P85150,3.7
U101095,P96733,3.6
U101095,P98231,4.2
U101095,P98853,3.4
U101096,P40366,3.7
U101097,P11326,4.2
U101097,P45185,3.4
U101098,P21042,4.2
U101098,P36389,3.6
U101098,P49890,4.3
U101098,P87356,4.6
U101099,P15399,4.1
U101100,P46382,3.1
U101100,P48882,3.9
U101101,P15295,3.3
U101101,P60673,2.7
U101101,P64662,3.9
U101101,P81653,3.9
U101101,P96175,4.7
U101102,P19929,3.8
U101103,P23348,3.1
U101103,P48024,4.3
U101103,P82872,4.5
U101104,P89581,3.5
U101105,P28279,4.2
U101106,P17931,4.0
U101106,P95150,3.2
U101107,P69381,3.9
U101108,P33227,4.0
U101111,P21869,4.0
U101112,P46505,3.8
U101112,P96888,3.2
U101114,P23159,4.3
U101115,P53977,5.0
U101115,P82369,4.1
U101116,P52503,4.2
U101118,P17746,4.0
U101119,P95738,3.5
U101122,P12414,5.0
U101122,P19234,3.3
U101123,P64249,3.6
U101124,P17407,3.7
U101124,P24960,3.6
U101125,P16484,4.8
U101125,P17869,3.5
U101125,P69412,3.2
U101125,P85890,3.6
U101129,P19213,4.4
U101129,P44531,4.7
U101130,P12448,4.0
U101130,P85134,4.4
U101132,P97118,4.9
U101133,P34106,3.6
U101133,P52429,4.4
U101133,P68058,4.1
U101133,P80986,3.7
U101134,P59755,4.4
U101134,P70850,4.3
U101135,P49629,3.3
U101135,P86378,4.4
U101136,P38104,4.3
U101141,P24330,4.0
U101141,P35593,3.7
U101141,P35852,3.3
U101141,P37572,3.1
U101143,P81323,3.9
U101144,P14561,3.9
U101145,P39159,3.8
U101148,P22002,3.6
U101148,P75791,4.7
U101148,P97094,4.0
U101149,P41850,4.9
U101149,P44687,4.5
U101151,P40162,2.8
U101151,P48410,4.3
U101152,P16300,2.6
U101152,P21273,4.9
U101152,P45374,5.0
U101152,P54345,4.9
U101152,P58491,2.9
U101152,P92470,3.3
U101153,P62974,3.6
U101156,P30656,4.1
U101156,P95884,4.8
U101157,P15743,4.0
U101157,P64273,4.0
U101158,P35762,3.8
U101158,P36226,3.7
U101159,P70764,3.2
U101159,P96089,5.0
U101161,P78051,3.6
U101163,P12441,4.5
U101164,P83427,3.8
U101165,P10828,2.9
U101166,P30317,3.9
U101166,P66968,3.7
U101167,P80598,4.6
U101168,P19269,3.7
U101168,P50047,4.2
U101168,P80254,3.4
U101169,P99723,4.0
U101171,P51451,3.7
U101171,P63101,3.0
U101172,P71966,3.4
U101175,P47385,3.4
U101177,P80046,4.1
U101179,P80380,3.6
U101180,P10399,3.0
U101180,P40949,3.8
U101180,P50098,3.5
U101181,P60826,3.6
U101183,P73989,3.8
U101184,P24588,4.0
U101188,P47183,4.7
U101189,P73290,4.5
U101190,P94242,4.3
U101190,P95111,4.1
U101192,P46347,4.1
U101192,P68837,3.8
U101192,P98115,3.6
U101194,P70697,3.0
U101195,P35702,4.5
U101196,P21578,3.5
U101196,P36270,4.0
U101196,P36599,3.7
U101196,P89503,3.4
U101198,P35585,4.0
U101198,P62291,4.3
U101199,P16371,4.0
U101200,P99150,4.2
U101201,P34809,4.4
U101203,P79833,3.7
U101204,P93736,3.4
U101205,P91899,3.8
U101207,P45822,3.2
U101207,P51618,3.4
U101207,P73098,4.0
U101209,P51091,4.5
U101210,P34559,4.0
U101210,P41967,4.6
U101210,P55989,4.4
U101212,P12631,4.2
U101212,P38307,4.4
U101212,P78552,5.0
U101212,P79952,5.0
U101213,P46248,4.2
U101213,P75781,4.5
U101214,P85475,4.8
U101215,P57056,4.4
U101215,P89538,3.2
U101218,P44766,3.5
U101219,P24129,3.7
U101219,P74089,3.8
U101220,P99277,4.2
U101221,P41666,3.9
U101224,P34999,4.0
U101224,P64385,4.7
U101225,P55904,2.9
U101226,P89567,4.5
U101228,P37723,3.8
U101228,P95852,4.7
U101229,P14215,3.3
U101229,P24732,3.6
U101229,P29289,4.2
U101229,P36416,4.2
U101229,P97974,4.4
U101230,P49741,4.0
U101231,P19729,4.1
U101233,P79545,4.9
U101234,P79703,3.5
U101235,P86091,3.7
U101237,P13161,4.6
U101237,P21931,3.3
U101237,P38094,4.2
U101240,P13763,4.3
U101241,P23294,3.7
U101241,P84460,3.6
U101242,P75763,4.3
U101243,P22966,4.2
U101243,P77877,4.7
U101245,P23957,4.4
U101245,P41854,3.2
U101246,P97857,4.1
U101247,P66770,3.6
U101248,P13452,3.9
U101248,P74375,4.2
U101249,P38015,4.3
U101250,P24474,3.9
U101253,P25426,4.6
U101255,P36149,4.0
U101258,P49741,3.3
U101260,P29544,3.8
U101261,P14474,5.0
U101262,P23449,4.0
U101262,P47828,3.8
U101262,P68357,3.5
U101262,P70867,4.4
U101262,P81573,4.0
U101263,P52976,3.5
U101263,P93901,3.4
U101264,P77597,4.0
U101266,P68958,4.0
U101266,P73594,4.1
U101267,P57588,3.3
U101268,P54446,4.5
U101268,P86720,2.9
U101269,P93450,5.0
U101270,P11826,3.0
U101270,P79504,3.6
U101272,P11629,4.6
U101272,P58177,3.6
U101273,P50279,3.7
U101274,P24890,3.8
U101274,P32472,3.9
U101275,P42286,4.2
U101276,P39120,3.5
U101276,P60610,3.4
U101277,P45497,3.7
U101280,P73942,3.3
U101280,P89810,4.8
U101281,P27743,3.1
U101283,P50239,3.6
U101284,P35040,4.0
U101284,P73882,4.5
U101288,P55962,3.5
U101288,P58339,4.0
U101288,P59695,3.5
U101289,P21997,4.4
U101289,P63645,4.7
U101290,P63631,4.0
U101290,P94562,4.4
U101292,P92200,4.2
U101293,P64791,3.1
U101295,P21598,4.3
U101295,P40602,3.9
U101297,P79660,3.1
U101298,P14043,3.7
U101298,P24798,4.4
U101299,P16075,3.8
U101300,P62772,4.0
U101300,P62911,3.7
U101303,P51635,3.5
U101303,P71312,4.4
U101304,P13731,4.4
U101306,P59686,4.2
U101307,P72969,3.8
U101310,P22420,4.0
U101311,P11485,3.3
U101311,P54232,4.7
U101312,P76465,3.4
U101312,P86848,4.3
U101314,P59194,4.2
U101315,P26750,4.5
U101316,P63791,3.1
U101316,P90258,3.2
U101316,P93323,4.5
U101316,P96371,4.0
U101316,P97132,3.4
U101317,P86485,4.0
U101318,P79095,2.9
U101320,P32209,3.8
U101320,P38400,4.0
U101320,P39156,4.1
U101321,P75708,4.1
U101321,P83234,4.4
U101322,P23055,4.6
U101323,P86562,3.7
U101324,P21875,4.6
U101325,P64438,4.0
U101325,P71886,3.9
U101327,P39127,4.4
U101327,P70560,4.4
U101327,P79580,4.1
U101327,P81747,4.2
U101327,P82087,3.9
U101328,P12778,4.2
U101328,P33026,3.9
U101328,P52758,3.4
U101329,P11689,4.7
U101329,P24159,3.7
U101329,P38042,3.5
U101329,P53143,3.3
U101329,P78711,4.0
U101331,P28881,3.8
U101332,P29032,3.4
U101332,P71690,4.6
U101332,P77647,4.8
U101334,P38751,3.6
U101335,P10764,3.9
U101335,P11931,3.4
U101335,P75403,3.9
U101337,P20457,4.6
U101337,P60523,4.4
U101338,P98157,4.8
U101339,P46632,4.2
U101339,P94736,3.3
U101342,P68310,4.9
U101344,P55959,3.8
U101345,P30852,4.3
U101346,P92881,3.8
U101348,P96518,3.9
U101349,P16406,4.0
U101349,P72827,3.5
U101351,P44122,4.6
U101352,P61154,4.6
U101352,P91576,3.0
U101353,P28609,3.9
U101353,P38109,3.6
U101354,P57000,3.7
U101354,P86565,4.6
U101356,P26966,3.9
U101357,P47871,3.6
U101359,P75470,3.4
U101359,P90509,4.3
U101360,P48891,3.6
U101361,P37234,3.7
U101361,P72446,4.9
U101362,P33477,4.4
U101362,P58534,4.7
U101363,P69421,3.6
U101364,P55292,4.4
U101365,P25611,4.3
U101370,P41749,3.7
U101373,P58931,4.1
U101374,P15666,4.4
U101374,P59156,3.7
U101375,P23974,2.9
U101375,P79950,3.8
U101376,P44858,4.2
U101376,P97720,3.5
U101377,P11929,4.2
U101377,P93831,4.1
U101379,P39595,4.4
U101379,P58339,5.0
U101380,P29331,3.3
U101380,P30954,3.7
U101380,P92525,3.9
U101382,P90420,3.0
U101383,P47526,4.1
U101384,P45314,4.3
U101384,P46997,3.6
U101384,P51080,4.7
U101384,P75381,3.6
U101386,P29014,4.4
U101386,P62027,3.5
U101387,P39174,3.7
U101388,P23270,4.2
U101388,P63194,3.6
U101390,P47907,4.3
U101391,P43049,3.2
U101391,P51264,4.1
U101392,P21147,4.7
U101392,P72629,4.9
U101395,P14294,3.6
U101396,P64720,4.0
U101398,P18887,3.4
U101400,P36827,3.5
U101400,P36954,4.6
U101400,P54542,3.9
U101400,P79555,3.9
U101402,P23566,3.7
U101403,P11964,3.8
U101403,P12679,4.9
U101404,P18598,4.2
U101404,P27694,4.1
U101404,P96338,3.8
U101406,P57365,3.5
U101406,P87448,3.7
U101406,P97623,3.7
U101407,P20080,4.1
U101407,P20288,3.7
U101407,P49628,4.5
U101408,P75327,3.7
U101410,P62540,3.6
U101411,P13346,4.3
U101413,P68342,3.9
U101414,P93587,4.5
U101417,P40713,3.1
U101417,P55405,3.4
U101419,P29481,3.4
U101419,P67945,4.0
U101421,P92434,4.8
U101422,P18962,3.0
U101423,P20439,4.3
U101423,P60136,3.7
U101424,P86613,4.0
U101424,P96107,3.4
U101425,P28556,3.5
U101426,P22936,4.4
U101428,P20869,3.6
U101430,P32180,2.9
U101430,P54498,4.6
U101431,P25738,3.3
U101431,P30384,4.0
U101431,P83682,4.2
U101432,P11353,3.5
U101432,P26463,3.9
U101439,P12704,4.4
U101439,P72708,4.2
U101441,P44622,3.4
U101442,P47908,4.3
U101442,P51004,3.6
U101442,P71010,4.1
U101445,P86765,4.3
U101447,P82585,4.4
U101448,P42079,3.8
U101449,P24337,4.4
U101450,P28567,4.3
U101452,P59428,3.9
U101453,P21066,4.5
U101454,P13873,3.2
U101455,P10042,3.2
U101455,P82936,3.8
U101456,P65500,4.0
U101456,P85776,3.7
U101457,P64493,3.7
U101457,P73979,4.1
U101458,P54307,4.5
U101461,P71479,3.1
U101462,P29397,4.2
U101463,P78191,3.7
U101464,P23999,4.5
U101467,P95019,2.7
U101468,P14904,3.6
U101469,P90268,2.8
U101470,P16021,4.2
U101471,P83084,4.0
U101472,P13658,4.3
U101472,P21710,4.0
U101472,P85665,3.1
U101473,P73356,3.5
U101473,P77936,3.7
U101474,P20686,3.5
U101474,P88006,4.0
U101475,P45383,4.4
U101477,P66432,4.1
U101477,P80035,4.1
U101478,P56065,3.7
U101478,P61286,4.5
U101479,P64626,4.6
U101479,P85587,3.9
U101481,P15403,4.0
U101481,P42478,3.6
U101481,P73531,3.3
U101481,P78814,3.9
U101482,P69456,2.8
U101483,P14243,3.5
U101485,P44877,4.4
U101485,P97690,3.8
U101489,P27060,4.0
U101489,P51919,3.9
U101490,P70235,3.5
U101491,P29895,4.0
U101493,P41705,3.5
U101494,P54390,4.2
U101497,P98953,3.6
U101498,P84969,3.9
U101498,P88076,3.1
U101499,P15250,4.3
U101499,P71432,3.1
U101500,P72218,3.3
U101503,P60757,4.5
U101504,P64893,3.2
U101505,P89791,3.2
U101505,P93043,4.3
U101507,P99934,3.5
U101509,P97617,3.3
U101510,P61890,3.6
U101513,P36104,4.0
U101515,P76854,3.5
U101520,P27087,3.3
U101521,P12618,3.9
U101521,P21846,3.8
U101522,P64702,4.5
U101523,P66954,4.1
U101523,P75351,4.4
U101524,P59796,3.3
U101524,P85438,4.3
U101525,P63921,4.1
U101526,P20870,4.3
U101526,P45221,2.7
U101528,P29016,3.3
U101528,P46766,3.3
U101530,P24838,3.3
U101532,P55428,4.0
U101534,P49353,3.4
U101534,P92318,4.5
U101537,P59230,3.4
U101537,P81351,2.9
U101538,P55529,3.4
U101539,P16058,3.9
U101539,P27667,3.8
U101539,P86442,2.4
U101541,P39764,3.7
U101541,P73296,3.7
U101542,P54849,4.1
U101544,P13413,3.7
U101545,P22464,3.6
U101545,P35404,4.1
U101546,P68208,5.0
U101547,P15091,5.0
U101548,P85388,4.2
U101548,P95509,4.3
U101549,P20565,3.4
U101549,P66459,3.2
U101549,P67306,4.4
U101550,P54006,4.4
U101550,P59712,3.4
U101550,P72860,3.7
U101553,P29365,4.0
U101553,P70538,3.4
U101553,P78816,3.6
U101553,P95778,4.8
U101554,P39040,3.9
U101554,P47864,2.6
U101554,P72156,4.8
U101555,P78599,4.9
U101556,P47315,3.7
U101557,P21649,5.0
U101557,P69499,3.9
U101557,P82063,3.1
U101560,P26043,3.5
U101561,P76347,4.4
U101562,P67274,4.7
U101563,P57959,4.4
U101565,P27338,4.4
U101565,P52967,2.9
U101566,P30348,4.3
U101566,P32410,4.0
U101568,P10473,3.0
U101568,P34210,5.0
U101570,P62861,4.3
U101571,P71833,4.8
U101573,P35639,3.4
U101573,P40239,3.5
U101573,P98011,3.8
U101574,P73411,4.0
U101577,P30004,4.0
U101580,P85004,4.5
U101580,P85625,3.5
U101581,P82236,3.0
U101582,P93221,3.7
U101585,P45815,5.0
U101585,P71501,3.2
U101586,P23023,3.4
U101587,P61652,3.8
U101589,P62683,3.5
U101589,P73187,4.4
U101590,P36848,3.9
U101592,P34512,4.3
U101593,P95840,4.1
U101594,P66576,3.9
U101594,P95495,3.4
U101601,P50809,4.0
U101602,P52569,4.4
U101603,P48865,3.7
U101603,P94552,3.3
U101607,P62177,4.0
U101609,P13426,3.5
U101611,P32651,3.6
U101611,P51545,4.0
U101613,P38329,4.6
U101613,P55430,3.4
U101615,P45060,3.3
U101615,P64863,3.9
U101616,P99929,4.7
U101620,P31569,3.4
U101621,P18231,4.4
U101621,P61572,4.5
U101622,P83378,2.9
U101623,P41203,3.2
U101623,P58617,4.4
U101625,P20932,3.9
U101625,P21492,4.4
U101629,P20253,4.1
U101634,P24405,5.0
U101635,P12485,4.0
U101635,P43212,2.8
U101635,P64078,2.9
U101635,P70452,4.6
U101636,P54371,3.2
U101636,P91017,3.2
U101637,P15213,3.3
U101637,P61809,3.7
U101638,P67330,4.0
U101643,P11205,4.4
U101644,P61824,4.3
U101644,P86146,4.2
U101645,P24245,3.7
U101647,P39169,4.0
U101647,P89122,4.4
U101648,P21164,4.0
U101648,P54349,4.5
U101649,P30517,3.8
U101649,P60410,3.8
U101650,P68391,4.2
U101651,P84692,3.8
U101653,P61033,4.1
U101653,P73994,4.0
U101653,P77213,4.1
U101654,P17923,4.7
U101655,P85564,4.3
U101656,P78770,3.5
U101658,P16237,4.5
U101659,P55816,4.0
U101659,P56434,4.8
U101660,P18226,4.5
U101660,P46228,4.2
U101662,P84428,3.9
U101663,P62590,3.6
U101664,P95733,4.3
U101665,P27376,5.0
U101665,P63296,4.1
U101666,P32581,3.7
U101668,P18877,4.4
U101668,P44811,3.7
U101669,P87528,3.8
U101669,P93277,4.5
U101670,P68693,4.0
U101671,P20618,3.7
U101672,P24230,3.9
U101672,P24558,4.0
U101672,P64955,4.0
U101678,P80050,3.4
U101681,P23857,4.0
U101682,P19476,4.3
U101682,P24675,4.6
U101683,P20886,4.2
U101684,P18153,4.2
U101685,P34023,4.3
U101686,P40449,4.2
U101686,P92842,3.6
U101687,P38509,3.6
U101687,P87289,3.9
U101688,P24520,4.0
U101688,P87659,4.1
U101690,P46890,3.2
U101691,P50414,3.6
U101691,P72353,4.0
U101691,P73637,4.1
U101691,P79219,3.8
U101692,P53212,4.5
U101693,P25385,3.5
U101694,P94201,3.5
U101696,P77297,4.4
U101696,P79260,4.5
U101697,P21904,3.7
U101697,P43321,3.3
U101700,P60135,3.6
U101701,P79903,3.9
U101702,P12632,3.5
U101703,P42503,4.0
U101705,P60283,4.8
U101706,P63636,3.4
U101706,P69154,3.1
U101706,P72938,4.0
U101707,P16690,4.2
U101707,P52011,3.7
U101707,P80608,3.7
U101708,P38620,3.6
U101708,P55091,4.2
U101708,P65999,4.2
U101709,P71400,4.3
U101709,P94578,3.3
U101710,P68829,3.4
U101712,P72115,3.7
U101712,P79089,3.1
U101715,P55908,3.6
U101715,P75136,3.7
U101716,P66793,3.5
U101717,P13195,4.3
U101718,P14733,3.7
U101721,P15735,3.9
U101721,P36327,3.7
U101721,P61770,3.7
U101722,P91018,3.8
U101723,P74450,4.9
U101724,P16033,3.9
U101725,P88699,3.9
U101725,P98108,3.5
U101725,P98264,4.3
U101726,P70631,3.9
U101727,P11813,3.1
U101727,P43334,3.9
U101727,P47158,4.7
U101727,P70215,4.3
U101728,P67206,4.7
U101729,P21413,3.3
U101729,P49265,4.2
U101730,P42765,4.0
U101730,P88623,3.6
U101731,P39092,3.1
U101731,P51933,3.4
U101732,P69971,3.7
U101732,P95536,4.2
U101733,P93918,3.8
U101734,P15966,4.9
U101735,P51980,3.6
U101735,P65635,4.7
U101735,P83298,3.1
U101735,P86128,3.4
U101736,P58405,4.3
U101738,P10326,4.6
U101741,P66342,3.0
U101742,P43055,5.0
U101742,P54403,3.9
U101743,P74783,3.9
U101744,P44652,3.5
U101744,P61821,3.8
U101748,P58743,3.0
U101748,P72676,2.9
U101748,P89828,4.3
U101749,P83317,3.9
U101750,P62956,4.4
U101750,P83627,4.1
U101751,P54619,3.2
U101753,P18674,4.0
U101753,P98420,4.3
U101754,P73887,3.5
U101755,P45443,4.3
U101756,P36806,4.0
U101756,P82068,4.7
U101756,P91222,4.2
U101759,P23529,3.6
U101761,P14225,4.0
U101761,P32454,3.3
U101761,P49169,3.4
U101761,P82810,3.8
U101762,P47250,4.0
U101765,P47433,3.8
U101765,P89801,3.3
U101767,P58048,4.7
U101767,P88641,3.5
U101768,P50115,4.2
U101769,P97078,3.8
U101770,P38870,4.1
U101770,P52587,4.1
U101771,P51430,3.5
U101772,P85227,3.4
U101772,P98562,4.0
U101776,P17254,3.9
U101776,P56507,4.1
U101777,P18248,4.3
U101777,P85816,4.3
U101777,P98739,4.0
U101778,P31210,3.1
U101778,P87476,4.0
U101778,P93787,3.5
U101780,P29560,2.8
U101780,P84597,4.0
U101780,P92871,3.8
U101781,P13491,3.8
U101781,P25676,4.4
U101782,P37789,3.3
U101788,P41817,4.0
U101788,P49928,3.5
U101788,P97472,4.9
U101789,P62469,3.7
U101789,P86502,4.4
U101791,P86068,3.8
U101793,P83566,4.3
U101793,P96939,4.4
U101794,P40572,3.2
U101794,P47261,3.9
U101794,P82939,3.7
U101796,P51757,3.0
U101796,P71849,3.5
U101796,P80983,3.9
U101796,P92461,4.3
U101797,P54101,4.3
U101799,P13817,3.6
U101799,P55444,4.1
U101800,P80584,4.1
U101801,P78797,4.3
U101801,P93399,3.7
U101802,P89438,3.9
U101803,P10727,4.0
U101804,P17424,4.1
U101804,P49963,4.4
U101806,P88995,5.0
U101808,P22211,3.4
U101810,P37501,4.1
U101813,P50753,3.4
U101813,P71702,4.9
U101813,P76856,2.5
U101813,P84849,3.8
U101814,P48027,3.8
U101814,P67687,4.5
U101815,P25696,4.5
U101816,P12400,2.8
U101816,P32885,5.0
U101818,P38325,4.7
U101818,P71801,4.2
U101819,P40974,4.9
U101820,P77589,3.4
U101822,P17869,3.8
U101823,P29045,3.6
U101823,P66313,4.6
U101826,P88529,2.9
U101827,P87087,4.7
U101827,P89367,3.4
U101828,P15615,3.5
U101828,P27844,4.3
U101828,P68693,2.8
U101828,P69731,3.8
U101828,P86250,4.3
U101829,P59751,4.5
U101830,P81453,3.4
U101831,P77554,3.9
U101831,P81947,3.9
U101832,P88244,3.6
U101837,P74859,3.6
U101838,P42044,3.6
U101838,P67038,3.6
U101842,P82359,4.1
U101843,P62812,3.3
U101844,P14897,4.1
U101844,P21224,3.7
U101845,P33413,4.0
U101846,P10993,4.2
U101847,P95501,5.0
U101850,P38164,4.4
U101850,P95266,4.9
U101854,P32058,4.1
U101854,P53265,4.2
U101855,P78252,4.8
U101856,P18577,3.1
U101856,P35208,4.1
U101856,P58021,3.9
U101858,P80304,4.5
U101859,P14183,4.1
U101859,P85023,3.1
U101862,P71467,4.2
U101863,P17982,3.2
U101865,P40592,4.1
U101865,P75906,4.4
U101865,P91743,3.1
U101866,P92922,4.0
U101867,P96307,5.0
U101868,P11613,3.5
U101868,P42490,5.0
U101868,P70037,3.2
U101870,P16662,4.1
U101870,P42510,4.4
U101870,P56057,3.8
U101870,P83112,4.4
U101872,P13881,3.8
U101872,P60348,4.3
U101875,P46005,4.5
U101875,P56567,3.9
U101876,P28339,3.5
U101877,P11329,3.5
U101878,P68968,3.4
U101879,P15888,4.4
U101880,P17878,3.5
U101881,P21631,3.8
U101884,P25466,3.7
U101884,P61153,3.5
U101884,P93514,4.4
U101884,P94486,3.4
U101885,P11340,3.8
U101885,P42671,4.7
U101886,P20697,4.6
U101887,P77648,2.7
U101888,P40961,3.7
U101889,P48359,3.9
U101890,P21611,4.8
U101890,P74973,3.5
U101895,P20024,3.8
U101896,P20838,3.9
U101896,P93570,4.2
U101897,P12905,4.0
U101898,P18912,3.6
U101898,P24128,2.7
U101898,P63199,3.5
U101899,P21428,3.6
U101899,P29073,2.9
U101900,P29625,3.4
U101902,P96763,3.2
U101903,P97277,4.3
U101906,P40751,4.6
U101907,P16858,3.7
U101907,P89392,3.8
U101909,P87514,4.0
U101910,P87579,4.5
U101911,P60824,3.6
U101913,P44723,4.0
U101913,P71918,3.6
U101914,P15961,3.5
U101914,P44792,3.6
U101914,P66940,3.5
U101914,P73648,3.6
U101914,P93113,3.6
U101914,P98121,3.2
U101917,P24321,3.4
U101917,P45891,4.3
U101918,P45656,3.4
U101918,P59497,3.0
U101919,P78131,3.6
U101923,P46202,4.9
U101924,P58007,4.1
U101925,P83075,4.0
U101925,P84196,3.2
U101926,P34306,4.0
U101926,P44821,4.6
U101926,P64541,4.1
U101927,P62111,3.7
U101927,P91604,4.6
U101930,P32390,3.5
U101930,P67588,3.4
U101931,P46136,2.6
U101931,P47182,4.0
U101931,P66824,4.3
U101931,P87215,4.1
U101932,P25341,3.1
U101932,P32953,3.9
U101933,P14743,4.1
U101933,P26126,4.1
U101933,P28672,3.8
U101933,P97754,4.1
U101934,P70797,4.0
U101935,P57627,3.4
U101935,P78014,4.5
U101936,P14639,3.6
U101936,P60754,3.9
U101937,P16025,3.8
U101937,P27914,3.3
U101937,P49892,3.9
U101939,P88696,3.8
U101940,P38862,4.0
U101940,P60685,3.3
U101941,P33430,3.9
U101944,P59392,2.9
U101944,P73931,3.5
U101944,P88206,3.6
U101944,P92066,2.7
U101946,P69359,3.2
U101947,P26041,4.3
U101947,P36483,4.1
U101947,P57042,4.8
U101948,P57906,3.9
U101948,P73359,4.2
U101949,P27687,4.5
U101950,P29950,3.7
U101952,P82925,4.2
U101953,P20036,3.6
U101953,P57235,4.9
U101954,P27216,3.9
U101955,P78004,3.9
U101956,P22227,3.7
U101956,P43432,3.5
U101957,P47087,4.3
U101958,P14594,3.3
U101961,P45657,3.8
U101961,P60465,2.2
U101961,P93180,3.4
U101961,P97117,3.8
U101962,P99646,3.1
U101963,P99002,4.2
U101965,P10305,3.5
U101966,P55334,3.1
U101967,P71896,4.3
U101967,P96648,4.9
U101969,P21360,4.6
U101970,P10320,3.0
U101970,P67309,3.4
U101971,P21769,3.8
U101972,P48860,3.8
U101974,P39283,2.5
U101975,P13719,3.9
U101975,P37838,4.3
U101977,P92013,4.9
U101978,P32469,3.9
U101980,P41509,4.6
U101980,P59149,4.0
U101981,P14375,4.0
U101983,P41162,4.8
U101984,P21466,4.0
U101984,P23032,3.4
U101988,P52105,3.6
U101988,P75062,3.5
U101989,P14242,3.9
U101991,P82950,3.4
U101992,P28247,3.3
U101995,P15578,4.0
U101998,P88357,3.3
U101999,P78085,3.5
U102002,P13771,4.0
U102002,P43382,4.0
U102002,P58074,4.1
U102003,P92810,3.5
U102004,P27089,3.7
U102004,P59187,2.9
U102004,P61681,4.2
U102005,P84624,3.5
U102005,P94092,3.7
U102007,P86674,4.5
U102008,P80023,3.8
U102009,P99331,3.1
U102011,P17597,3.7
U102011,P22379,4.2
U102011,P95676,3.5
U102012,P39409,3.6
U102012,P64858,3.5
U102013,P17865,3.3
U102013,P25480,3.9
U102013,P50124,3.3
U102014,P47438,3.9
U102014,P55888,4.7
U102015,P32772,4.6
U102016,P79919,4.1
U102017,P79423,4.0
U102017,P81523,4.4
U102018,P58713,4.1
U102020,P87950,3.0
U102021,P47583,4.9
U102021,P98594,4.1
U102022,P20168,3.0
U102022,P82992,3.7
U102023,P87436,3.4
U102024,P34134,3.8
U102024,P76075,3.4
U102025,P67719,4.4
U102026,P53932,4.2
U102026,P75918,3.1
U102028,P94667,3.4
U102029,P39823,4.3
U102029,P97113,4.8
U102030,P25597,4.2
U102030,P38463,4.6
U102031,P25217,3.2
U102031,P66934,2.9
U102032,P61030,3.7
U102032,P95082,3.8
U102033,P58200,4.4
U102036,P38455,4.2
U102036,P43239,4.0
U102036,P97619,4.0
U102037,P17927,4.0
U102037,P78260,3.5
U102038,P28375,4.6
U102039,P83999,3.6
U102042,P91552,3.2
U102043,P15455,3.1
U102044,P59172,4.3
U102045,P84382,4.2
U102046,P16253,4.7
U102046,P45765,4.1
U102046,P90794,3.6
U102047,P13595,3.6
U102047,P65025,3.6
U102047,P88138,4.1
U102048,P21304,4.1
U102048,P65693,4.9
U102050,P82467,4.9
U102051,P77486,4.4
U102051,P83182,4.7
U102052,P61025,3.4
U102052,P69472,3.2
U102054,P27097,3.8
U102054,P40593,3.7
U102054,P78064,3.8
U102056,P62069,3.6
U102057,P13227,4.4
U102058,P80257,4.2
U102059,P45359,4.2
U102059,P58631,4.7
U102061,P31848,3.9
U102062,P32984,3.9
U102062,P47411,4.0
U102062,P99059,3.5
U102063,P21466,4.2
U102064,P98013,4.3
U102065,P27203,2.9
U102065,P59045,4.4
U102066,P95779,3.0
U102067,P65579,4.1
U102068,P77819,4.1
U102069,P22900,3.9
U102069,P99315,5.0
U102071,P65300,4.8
U102073,P91803,4.4
U102076,P44593,3.5
U102076,P55374,4.1
U102077,P55248,3.5
U102079,P14155,3.1
U102080,P31503,3.4
U102080,P83181,4.4
U102081,P36510,3.1
U102081,P39185,3.9
U102081,P76343,3.7
U102082,P28223,4.2
U102084,P89129,3.9
U102085,P88978,4.1
U102086,P51153,4.3
U102087,P21087,4.4
U102087,P31304,4.2
U102089,P96618,3.8
U102090,P41224,4.2
U102093,P34743,3.2
U102093,P77932,4.2
U102094,P66469,3.7
U102097,P29133,4.4
U102099,P62503,3.9
U102101,P11781,3.1
U102101,P55478,3.7
U102103,P35421,3.6
U102103,P67023,4.2
U102104,P56549,3.5
U102105,P30168,4.5
U102105,P48416,3.3
U102105,P67799,4.4
U102107,P89737,3.6
U102108,P34490,4.5
U102110,P96865,4.3
U102112,P37307,3.6
U102113,P50837,3.6
U102114,P55433,4.0
U102115,P48944,4.5
U102117,P44924,2.9
U102119,P26848,3.6
U102119,P57629,4.4
U102120,P11023,3.0
U102120,P93254,4.4
U102120,P94718,3.6
U102122,P16671,3.9
U102122,P58096,3.6
U102122,P64187,4.5
U102122,P77515,3.5
U102125,P11041,3.3
U102125,P58693,4.8
U102126,P53824,4.2
U102127,P88695,3.2
U102128,P78948,3.9
U102129,P73922,3.7
U102132,P13201,3.2
U102132,P15411,4.0
U102132,P73578,4.8
U102132,P81116,4.4
U102133,P45947,3.2
U102134,P59759,4.1
U102136,P74627,4.3
U102137,P77347,3.4
U102138,P19362,3.9
U102139,P54958,4.6
U102141,P35926,3.7
U102142,P41577,4.1
U102143,P15321,3.7
U102143,P52129,4.0
U102144,P28984,4.4
U102145,P61483,3.9
U102146,P88818,3.3
U102147,P18440,4.7
U102148,P20763,3.9
U102148,P43251,3.3
U102148,P93128,3.3
U102149,P84903,3.9
U102150,P42574,4.1
U102150,P92010,3.9
U102152,P27280,4.3
U102152,P63379,4.2
U102155,P14796,4.7
U102156,P25154,3.7
U102156,P26090,4.3
U102157,P46880,3.5
U102157,P69496,4.0
U102157,P70485,4.8
U102158,P47623,4.2
U102159,P18084,3.2
U102159,P19430,3.8
U102159,P35771,2.8
U102161,P18164,3.8
U102161,P39555,2.9
U102162,P26902,4.0
U102162,P39193,3.5
U102163,P35918,4.4
U102164,P67511,3.9
U102164,P81599,4.5
U102164,P85468,4.0
U102167,P26474,5.0
U102167,P71831,4.2
U102167,P96588,5.0
U102170,P38195,2.8
U102172,P36648,4.7
U102172,P97055,4.2
U102174,P10088,4.5
U102174,P54350,4.7
U102174,P86793,3.6
U102175,P82917,4.0
U102177,P89004,3.5
U102178,P42938,4.4
U102178,P58145,4.4
U102180,P62998,2.4
U102181,P10600,2.9
U102181,P30709,4.0
U102183,P57827,4.2
U102183,P93995,4.4
U102186,P47748,3.3
U102187,P85933,4.1
U102188,P95456,4.3
U102189,P60658,4.4
U102189,P89721,4.1
U102190,P98486,3.8
U102191,P36894,3.4
U102192,P62045,4.2
U102193,P86705,4.9
U102194,P12663,4.4
U102195,P62828,4.6
U102196,P30725,4.4
U102199,P43711,3.8
U102199,P51394,4.0
U102199,P59549,4.1
U102200,P93416,4.5
U102202,P98284,3.8
U102203,P73647,3.4
U102203,P83233,3.9
U102204,P24304,4.1
U102207,P25426,4.4
U102207,P61256,4.3
U102209,P66193,4.3
U102211,P56537,5.0
U102212,P26763,4.5
U102213,P43122,3.4
U102215,P37310,3.7
U102216,P15797,3.4
U102217,P69206,3.5
U102217,P76567,4.0
U102220,P62853,4.2
U102221,P55000,3.4
U102223,P15506,4.1
U102223,P80835,4.4
U102224,P43427,3.6
U102225,P67214,4.5
U102226,P96627,4.0
U102227,P55271,4.1
U102227,P65246,4.3
U102229,P51229,2.7
U102229,P66884,3.1
U102229,P89712,4.5
U102231,P28503,4.6
U102231,P88874,4.3
U102232,P54311,3.7
U102234,P80508,3.1
U102236,P77890,4.1
U102237,P20186,4.6
U102237,P37714,4.2
U102237,P52951,4.3
U102237,P58724,3.8
U102238,P87736,4.0
U102239,P54340,3.8
U102239,P94759,4.4
U102241,P21051,3.2
U102242,P33339,5.0
U102242,P53107,3.7
U102243,P33826,3.3
U102243,P38936,4.0
U102243,P70782,4.3
U102245,P96076,4.2
U102246,P82929,3.3
U102248,P98219,3.8
U102250,P27836,3.9
U102252,P75671,3.3
U102255,P47930,4.0
U102255,P81990,3.9
U102256,P63498,3.9
U102257,P18785,4.0
U102258,P54343,3.3
U102258,P56833,4.2
U102259,P11940,3.7
U102260,P33792,3.6
U102260,P98959,4.3
U102261,P82023,3.6
U102262,P24916,3.7
U102262,P55727,5.0
U102263,P14643,3.7
U102263,P94289,4.1
U102264,P62749,5.0
U102265,P54230,3.8
U102266,P45394,3.6
U102267,P83044,4.9
U102267,P96240,4.6
U102268,P64993,3.6
U102269,P71260,4.5
U102269,P88634,4.4
U102272,P71925,2.9
U102274,P65371,4.3
U102274,P66837,3.9
U102275,P11486,4.4
U102276,P30576,4.5
U102276,P89891,4.0
U102276,P91677,3.8
U102277,P24870,3.6
U102277,P48158,3.5
U102277,P90417,4.9
U102278,P41877,4.0
U102278,P48094,3.1
U102278,P49812,3.6
U102278,P65416,4.0
U102279,P78862,4.3
U102281,P85961,3.9
U102282,P13312,3.8
U102282,P60646,4.2
U102285,P22934,3.5
U102285,P69846,3.3
U102286,P48703,3.7
U102286,P73685,3.3
U102286,P92004,4.1
U102288,P16582,4.8
U102288,P41811,3.9
U102289,P54009,3.8
U102289,P58721,4.3
U102289,P68020,4.4
U102293,P50954,2.7
U102293,P92241,3.9
U102295,P55933,3.9
U102296,P14916,4.8
U102297,P14160,4.2
U102297,P77007,4.4
U102297,P99338,4.5
U102298,P23966,3.0
U102299,P12191,3.8
U102301,P26545,4.2
U102302,P31651,4.0
U102304,P10543,3.9
U102304,P48897,4.1
U102304,P93930,4.1
U102305,P35309,3.8
U102306,P79686,3.7
U102307,P33622,3.4
U102307,P80895,3.4
U102308,P43239,4.1
U102309,P15014,3.6
U102309,P59925,3.6
U102309,P91459,3.3
U102310,P46736,3.1
U102310,P53368,3.8
U102310,P60846,3.1
U102310,P69845,4.7
U102311,P75497,4.0
U102312,P51271,4.7
U102313,P81641,4.4
U102316,P43299,3.3
U102316,P44214,3.7
U102316,P52385,4.6
U102316,P60221,3.8
U102316,P82101,3.8
U102317,P28490,3.5
U102317,P71049,3.3
U102317,P74050,4.2
U102318,P55104,3.9
U102320,P14209,3.9
U102321,P40466,4.1
U102322,P39436,3.9
U102322,P92452,4.1
U102323,P13165,4.3
U102323,P31157,3.7
U102323,P76817,4.8
U102326,P77855,3.1
U102329,P72649,3.4
U102329,P80118,4.2
U102329,P98619,4.1
U102330,P19415,3.3
U102332,P28110,3.5
U102332,P43799,3.9
U102333,P27643,4.2
U102334,P50289,4.4
U102335,P39899,3.3
U102335,P40272,3.8
U102338,P66321,3.6
U102339,P30764,4.2
U102339,P55151,3.7
U102341,P17409,4.4
U102341,P75941,4.6
U102342,P92729,3.7
U102344,P16982,4.2
U102345,P16448,3.3
U102345,P17666,4.3
U102345,P69566,4.3
U102346,P20598,3.3
U102346,P81834,3.7
U102347,P57376,3.7
U102348,P42216,3.9
U102350,P61217,4.0
U102350,P76400,4.1
U102351,P84317,3.4
U102352,P13491,4.7
U102353,P48771,3.9
U102353,P83417,4.1
U102354,P17562,3.2
U102354,P25684,3.9
U102354,P74431,3.4
U102354,P97754,3.8
U102355,P44626,4.0
U102356,P14182,4.3
U102356,P16682,4.1
U102356,P67982,4.0
U102356,P75154,5.0
U102357,P12919,3.0
U102357,P24989,4.3
U102358,P15514,4.1
U102358,P52413,4.0
U102359,P12170,4.9
U102359,P66362,4.6
U102360,P27866,3.0
U102360,P37303,4.6
U102360,P83700,3.3
U102361,P38123,4.4
U102363,P60433,4.2
U102364,P74035,3.8
U102365,P84491,4.0
U102367,P75611,4.7
U102367,P81808,3.6
U102370,P43240,3.1
U102371,P51155,4.1
U102371,P83094,4.8
U102371,P89151,3.9
U102372,P94090,4.7
U102373,P23074,4.2
U102373,P28261,4.0
U102373,P64949,4.8
U102373,P70841,4.6
U102373,P84203,4.0
U102373,P87550,4.3
U102374,P94840,3.1
U102375,P45226,3.4
U102375,P47255,4.7
U102375,P61095,3.3
U102375,P77586,4.8
U102377,P74839,3.4
U102380,P48849,3.9
U102382,P28619,3.8
U102384,P71613,4.1
U102386,P39954,3.8
U102386,P42695,4.5
U102386,P84069,4.4
U102386,P96297,3.8
U102387,P16382,3.6
U102387,P61938,4.7
U102389,P26399,4.4
U102389,P27518,4.0
U102390,P63867,4.9
U102390,P91845,4.1
U102391,P25957,3.5
U102391,P29092,4.3
U102391,P78545,3.5
U102392,P82607,3.8
U102393,P12430,3.5
U102393,P79247,4.6
U102393,P94119,4.3
U102394,P92944,3.8
U102396,P42474,2.9
U102398,P78502,4.1
U102400,P22903,3.6
U102400,P82142,4.1
U102401,P18142,4.5
U102403,P61313,3.9
U102406,P77993,3.5
U102407,P60180,4.0
U102409,P58240,3.7
U102410,P34862,4.3
U102410,P90882,3.4
U102411,P92926,4.2
U102412,P85648,3.5
U102412,P86647,3.6
U102413,P39142,4.2
U102413,P42985,4.7
U102413,P90012,4.7
U102414,P57945,3.1
U102415,P48759,4.1
U102415,P50418,4.1
U102416,P80924,3.3
U102418,P28403,3.4
U102418,P45083,3.6
U102419,P19900,4.1
U102419,P99002,4.2
U102421,P38074,3.9
U102422,P24208,3.5
U102422,P43709,4.2
U102424,P20198,4.1
U102424,P45436,4.0
U102424,P51123,3.4
U102425,P49823,2.8
U102426,P93642,3.5
U102428,P64976,4.5
U102431,P41892,4.0
U102432,P20401,4.0
U102432,P27470,4.1
U102434,P11410,3.6
U102435,P94696,3.3
U102435,P95240,3.6
U102437,P36955,3.2
U102437,P92176,4.3
U102438,P68297,3.5
U102439,P71742,4.8
U102439,P79025,4.0
U102440,P64333,4.9
U102440,P97568,4.7
U102441,P77506,4.3
U102444,P90421,4.3
U102448,P63397,4.2
U102448,P84201,4.4
U102449,P54515,3.6
U102450,P44817,4.0
U102450,P54432,4.8
U102451,P15058,4.1
U102452,P96229,4.3
U102454,P42003,4.8
U102454,P95975,4.5
U102455,P52511,4.3
U102455,P81853,3.8
U102456,P25754,3.8
U102456,P63841,3.3
U102458,P17268,3.9
U102460,P16002,4.2
U102460,P71576,3.6
U102461,P41859,4.6
U102461,P45272,3.3
U102462,P13562,5.0
U102462,P16452,3.9
U102465,P92580,3.2
U102467,P10335,3.3
U102469,P82440,4.4
U102471,P37916,4.1
U102471,P99260,4.7
U102474,P27380,4.0
U102474,P59683,3.2
U102475,P41872,4.3
U102475,P48261,4.0
U102476,P34671,4.2
U102476,P54365,4.0
U102477,P10254,4.7
U102479,P49635,3.1
U102482,P28750,3.3
U102482,P83700,3.9
U102482,P98172,4.4
U102483,P67780,3.8
U102484,P31584,3.9
U102485,P24827,3.3
U102485,P33862,2.9
U102485,P70000,4.1
U102486,P98305,3.3
U102487,P12444,4.1
U102487,P98250,3.9
U102488,P13854,4.0
U102489,P28878,3.4
U102489,P35051,4.1
U102490,P10096,3.5
U102490,P49847,3.5
U102491,P25484,4.2
U102491,P64338,4.0
U102492,P51872,4.3
U102496,P35009,4.5
U102496,P40475,3.2
U102498,P46980,3.2
U102498,P48650,3.4
U102500,P16981,4.6
U102500,P94546,3.7
U102501,P44625,4.2
U102501,P76960,2.9
U102502,P43474,3.5
U102503,P57940,4.0
U102503,P86597,4.5
U102506,P53923,4.3
U102507,P18223,3.9
U102509,P52343,3.7
U102510,P88381,4.7
U102511,P61364,3.3
U102512,P93248,4.8
U102514,P99352,4.8
U102516,P27043,3.1
U102517,P99759,4.4
U102519,P18199,2.9
U102519,P24717,4.0
U102519,P62690,3.5
U102519,P77355,3.8
U102520,P54101,3.5
U102521,P67083,4.1
U102522,P36283,4.7
U102522,P68790,4.1
U102522,P98713,4.0
U102523,P68250,3.3
U102523,P81628,3.3
U102524,P14815,3.7
U102524,P91183,3.3
U102525,P71548,2.8
U102526,P20840,4.4
U102527,P41796,4.7
U102528,P40153,4.1
U102528,P62510,4.3
U102528,P98574,3.0
U102529,P72890,3.7
U102529,P90422,3.8
U102531,P50394,4.5
U102532,P48466,4.3
U102533,P52131,3.7
U102535,P33320,3.2
U102536,P70213,3.4
U102536,P72817,4.3
U102538,P88232,4.0
U102539,P69489,4.4
U102540,P37547,3.9
U102540,P59355,3.7
U102541,P12061,4.6
U102541,P34540,3.9
U102542,P35737,3.2
U102542,P48549,5.0
U102543,P11478,3.6
U102543,P35819,4.1
U102543,P67119,3.9
U102543,P90566,3.8
U102544,P23017,3.6
U102545,P90406,5.0
U102546,P50687,4.5
U102546,P54369,4.1
U102548,P63422,4.3
U102549,P68609,4.2
U102551,P82161,4.2
U102552,P82484,3.5
U102553,P59926,3.4
U102554,P50523,3.5
U102554,P69176,3.7
U102555,P92278,3.2
U102556,P49678,4.4
U102557,P17902,4.5
U102557,P34351,4.6
U102558,P69309,4.1
U102558,P97735,4.1
U102559,P46483,3.9
U102559,P59869,3.6
U102559,P85260,4.5
U102560,P48321,3.3
U102561,P57686,3.0
U102561,P64860,4.5
U102563,P77467,4.0
U102563,P79879,3.7
U102564,P28422,3.3
U102564,P34543,3.9
U102564,P56876,3.5
U102564,P97417,4.0
U102566,P15064,4.6
U102566,P29865,3.8
U102566,P97512,4.3
U102567,P45697,3.4
U102567,P61758,4.2
U102568,P36129,3.6
U102568,P45108,4.1
U102568,P83300,4.2
U102570,P29800,4.5
U102571,P18555,3.9
U102571,P58527,3.5
U102571,P78224,3.4
U102572,P25161,4.2
U102573,P73057,4.2
U102574,P57522,4.4
U102575,P20513,3.7
U102575,P89171,3.8
U102575,P91548,4.0
U102576,P96457,4.2
U102577,P81928,2.9
U102578,P16141,3.6
U102579,P21420,3.8
U102579,P60983,3.9
U102579,P92521,3.9
U102580,P73460,3.9
U102580,P92395,3.9
U102581,P68514,3.5
U102582,P13865,4.3
U102582,P55862,5.0
U102583,P75074,4.9
U102584,P70346,3.4
U102584,P87872,3.8
U102585,P40112,5.0
U102586,P42021,4.2
U102587,P46896,4.0
U102587,P93573,2.5
U102588,P74582,5.0
U102592,P76054,3.9
U102593,P67512,3.5
U102594,P62014,3.6
U102595,P18171,4.1
U102595,P67315,3.8
U102595,P96895,4.1
U102596,P76038,4.5
U102597,P53973,4.8
U102597,P78134,3.3
U102597,P90154,4.0
U102599,P72978,4.3
U102599,P74654,3.5
U102599,P91228,3.8
U102600,P40677,4.6
U102600,P65350,5.0
U102600,P72826,2.9
U102600,P85806,3.9
U102600,P96855,3.3
U102601,P23234,4.6
U102601,P23691,3.6
U102601,P33390,3.9
U102603,P40887,3.8
U102603,P56322,3.7
U102603,P93382,4.5
U102604,P21457,3.5
U102604,P86444,3.8
U102605,P24521,3.3
U102605,P42544,4.5
U102605,P74682,3.6
U102606,P90751,3.1
U102606,P91218,3.4
U102607,P30488,3.4
U102607,P61643,4.1
U102607,P66505,3.9
U102607,P69600,3.4
U102608,P41821,3.9
U102608,P59618,3.9
U102608,P75698,4.0
U102608,P94921,4.5
U102611,P50664,3.3
U102613,P38811,4.6
U102613,P50404,4.4
U102614,P22717,3.6
U102614,P94942,3.4
U102615,P34630,4.1
U102616,P91387,4.5
U102621,P44398,3.4
U102621,P65363,4.1
U102622,P62209,4.2
U102623,P21488,4.1
U102623,P86911,3.5
U102626,P94911,4.3
U102627,P50620,4.0
U102628,P82792,4.1
U102629,P43045,5.0
U102631,P65556,3.7
U102632,P15196,5.0
U102632,P37814,4.4
U102636,P45414,3.6
U102636,P92010,3.6
U102638,P96626,4.0
U102639,P48549,3.7
U102639,P85934,4.2
U102640,P31092,3.2
U102640,P31781,3.8
U102640,P89008,3.9
U102641,P46470,4.5
U102644,P61194,3.7
U102645,P89535,3.9
U102647,P15821,4.1
U102647,P60990,3.3
U102648,P20730,2.9
U102649,P51337,5.0
U102651,P35793,3.5
U102656,P74136,4.5
U102658,P20948,2.9
U102658,P85544,4.6
U102659,P26895,3.7
U102659,P37166,3.5
U102659,P41644,3.5
U102660,P75820,4.7
U102660,P88874,3.1
U102660,P97678,4.3
U102661,P26894,4.2
U102661,P50984,4.4
U102661,P54716,4.4
U102662,P86819,3.8
U102663,P28001,3.6
U102663,P48588,3.1
U102664,P71266,4.5
U102665,P36123,4.4
U102665,P60178,3.7
U102666,P74778,3.4
U102668,P31093,3.7
U102669,P11433,4.2
U102671,P48574,3.7
U102672,P34474,3.1
U102672,P49748,3.8
U102673,P93446,4.7
U102674,P30938,4.0
U102674,P59851,4.5
U102675,P21662,4.4
U102675,P83665,3.2
U102676,P17452,3.5
U102679,P93904,4.0
U102680,P14010,3.7
U102680,P52695,3.5
U102682,P39648,3.8
U102683,P14851,3.4
U102683,P28434,3.9
U102684,P79858,3.3
U102685,P70857,3.8
U102685,P83488,4.0
U102689,P23151,4.5
U102689,P38032,3.4
U102689,P41034,4.4
U102690,P67136,4.2
U102691,P94800,3.1
U102692,P12442,4.4
U102692,P86854,3.5
U102693,P25367,3.9
U102693,P33297,3.0
U102693,P36271,4.3
U102693,P66340,4.4
U102693,P98650,3.4
U102694,P67633,3.7
U102698,P25366,3.9
U102698,P53662,3.2
U102698,P99976,3.2
U102699,P17521,3.5
U102699,P87598,3.6
U102701,P85377,3.4
U102702,P29801,5.0
U102702,P88972,2.5
U102703,P50255,3.4
U102703,P87976,4.1
U102704,P35061,3.2
U102705,P59653,4.5
U102708,P62693,3.9
U102708,P82511,3.9
U102709,P81247,3.7
U102710,P26756,3.3
U102710,P41557,4.6
U102711,P34297,3.1
U102712,P23809,4.2
U102713,P39399,3.5
U102715,P39302,4.4
U102716,P58917,4.1
U102716,P92619,3.9
U102717,P89373,3.3
U102719,P11876,3.8
U102719,P18521,3.2
U102719,P68323,4.6
U102722,P96268,3.6
U102723,P39572,3.7
U102723,P80030,3.4
U102726,P85494,3.5
U102727,P89792,4.8
U102731,P59793,4.0
U102732,P69286,3.1
U102733,P24846,4.0
U102733,P28405,4.2
U102733,P53059,3.6
U102736,P98050,3.2
U102737,P36721,4.1
U102738,P29297,4.9
U102738,P36487,4.2
U102738,P85875,3.7
U102739,P58242,4.2
U102740,P21762,3.5
U102740,P71167,5.0
U102741,P10238,3.4
U102741,P96796,4.2
U102742,P35283,4.1
U102742,P37787,3.1
U102743,P72306,4.2
U102743,P87501,3.9
U102745,P66207,3.6
U102745,P86275,4.5
U102748,P79007,4.3
U102748,P81495,4.6
U102749,P69049,3.8
U102750,P41440,2.3
U102751,P77681,4.2
U102752,P18593,2.9
U102753,P69519,4.3
U102754,P11922,4.3
U102754,P67407,3.9
U102757,P49925,4.3
U102758,P58859,3.9
U102759,P97430,3.3
U102760,P19849,3.4
U102760,P87638,4.3
U102761,P77072,3.6
U102761,P92537,3.1
U102762,P13485,3.2
U102763,P26143,3.8
U102764,P36162,4.2
U102765,P24758,4.7
U102766,P86876,4.5
U102766,P91349,2.7
U102766,P93557,4.2
U102767,P95155,4.2
U102768,P34820,3.7
U102768,P50816,3.9
U102769,P99557,2.9
U102770,P90054,3.9
U102771,P16816,4.3
U102771,P28709,3.7
U102772,P81547,3.5
U102773,P74700,5.0
U102774,P25098,3.6
U102775,P25113,3.3
U102776,P97687,3.6
U102777,P83657,3.7
U102779,P71930,4.5
U102780,P37933,4.2
U102781,P16152,4.2
U102781,P32125,4.6
U102781,P50523,3.5
U102781,P85918,3.8
U102782,P12780,3.7
U102782,P97862,4.5
U102784,P38445,3.6
U102784,P94563,3.5
U102786,P69059,3.8
U102787,P89500,4.0
U102788,P34063,4.0
U102791,P37363,3.9
U102793,P24472,3.8
U102794,P74532,4.0
U102795,P44861,4.1
U102795,P79573,3.8
U102796,P50065,4.2
U102796,P53017,4.2
U102796,P82663,4.5
U102797,P51300,5.0
U102798,P47372,4.6
U102799,P22292,3.5
U102802,P58210,3.1
U102805,P56765,2.9
U102809,P44722,4.0
U102809,P54331,4.4
U102811,P24199,4.7
U102811,P40542,3.4
U102811,P85933,3.0
U102812,P84102,3.9
U102815,P18797,4.2
U102815,P29961,3.7
U102815,P93971,3.0
U102817,P23422,4.1
U102819,P20192,4.7
U102819,P52672,4.4
U102819,P77199,3.5
U102822,P12658,3.8
U102822,P45095,3.9
U102822,P89914,4.6
U102822,P97468,2.9
U102825,P72830,3.5
U102826,P12469,4.1
U102826,P29461,4.4
U102826,P80726,3.7
U102827,P21051,4.1
U102827,P49155,3.0
U102827,P57728,3.7
U102827,P60464,4.3
U102827,P80488,4.2
U102828,P91313,4.2
U102829,P51867,3.3
U102830,P11400,4.2
U102831,P59378,3.8
U102831,P80378,4.7
U102832,P40803,3.3
U102832,P90919,3.8
U102833,P22637,3.8
U102834,P16370,3.8
U102834,P58754,4.0
U102834,P82185,4.3
U102836,P57640,4.7
U102836,P83598,4.2
U102837,P73379,3.6
U102837,P74785,4.1
U102837,P98655,3.4
U102838,P15356,4.1
U102838,P76546,4.0
U102839,P19115,4.1
U102839,P76509,4.5
U102840,P80696,3.8
U102842,P43942,3.0
U102843,P44395,4.0
U102844,P42214,3.3
U102844,P58394,4.1
U102844,P84164,4.3
U102844,P93273,4.0
U102846,P99619,3.8
U102847,P97718,3.5
U102849,P56103,4.1
U102852,P74100,3.6
U102854,P33325,3.3
U102855,P78605,3.0
U102855,P87041,3.3
U102856,P14147,3.8
U102856,P55356,3.6
U102856,P96505,4.6
U102857,P90622,4.2
U102858,P24915,3.9
U102858,P87359,3.1
U102859,P34284,4.3
U102860,P14399,3.9
U102860,P22756,3.8
U102861,P13534,4.2
U102861,P91052,4.0
U102862,P59295,4.2
U102863,P37318,4.7
U102863,P63201,3.8
U102864,P75963,3.4
U102869,P15896,4.3
U102871,P35647,3.6
U102871,P42451,3.1
U102872,P13078,3.7
U102874,P21777,3.7
U102878,P53303,3.1
U102879,P72281,4.3
U102880,P45425,4.7
U102880,P64568,4.1
U102881,P26913,3.9
U102882,P26053,3.7
U102882,P87924,3.7
U102882,P96033,4.1
U102883,P55990,4.9
U102883,P72974,4.3
U102889,P45340,4.3
U102891,P37158,3.9
U102891,P70974,4.0
U102892,P71637,3.8
U102893,P64476,4.1
U102893,P70412,4.3
U102894,P56768,4.3
U102896,P33050,3.9
U102896,P50093,4.6
U102896,P66570,3.5
U102897,P45688,4.8
U102899,P15003,4.3
U102901,P58453,4.1
U102901,P91990,4.1
U102902,P87352,3.7
U102905,P38937,4.3
U102905,P96039,5.0
U102907,P72698,3.9
U102908,P64541,3.6
U102909,P61642,2.9
U102911,P96898,3.2
U102912,P30443,3.7
U102915,P21057,3.8
U102918,P65262,3.3
U102918,P66264,3.7
U102918,P94861,3.9
U102919,P18385,3.8
U102920,P30890,4.4
U102923,P56979,4.5
U102924,P32003,3.3
U102924,P58382,4.2
U102926,P14407,4.8
U102928,P26752,4.0
U102929,P69173,4.4
U102929,P70424,5.0
U102929,P78860,3.7
U102929,P83447,3.3
U102929,P83965,3.8
U102931,P67362,4.0
U102931,P96063,3.6
U102935,P50454,2.6
U102935,P59180,3.8
U102935,P75546,3.1
U102936,P78314,4.3
U102938,P33233,3.7
U102938,P83742,3.7
U102940,P83051,3.9
U102941,P47365,3.8
U102942,P43210,4.1
U102942,P47078,4.5
U102943,P79459,4.4
U102943,P81164,3.9
U102944,P70448,3.4
U102945,P41784,3.4
U102946,P14561,4.1
U102947,P24730,4.0
U102951,P52516,3.1
U102951,P90217,5.0
U102952,P13051,4.1
U102952,P74455,3.7
U102952,P84498,4.3
U102953,P29457,4.2
U102955,P56877,3.9
U102958,P43823,4.4
U102959,P16734,3.4
U102960,P95764,2.4
U102961,P57728,3.8
U102961,P76864,4.0
U102962,P65667,3.5
U102962,P66671,4.6
U102963,P99567,4.1
U102964,P67689,4.6
U102965,P38760,4.3
U102966,P86379,4.1
U102967,P36522,3.4
U102969,P24244,3.7
U102969,P48089,4.3
U102970,P15816,3.6
U102972,P68200,3.4
U102973,P17547,4.6
U102974,P94396,4.5
U102980,P20458,4.0
U102982,P46544,3.3
U102983,P28626,5.0
U102984,P74650,3.4
U102987,P16441,3.8
U102987,P71235,3.4
U102987,P72470,4.3
U102989,P86802,3.7
U102989,P94801,3.9
U102991,P54445,4.3
U102992,P49419,3.5
U102993,P54336,4.1
U102995,P17047,3.8
U102996,P80028,4.7
U102997,P43002,4.5
U102999,P63447,3.2
U102999,P99685,3.6
U103001,P27523,4.1
U103001,P52824,4.1
U103001,P83584,4.3
U103003,P25787,4.4
U103003,P32871,3.5
U103003,P76955,3.7
U103004,P26351,4.9
U103005,P31954,3.8
U103005,P74600,4.2
U103005,P88746,3.5
U103007,P49536,4.4
U103007,P80012,4.1
U103011,P39511,4.2
U103013,P22028,3.9
U103016,P69230,3.9
U103017,P28817,3.0
U103018,P18444,3.3
U103018,P30661,3.3
U103020,P77459,3.7
U103022,P75450,3.9
U103022,P99787,3.8
U103023,P21272,3.5
U103023,P55659,3.8
U103024,P94625,3.6
U103026,P47643,3.9
U103028,P74986,4.3
U103031,P94440,3.1
U103032,P41809,3.7
U103033,P36626,4.4
U103035,P70672,3.8
U103038,P26343,4.6
U103041,P72440,4.0
U103042,P58518,4.8
U103043,P24541,3.7
U103043,P25967,2.8
U103043,P89462,4.5
U103045,P45020,4.0
U103046,P16019,4.0
U103047,P28799,4.1
U103047,P44271,4.2
U103047,P79271,3.9
U103048,P10545,4.5
U103048,P52837,3.6
U103048,P89193,3.5
U103049,P15419,4.5
U103050,P15154,3.3
U103051,P96294,5.0
U103053,P21296,3.8
U103053,P51626,3.7
U103058,P27476,3.4
U103059,P20608,4.6
U103059,P31744,4.1
U103059,P69428,3.8
U103060,P28260,4.4
U103060,P57605,3.8
U103061,P45340,2.8
U103062,P46941,4.5
U103062,P60244,3.5
U103062,P75730,4.7
U103062,P83431,3.7
U103062,P86774,4.9
U103064,P27289,4.4
U103065,P21085,3.5
U103066,P12966,3.2
U103066,P86746,4.4
U103067,P15421,3.2
U103069,P78522,3.9
U103073,P59073,3.3
U103073,P98198,2.7
U103075,P44986,3.0
U103075,P74211,4.4
U103076,P38187,4.2
U103076,P57925,4.3
U103077,P53037,3.7
U103078,P50217,4.2
U103078,P81180,3.4
U103079,P47907,3.9
U103080,P86125,4.7
U103081,P30424,4.3
U103082,P56439,3.7
U103083,P43437,4.1
U103083,P59944,5.0
U103085,P34475,4.9
U103086,P84627,2.3
U103087,P59599,3.7
U103087,P69165,3.9
U103088,P17459,3.6
U103090,P21454,3.5
U103092,P96291,3.3
U103093,P26855,4.1
U103097,P47475,4.3
U103098,P50298,3.8
U103099,P80052,5.0
U103100,P18447,3.8
U103102,P68875,3.2
U103104,P38685,3.9
U103105,P77033,3.0
U103106,P24095,4.5
U103107,P13179,4.2
U103107,P35910,4.0
U103107,P82922,4.5
U103108,P53583,3.0
U103110,P74602,4.9
U103112,P44009,4.2
U103113,P14824,4.6
U103114,P67169,3.9
U103114,P68194,4.7
U103116,P52253,4.1
U103117,P97678,4.2
U103118,P83649,3.5
U103118,P83664,4.7
U103119,P37393,3.4
U103119,P69633,4.1
U103119,P83313,2.9
U103120,P14796,4.1
U103120,P53580,4.4
U103120,P68612,4.0
U103121,P56787,4.1
U103121,P65248,4.3
U103122,P32774,3.0
U103122,P33488,4.2
U103122,P80432,3.5
U103123,P22309,3.6
U103123,P49598,3.9
U103123,P84284,3.4
U103124,P82797,3.3
U103127,P33762,4.4
U103127,P45044,4.2
U103128,P46270,3.7
U103132,P23891,3.4
U103133,P29035,3.7
U103133,P81806,3.9
U103134,P34227,4.2
U103135,P89150,4.3
U103137,P22939,4.0
U103137,P63130,4.0
U103139,P45469,4.8
U103140,P61850,4.8
U103141,P20353,3.4
U103141,P75361,3.7
U103141,P97742,3.9
U103142,P63553,3.7
U103143,P38286,4.5
U103143,P70631,3.8
U103144,P20700,3.8
U103144,P23558,4.0
U103144,P46772,4.3
U103145,P21158,3.5
U103145,P45698,3.9
U103145,P72286,2.8
U103145,P72544,3.6
U103146,P40150,3.4
U103147,P40511,3.4
U103149,P23186,3.3
U103151,P24576,4.5
U103151,P39140,4.4
U103152,P13679,3.8
U103152,P95035,4.1
U103153,P39947,3.3
U103153,P92884,3.3
U103155,P93778,4.6
U103156,P98712,4.6
U103157,P41257,5.0
U103157,P79252,5.0
U103157,P87457,3.0
U103158,P43945,4.9
U103158,P70399,3.3
U103159,P13755,4.0
U103159,P84231,3.6
U103160,P28334,3.9
U103160,P28923,4.1
U103160,P45930,4.1
U103161,P32278,3.8
U103161,P35192,4.8
U103162,P35125,3.7
U103162,P36786,3.4
U103162,P46619,3.3
U103162,P48744,4.4
U103162,P67147,4.9
U103163,P13342,4.8
U103165,P51123,4.3
U103166,P19782,4.6
U103166,P92699,5.0
U103167,P14173,3.5
U103167,P47029,3.5
U103167,P57107,3.3
U103169,P15856,3.8
U103170,P25794,3.7
U103174,P21802,3.3
U103174,P39528,4.9
U103175,P60592,3.9
U103175,P64079,4.2
U103176,P60258,3.6
U103178,P24563,3.8
U103178,P44812,4.2
U103178,P67309,3.9
U103180,P83253,3.9
U103180,P94492,3.0
U103181,P23745,3.7
U103181,P75896,4.8
U103182,P32671,3.6
U103182,P50574,4.0
U103182,P93180,5.0
U103186,P34663,4.1
U103186,P52215,3.2
U103186,P88786,4.1
U103187,P45882,3.9
U103187,P98673,4.2
U103189,P27625,5.0
U103191,P17892,4.6
U103191,P85376,4.1
U103192,P33440,4.8
U103192,P51328,3.4
U103195,P39914,4.9
U103195,P93713,4.0
U103196,P44313,3.9
U103197,P23250,3.4
U103198,P21684,4.1
U103199,P56480,3.1
U103201,P23669,2.9
U103201,P43344,3.9
U103201,P82065,3.2
U103201,P88801,4.7
U103203,P48364,4.2
U103203,P51451,4.4
U103203,P89897,3.4
U103204,P16976,3.2
U103204,P18253,3.8
U103204,P71317,4.1
U103204,P91052,3.3
U103208,P89976,3.5
U103210,P77478,3.2
U103211,P88039,4.4
U103212,P17576,3.7
U103212,P25229,3.5
U103212,P41349,3.4
U103212,P57431,3.3
U103212,P86040,4.5
U103213,P27759,3.2
U103213,P53723,3.4
U103216,P10820,4.2
U103218,P48895,3.6
U103218,P71468,3.8
U103220,P23556,4.5
U103221,P31027,4.3
U103221,P61931,3.0
U103226,P83664,3.8
U103227,P32773,3.5
U103227,P67594,3.8
U103228,P37722,4.4
U103228,P44339,4.0
U103228,P68005,5.0
U103231,P97818,5.0
U103232,P17101,4.2
U103235,P52238,4.0
U103236,P95118,3.0
U103238,P34072,4.0
U103241,P21238,4.3
U103241,P31972,4.7
U103242,P29194,3.5
U103244,P23207,4.0
U103244,P71518,3.2
U103246,P85035,3.8
U103248,P48857,3.5
U103249,P40782,3.7
U103250,P13410,4.4
U103250,P51312,4.2
U103253,P14751,3.1
U103254,P26143,4.6
U103254,P31269,5.0
U103255,P14578,4.7
U103255,P20646,3.2
U103255,P30977,4.0
U103255,P44108,3.7
U103255,P55595,4.9
U103256,P86373,4.1
U103257,P14772,4.1
U103257,P31938,4.0
U103257,P72264,4.1
U103257,P95925,4.6
U103258,P94577,4.3
U103258,P95496,4.5
U103259,P70350,3.3
U103260,P31593,4.0
U103261,P42654,4.1
U103262,P14388,4.3
U103262,P94080,3.4
U103263,P99056,3.1
U103264,P25763,2.8
U103265,P54311,3.7
U103265,P80227,4.1
U103266,P31771,2.9
U103266,P71741,4.2
U103267,P37400,3.3
U103267,P89256,3.6
U103268,P12501,4.4
U103268,P54715,3.6
U103270,P53699,3.5
U103270,P75366,3.3
U103271,P67078,3.5
U103272,P93181,3.6
U103274,P90280,3.8
U103276,P16103,3.8
U103277,P24832,4.2
U103278,P72313,3.9
U103280,P50523,4.4
U103280,P51974,4.3
U103281,P30785,3.9
U103281,P32975,4.1
U103281,P55906,4.5
U103281,P93633,3.4
U103284,P66884,3.0
U103286,P78829,4.0
U103286,P90475,4.1
U103287,P26084,3.4
U103288,P22163,3.3
U103289,P45489,4.0
U103289,P70703,3.8
U103290,P27522,4.4
U103291,P58135,4.6
U103292,P52710,3.8
U103292,P63151,4.7
U103294,P36347,3.2
U103295,P36121,4.8
U103295,P50534,3.8
U103295,P53631,3.0
U103296,P91967,3.1
U103296,P92049,4.0
U103298,P11854,4.7
U103299,P47077,3.2
U103299,P70242,4.0
U103301,P45819,3.6
U103302,P23501,3.4
U103304,P86273,4.3
U103307,P15374,3.4
U103307,P97457,3.6
U103310,P42647,4.2
U103310,P51433,3.7
U103310,P59254,4.3
U103312,P14303,4.0
U103312,P86930,3.7
U103313,P27959,4.3
U103313,P30485,3.1
U103313,P57907,3.1
U103314,P34274,4.4
U103314,P36704,3.9
U103314,P45362,4.9
U103314,P63064,3.8
U103314,P82151,3.7
U103314,P87865,3.1
U103315,P60113,4.5
U103316,P38984,3.5
U103318,P38943,2.4
U103318,P91727,4.8
U103319,P33043,3.3
U103321,P44781,4.7
U103321,P86314,3.5
U103323,P59763,4.5
U103324,P46146,4.4
U103324,P61896,3.7
U103327,P48175,3.9
U103327,P53700,3.3
U103329,P34455,3.9
U103329,P53971,3.7
U103329,P71283,4.6
U103330,P83840,4.0
U103333,P64329,4.1
U103334,P60062,3.3
U103336,P10143,4.7
U103338,P90841,3.9
U103339,P18932,3.5
U103340,P23983,4.2
U103340,P36363,4.3
U103341,P98843,3.9
U103342,P48886,3.9
U103343,P54054,4.0
U103344,P18322,3.4
U103344,P44012,5.0
U103344,P90963,4.3
U103345,P60479,3.3
U103346,P24443,4.2
U103346,P42385,3.8
U103347,P18489,4.5
U103349,P64654,3.5
U103349,P78960,4.3
U103350,P39534,3.6
U103350,P96664,3.2
U103351,P25055,3.9
U103353,P32133,4.5
U103354,P20600,3.2
U103355,P44420,4.3
U103355,P53749,3.6
U103355,P75625,4.1
U103357,P12050,4.5
U103357,P50799,4.1
U103357,P51560,4.0
U103360,P55997,3.8
U103360,P57391,4.4
U103360,P77849,4.3
U103361,P65340,4.2
U103362,P28547,4.0
U103362,P50814,3.8
U103362,P93407,4.2
U103363,P33987,4.0
U103363,P95957,4.6
U103364,P78074,4.0
U103364,P80762,3.6
U103365,P14001,4.0
U103365,P72891,4.0
U103367,P58416,4.7
U103367,P63666,3.7
U103367,P73983,4.9
U103368,P95894,3.6
U103369,P81173,4.2
U103370,P52233,3.5
U103372,P92294,4.0
U103374,P62000,3.7
U103376,P90392,3.9
U103377,P53083,4.2
U103377,P55255,3.8
U103377,P94196,3.8
U103379,P83975,3.3
U103379,P98342,3.5
U103381,P23272,4.3
U103382,P53812,3.4
U103382,P79473,3.9
U103383,P10380,4.2
U103384,P16812,3.4
U103384,P53406,4.3
U103386,P18467,2.8
U103386,P33552,3.6
U103387,P14773,3.2
U103388,P24033,3.6
U103388,P75747,4.5
U103389,P62068,3.9
U103390,P23545,4.4
U103390,P23797,4.1
U103391,P58000,4.2
U103396,P97597,3.6
U103400,P19614,3.7
U103400,P20759,4.7
U103401,P36091,4.6
U103403,P21788,4.2
U103403,P23318,3.2
U103403,P24797,3.9
U103403,P39918,5.0
U103404,P45688,3.9
U103406,P86303,4.1
U103408,P39733,3.3
U103408,P45221,3.7
U103408,P70998,3.0
U103410,P98806,3.8
U103411,P14851,4.2
U103411,P76394,3.4
U103413,P20007,3.9
U103413,P98421,3.1
U103414,P72899,4.2
U103414,P74741,3.1
U103415,P84003,4.0
U103416,P57389,3.7
U103416,P93184,4.0
U103417,P15377,3.7
U103417,P70691,3.9
U103418,P50811,3.8
U103418,P64427,4.7
U103420,P51468,4.2
U103421,P22147,3.6
U103421,P98302,2.9
U103423,P71622,3.9
U103425,P11448,3.9
U103425,P86540,4.2
U103426,P64273,3.1
U103426,P76724,3.8
U103428,P46714,3.8
U103428,P71077,3.6
U103429,P33069,4.4
U103432,P58754,3.9
U103433,P71296,3.7
U103433,P79792,3.6
U103435,P92097,3.7
U103437,P41236,3.9
U103438,P26204,3.7
U103438,P67210,4.9
U103439,P24247,4.1
U103439,P75178,3.6
U103439,P78176,4.3
U103440,P76076,3.8
U103440,P93130,4.1
U103441,P28275,4.1
U103442,P58258,4.6
U103442,P80881,4.0
U103443,P21688,3.9
U103443,P22052,5.0
U103445,P59992,3.5
U103445,P71347,3.9
U103446,P29294,3.2
U103446,P79092,3.6
U103447,P61411,4.7
U103448,P49819,3.9
U103449,P86106,4.5
U103450,P45174,4.0
U103450,P78699,3.5
U103451,P22286,4.2
U103451,P85923,4.0
U103452,P31669,4.9
U103453,P24457,2.6
U103453,P46324,3.6
U103454,P21387,3.3
U103454,P63409,4.1
U103455,P87964,4.1
U103456,P51558,4.7
U103458,P45981,3.9
U103458,P93986,3.8
U103459,P57666,4.0
U103460,P40781,3.1
U103461,P74241,3.6
U103462,P94236,4.0
U103465,P55400,4.8
U103467,P20970,3.4
U103467,P53781,3.5
U103468,P16115,4.6
U103468,P92758,3.7
U103469,P39718,4.8
U103469,P81185,3.7
U103470,P58568,5.0
U103471,P39585,3.8
U103472,P18740,5.0
U103472,P21173,4.8
U103472,P99069,4.3
U103473,P90968,4.2
U103475,P51453,4.0
U103476,P40350,3.8
U103477,P34584,4.3
U103477,P52241,3.7
U103478,P40411,3.7
U103479,P32173,3.8
U103480,P22958,3.5
U103480,P65931,3.9
U103481,P50343,4.0
U103481,P62999,3.9
U103483,P41540,3.3
U103483,P98549,4.2
U103484,P20450,3.7
U103484,P30759,4.2
U103485,P79514,3.7
U103486,P88272,3.5
U103487,P21913,4.2
U103487,P60490,3.5
U103488,P56727,3.4
U103489,P59456,4.5
U103489,P94600,4.3
U103491,P33146,3.7
U103491,P58335,4.6
U103491,P82188,3.7
U103492,P48609,3.7
U103493,P43796,4.1
U103495,P33980,3.5
U103495,P80640,3.2
U103496,P35218,4.0
U103496,P79870,4.9
U103498,P18239,4.0
U103498,P82479,5.0
U103498,P97152,3.5
U103499,P79817,3.7
U103500,P69379,3.4
U103500,P95277,3.5
U103501,P70400,3.5
U103501,P95417,3.6
U103503,P66497,2.4
U103504,P34385,3.9
U103507,P53390,3.8
U103507,P75329,5.0
U103508,P74701,4.0
U103508,P92202,3.8
U103511,P55936,3.7
U103511,P93460,3.7
U103513,P39395,3.1
U103514,P81023,3.9
U103517,P16229,4.4
U103517,P43582,4.0
U103517,P77923,3.5
U103517,P94843,3.8
U103519,P21615,4.0
U103520,P42979,5.0
U103521,P57579,3.1
U103521,P71289,3.6
U103522,P71200,3.7
U103523,P37164,3.2
U103523,P99166,3.9
U103524,P92088,2.9
U103525,P38385,4.1
U103527,P23569,4.4
U103529,P35194,4.0
U103529,P39292,3.4
U103529,P72857,4.5
U103529,P94425,4.0
U103530,P45212,4.2
U103530,P66733,3.1
U103531,P63326,3.4
U103532,P16543,3.6
U103532,P24853,4.0
U103532,P78724,4.2
U103532,P85255,3.3
U103532,P88668,4.3
U103533,P36187,2.6
U103533,P75288,3.5
U103534,P96638,3.8
U103535,P97337,4.1
U103537,P19200,3.8
U103538,P21573,3.4
U103539,P72195,3.8
U103540,P94897,4.5
U103541,P52194,3.6
U103544,P40679,4.5
U103544,P50996,4.1
U103546,P54598,4.2
U103548,P14170,4.3
U103548,P46439,3.7
U103549,P75497,3.7
U103549,P85565,3.4
U103550,P60178,4.4
U103551,P47999,4.5
U103551,P71651,4.4
U103553,P42653,4.5
U103553,P65258,4.3
U103553,P68295,4.2
U103553,P68925,4.4
U103554,P95447,4.4
U103556,P12575,4.0
U103557,P75580,5.0
U103558,P21486,3.9
U103558,P75816,3.9
U103559,P84607,3.4
U103559,P87978,3.8
U103560,P85759,3.6
U103561,P76407,3.8
U103562,P48840,4.0
U103563,P42655,2.9
U103564,P79344,3.9
U103565,P92901,4.5
U103566,P62164,4.0
U103566,P64476,3.2
U103571,P89676,4.0
U103572,P55115,4.6
U103572,P81155,3.3
U103574,P35387,3.1
U103575,P47204,3.5
U103576,P34536,4.5
U103577,P89955,4.1
U103578,P81055,4.9
U103580,P15100,4.4
U103581,P33428,3.3
U103581,P83831,3.8
U103582,P24072,4.2
U103583,P86753,3.5
U103585,P94235,3.5
U103586,P93992,4.4
U103587,P33300,3.9
U103589,P82175,4.2
U103590,P91697,4.6
U103592,P61254,4.4
U103592,P87931,3.8
U103593,P19569,3.9
U103596,P50776,4.3
U103596,P66391,4.1
U103596,P91206,5.0
U103601,P89703,4.6
U103602,P26379,4.0
U103602,P34032,4.4
U103603,P13206,3.1
U103603,P56597,4.3
U103607,P20863,4.3
U103607,P39940,3.6
U103610,P93294,4.6
U103612,P64245,4.3
U103613,P57745,4.3
U103616,P14773,4.4
U103616,P91437,4.7
U103618,P54458,3.6
U103620,P34063,3.2
U103621,P62208,3.3
U103622,P39091,4.0
U103622,P85762,3.6
U103622,P86329,4.9
U103623,P10642,3.6
U103623,P34244,3.4
U103623,P43795,3.8
U103625,P12778,4.1
U103630,P57987,3.9
U103632,P10587,3.0
U103632,P65598,4.1
U103633,P25480,3.5
U103634,P37766,4.8
U103634,P56732,4.2
U103635,P82165,3.8
U103637,P84590,3.8
U103638,P19790,3.9
U103638,P60267,4.4
U103644,P73309,3.5
U103645,P73246,3.9
U103648,P15488,3.7
U103648,P60691,4.0
U103649,P77694,4.5
U103649,P95566,4.4
U103650,P76404,4.3
U103652,P13983,4.4
U103652,P34334,4.0
U103653,P20671,3.3
U103654,P49887,4.1
U103654,P81638,3.1
U103656,P87281,3.1
U103657,P34761,4.1
U103657,P57564,4.0
U103657,P69761,3.5
U103658,P50652,4.5
U103659,P96323,3.7
U103663,P38367,3.3
U103663,P79463,3.9
U103664,P47713,4.1
U103666,P55112,4.0
U103666,P80829,3.9
U103666,P96393,4.5
U103667,P23146,3.9
U103667,P25849,3.6
U103667,P28719,4.4
U103667,P72992,2.9
U103667,P89164,3.3
U103667,P97222,4.1
U103668,P55543,4.1
U103670,P35001,3.3
U103670,P64062,4.8
U103672,P16331,4.0
U103672,P19759,3.2
U103672,P36331,4.2
U103672,P46128,3.9
U103674,P28573,4.1
U103674,P56666,3.5
U103675,P47707,3.2
U103676,P58249,4.3
U103679,P72636,4.2
U103682,P46470,3.4
U103683,P70176,2.9
U103684,P21342,4.3
U103684,P26732,3.7
U103685,P82834,3.7
U103685,P84556,4.8
U103685,P85961,4.2
U103686,P16062,3.8
U103687,P16775,4.2
U103687,P26656,3.7
U103687,P36869,3.4
U103687,P52955,3.8
U103688,P69168,3.3
U103688,P81752,4.2
U103688,P97591,4.4
U103689,P18654,3.8
U103691,P99609,4.5
U103692,P82241,3.9
U103693,P14583,3.4
U103693,P31554,4.6
U103693,P99391,3.2
U103694,P35549,3.5
U103695,P33303,4.8
U103695,P80902,3.8
U103696,P52454,4.5
U103696,P57093,3.3
U103697,P49854,4.2
U103698,P16540,3.7
U103698,P46850,3.5
U103698,P65481,4.7
U103698,P65900,4.0
U103699,P52204,3.2
U103699,P56415,3.0
U103700,P42715,3.9
U103701,P36287,3.3
U103701,P40549,4.1
U103702,P92869,3.7
U103703,P36411,4.2
U103703,P40936,3.9
U103703,P96228,3.2
U103704,P42987,3.6
U103705,P26319,3.4
U103708,P26224,3.5
U103708,P99371,4.6
U103709,P77553,3.7
U103712,P14364,3.7
U103715,P61682,4.0
U103715,P96393,3.7
U103717,P16805,4.9
U103718,P14248,3.8
U103719,P20425,3.8
U103720,P22542,3.9
U103720,P40018,3.9
U103722,P12716,4.0
U103722,P13418,3.6
U103722,P65722,4.6
U103723,P90956,3.8
U103724,P54884,3.9
U103725,P79068,4.1
U103726,P15578,3.2
U103727,P56332,3.7
U103728,P77027,3.1
U103729,P19965,4.3
U103729,P48169,3.2
U103731,P20056,3.6
U103731,P42096,4.5
U103732,P69290,3.6
U103732,P96996,3.3
U103734,P59311,4.5
U103735,P46669,3.1
U103736,P65532,3.3
U103737,P58938,4.6
U103738,P47824,3.1
U103738,P82325,3.3
U103739,P92549,4.9
U103740,P84035,3.9
U103741,P25863,3.9
U103742,P32476,3.3
U103742,P72417,3.9
U103744,P52016,3.8
U103745,P44702,4.8
U103745,P73910,4.1
U103748,P12613,3.6
U103748,P36030,4.5
U103748,P78657,4.4
U103750,P91940,3.5
U103752,P39576,3.7
U103752,P57208,3.8
U103753,P24380,4.9
U103753,P34966,4.3
U103753,P56732,3.8
U103753,P58487,3.5
U103753,P59517,4.8
U103754,P41825,4.2
U103754,P47483,4.6
U103754,P92558,3.6
U103756,P76214,4.0
U103759,P41675,3.8
U103759,P74168,2.8
U103763,P40049,3.3
U103763,P60210,3.7
U103765,P70344,3.6
U103767,P23413,4.1
U103768,P42438,4.6
U103768,P56236,3.4
U103768,P57672,4.7
U103769,P93280,3.4
U103769,P96669,3.5
U103770,P11196,4.3
U103775,P45466,4.7
U103776,P50805,5.0
U103776,P59330,3.5
U103780,P13398,3.8
U103780,P34737,4.5
U103783,P57115,5.0
U103783,P61300,3.7
U103784,P27278,5.0
U103785,P72263,4.8
U103785,P82896,3.5
U103788,P67624,4.0
U103790,P14161,2.8
U103790,P50657,3.8
U103794,P56239,4.8
U103794,P98008,5.0
U103796,P27409,3.4
U103797,P67117,4.6
U103797,P75219,4.0
U103798,P28434,3.7
U103799,P90937,4.2
U103800,P32685,3.5
U103800,P38863,3.4
U103802,P73163,4.5
U103803,P51453,4.1
U103803,P76020,4.2
U103804,P16698,3.6
U103804,P22509,4.8
U103805,P87632,3.2
U103806,P34628,4.7
U103807,P47106,3.6
U103807,P89688,4.2
U103809,P41081,4.1
U103809,P57850,3.8
U103809,P59821,3.8
U103810,P35849,2.7
U103811,P38282,4.0
U103812,P48597,4.1
U103814,P14778,3.2
U103814,P19928,3.5
U103815,P78588,3.8
U103815,P81102,3.4
U103816,P13608,3.9
U103818,P49071,3.4
U103819,P17585,4.0
U103819,P79806,4.5
U103820,P77622,3.5
U103821,P12565,4.0
U103822,P46339,4.9
U103823,P91742,3.7
U103825,P24452,3.5
U103825,P34904,4.2
U103825,P89299,3.3
U103829,P63469,4.2
U103830,P41420,3.8
U103830,P44162,4.5
U103830,P50392,3.5
U103831,P62492,3.8
U103832,P34983,3.4
U103834,P75439,3.1
U103835,P49387,3.4
U103835,P54617,4.6
U103836,P22894,4.2
U103837,P48582,4.4
U103839,P72181,3.4
U103840,P41044,4.1
U103840,P63555,4.0
U103840,P96622,4.0
U103841,P79300,4.0
U103842,P62350,3.8
U103842,P84028,4.3
U103843,P98472,3.1
U103845,P52263,3.8
U103846,P43619,3.7
U103846,P72410,3.6
U103847,P74150,4.1
U103847,P99414,3.7
U103849,P52715,4.1
U103850,P16952,3.9
U103850,P28822,3.5
U103850,P44130,3.7
U103851,P66518,3.7
U103852,P30517,4.6
U103853,P93082,4.3
U103854,P13923,4.3
U103855,P36497,2.9
U103855,P94165,3.6
U103856,P72909,4.7
U103857,P26256,3.8
U103858,P67941,4.1
U103862,P51096,3.6
U103864,P19231,4.0
U103865,P62302,3.7
U103867,P29512,4.2
U103868,P18172,4.3
U103868,P68621,3.3
U103869,P48954,4.5
U103870,P50918,3.5
U103871,P62393,4.6
U103871,P77944,3.9
U103873,P89755,3.6
U103874,P66398,4.0
U103875,P13113,3.8
U103875,P44904,3.7
U103876,P98902,3.7
U103877,P70890,4.2
U103879,P24401,4.6
U103880,P32724,3.3
U103880,P50843,4.2
U103880,P68311,3.1
U103881,P10294,4.1
U103881,P11118,4.3
U103881,P22134,3.4
U103881,P43995,5.0
U103884,P73659,4.2
U103884,P93195,3.5
U103885,P38414,4.2
U103885,P50607,3.7
U103886,P98959,4.3
U103887,P51536,3.6
U103888,P35297,4.9
U103888,P67956,3.4
U103888,P85375,4.2
U103889,P95088,3.5
U103890,P29061,4.2
U103890,P74053,3.5
U103892,P94318,4.3
U103893,P12781,3.4
U103894,P50429,4.2
U103895,P34458,4.0
U103895,P54082,4.0
U103895,P79596,4.3
U103896,P93367,4.6
U103897,P68991,4.4
U103898,P23861,3.8
U103898,P55522,4.1
U103898,P91334,3.2
U103899,P13585,4.0
U103899,P35265,3.0
U103899,P48022,3.3
U103901,P63061,4.4
U103901,P97574,4.4
U103902,P73697,3.9
U103902,P84834,5.0
U103903,P23216,3.3
U103903,P62172,3.8
U103904,P61808,5.0
U103905,P67727,3.9
U103906,P29946,3.3
U103908,P16292,4.7
U103908,P24487,4.6
U103908,P88075,4.1
U103908,P99051,5.0
U103910,P20985,4.3
U103912,P26741,4.0
U103913,P39077,3.7
U103913,P83791,4.2
U103915,P58640,4.5
U103915,P69159,4.0
U103916,P18244,4.8
U103918,P37438,3.6
U103919,P92562,4.3
U103920,P17136,3.4
U103920,P54590,2.7
U103921,P81621,2.9
U103923,P33874,3.5
U103923,P50894,3.9
U103923,P51887,3.2
U103925,P22655,4.0
U103925,P74626,4.3
U103926,P10327,3.8
U103928,P29061,3.6
U103928,P52825,3.8
U103928,P94318,3.9
U103930,P24005,4.2
U103931,P80543,3.6
U103932,P87597,3.7
U103933,P77547,3.4
U103934,P18204,3.9
U103936,P62493,4.3
U103938,P37757,4.7
U103938,P76905,4.1
U103939,P51456,3.4
U103939,P73796,3.8
U103940,P43881,4.1
U103941,P69760,3.2
U103941,P89208,4.0
U103942,P49435,4.6
U103943,P44182,3.9
U103943,P45435,4.3
U103945,P15079,3.5
U103947,P49617,3.7
U103947,P67036,3.6
U103948,P25322,3.7
U103949,P11789,3.7
U103949,P43770,4.3
U103949,P66643,3.6
U103949,P83162,3.6
U103950,P32636,3.5
U103950,P49448,3.6
U103950,P77720,4.0
U103951,P57165,3.3
U103952,P16785,3.5
U103953,P79687,4.0
U103954,P48639,3.5
U103954,P71511,3.7
U103955,P45793,2.5
U103957,P64772,4.2
U103958,P43034,4.2
U103958,P52468,3.9
U103959,P46485,4.3
U103959,P84193,4.0
U103960,P23915,3.9
U103960,P61978,3.3
U103960,P92556,3.4
U103961,P60742,4.5
U103963,P45072,3.7
U103964,P31065,3.8
U103964,P98512,4.5
U103965,P19641,3.2
U103966,P74568,3.9
U103967,P26349,4.0
U103968,P28503,3.8
U103968,P76923,4.6
U103969,P31087,4.0
U103969,P55799,4.5
U103969,P93547,3.6
U103969,P99365,3.8
U103970,P12835,3.8
U103971,P36358,2.5
U103972,P30789,4.2
U103973,P30714,3.9
U103973,P33873,3.5
U103974,P30835,5.0
U103975,P50803,3.7
U103976,P10127,3.8
U103976,P52656,3.8
U103977,P14805,3.8
U103977,P20832,4.3
U103977,P26982,4.4
U103980,P37818,3.7
U103980,P70780,3.7
U103981,P78707,4.8
U103981,P93399,3.6
U103981,P96484,4.2
U103982,P83740,4.1
U103984,P96200,3.9
U103987,P32089,2.9
U103987,P45157,2.6
U103988,P19603,3.6
U103988,P29929,3.6
U103988,P40036,4.4
U103989,P83633,4.4
U103990,P31531,4.2
U103991,P17376,3.6
U103991,P25467,4.1
U103991,P34708,3.7
U103992,P10348,3.8
U103993,P32911,2.9
U103993,P92731,4.0
U103994,P37741,4.0
U103996,P47292,3.7
U103997,P48512,3.9
U103997,P77665,3.5
U103998,P72050,4.9
U103998,P76616,3.5
U103998,P86401,3.8
U103999,P82648,4.3
U104000,P16725,4.9
U104000,P42273,4.2
U104000,P72992,3.3
U104001,P28107,3.5
U104001,P70272,4.6
U104002,P61364,4.3
U104003,P15698,3.8
U104006,P61854,3.9
U104007,P25935,3.9
U104007,P90503,4.2
U104009,P22346,4.1
U104010,P25212,3.2
U104010,P52346,4.4
U104012,P50968,4.5
U104014,P69232,4.2
U104014,P99413,4.1
U104015,P13305,3.5
U104015,P43841,4.0
U104015,P51791,3.7
U104015,P67630,4.1
U104016,P19057,3.7
U104019,P32123,3.3
U104019,P52620,4.2
U104019,P55180,3.9
U104020,P32389,3.9
U104022,P16194,4.5
U104022,P22797,4.0
U104022,P54849,4.5
U104022,P64677,4.3
U104022,P88957,4.0
U104024,P86848,4.5
U104024,P95850,3.3
U104025,P68197,3.6
U104028,P46489,3.9
U104029,P20747,4.0
U104029,P70058,3.9
U104030,P62884,4.0
U104030,P85573,3.0
U104032,P70137,3.9
U104033,P56754,4.6
U104034,P56909,3.7
U104034,P67299,4.2
U104035,P52950,3.0
U104036,P91486,4.2
U104037,P65024,4.4
U104037,P79101,3.6
U104037,P91773,4.0
U104040,P22240,3.9
U104040,P49362,3.7
U104040,P89319,4.1
U104042,P65251,4.2
U104043,P92394,4.2
U104044,P39494,4.4
U104045,P43235,3.4
U104045,P44687,4.2
U104045,P87577,3.9
U104046,P42440,3.2
U104047,P38759,4.8
U104048,P15502,4.5
U104050,P18491,3.4
U104053,P10534,3.2
U104053,P12942,3.0
U104053,P16034,3.6
U104053,P23385,4.5
U104053,P34409,5.0
U104053,P41466,3.6
U104053,P93873,4.5
U104053,P95631,3.8
U104054,P41360,4.2
U104055,P70985,4.1
U104055,P93066,4.2
U104056,P33457,3.2
U104056,P88559,4.0
U104057,P31488,3.9
U104058,P19468,3.6
U104058,P40165,4.7
U104059,P12059,4.6
U104059,P91474,4.4
U104060,P41768,4.0
U104062,P79000,4.3
U104062,P95527,4.3
U104064,P43932,4.0
U104065,P53560,3.9
U104065,P61502,3.9
U104068,P15700,3.0
U104068,P36743,2.8
U104072,P25705,4.5
U104073,P73961,2.9
U104077,P65601,4.7
U104077,P67863,4.6
U104078,P25153,3.5
U104080,P34656,3.9
U104081,P25317,3.5
U104081,P42072,3.5
U104081,P45367,3.1
U104082,P96067,4.7
U104083,P40242,4.2
U104083,P40935,4.4
U104083,P45827,3.6
U104084,P27161,3.1
U104086,P51880,4.1
U104086,P58576,4.3
U104086,P76675,4.8
U104088,P29331,4.1
U104089,P39489,4.1
U104089,P70170,4.4
U104089,P83245,3.1
U104089,P87092,4.8
U104090,P21771,3.3
U104091,P17898,3.7
U104091,P22340,4.9
U104091,P89270,3.5
U104093,P79579,3.6
U104094,P56847,4.2
U104094,P62768,4.6
U104095,P57531,3.1
U104096,P16969,5.0
U104096,P17279,3.3
U104098,P37778,2.8
U104098,P78943,4.4
U104100,P84751,4.4
U104101,P36514,4.7
U104102,P97632,3.3
U104103,P49169,4.9
U104104,P24783,3.4
U104106,P61634,3.6
U104106,P80944,3.7
U104109,P47198,3.9
U104109,P68134,3.1
U104113,P22037,3.8
U104113,P24365,3.2
U104113,P56857,4.3
U104113,P76719,3.3
U104114,P13933,3.6
U104115,P65873,3.3
U104118,P23264,3.5
U104118,P41318,4.1
U104118,P67008,4.4
U104118,P81612,3.6
U104122,P50098,4.6
U104123,P27531,4.1
U104124,P47145,3.4
U104126,P98665,4.2
U104127,P30962,3.6
U104127,P66286,3.8
U104127,P85765,4.5
U104129,P57802,3.6
U104130,P83838,3.4
U104131,P86254,4.8
U104132,P43207,3.9
U104133,P49640,4.2
U104133,P50315,2.9
U104133,P86594,4.4
U104135,P32234,4.6
U104135,P78857,3.7
U104135,P97464,4.7
U104136,P33052,4.9
U104136,P50852,4.5
U104136,P57230,3.2
U104137,P14553,3.6
U104140,P45289,3.5
U104140,P62389,4.6
U104140,P67060,5.0
U104140,P91520,3.9
U104140,P92257,4.4
U104141,P85947,4.5
U104142,P21468,4.6
U104142,P89071,4.5
U104143,P40732,4.1
U104144,P77834,4.0
U104144,P94717,4.2
U104145,P14497,3.5
U104147,P16264,4.6
U104147,P25097,3.2
U104147,P78301,4.1
U104147,P83909,3.6
U104149,P60547,4.1
U104151,P49501,4.5
U104153,P81409,2.8
U104154,P10884,4.0
U104154,P13511,3.4
U104154,P30712,4.1
U104155,P19911,3.6
U104155,P58940,4.1
U104155,P65299,5.0
U104157,P57891,3.6
U104157,P64515,4.5
U104157,P67804,4.1
U104159,P54545,3.6
U104160,P94869,4.2
U104162,P25209,4.5
U104163,P27441,3.7
U104163,P57805,3.7
U104163,P58739,3.3
U104164,P35484,4.5
U104165,P40951,4.3
U104165,P47758,3.5
U104166,P28531,4.0
U104166,P90508,3.5
U104167,P69254,3.2
U104170,P29371,3.0
U104170,P44225,3.6
U104171,P54493,4.5
U104172,P32985,2.9
U104172,P90240,4.3
U104173,P24413,3.5
U104174,P15991,3.9
U104176,P51028,4.4
U104176,P92673,3.5
U104178,P90315,4.0
U104179,P19658,3.2
U104179,P25197,3.7
U104180,P54557,4.2
U104182,P65118,4.3
U104183,P16014,3.9
U104185,P53305,4.4
U104186,P56783,4.6
U104187,P71788,4.8
U104189,P92213,4.3
U104190,P67895,4.0
U104191,P64763,4.3
U104193,P26291,3.7
U104193,P51482,3.1
U104194,P76248,3.9
U104194,P93447,2.6
U104196,P53100,3.9
U104197,P28239,4.0
U104197,P68321,4.4
U104198,P57541,3.2
U104201,P44438,4.8
U104202,P32406,4.4
U104204,P23711,3.2
U104204,P81531,3.2
U104206,P81466,4.0
U104206,P86346,4.8
U104208,P98196,2.9
U104209,P74199,3.9
U104211,P30400,4.2
U104211,P45424,4.4
U104213,P49450,3.5
U104214,P73134,4.9
U104214,P80221,4.9
U104214,P82629,4.2
U104214,P89482,3.9
U104215,P42533,4.2
U104215,P62482,4.3
U104217,P90251,3.5
U104218,P24284,2.9
U104219,P59989,4.4
U104219,P64019,3.5
U104220,P31701,2.8
U104223,P37321,4.3
U104223,P97780,4.2
U104225,P88059,4.6
U104226,P53565,4.0
U104226,P73483,3.9
U104226,P84369,4.1
U104227,P87249,4.0
U104228,P56467,4.7
U104228,P67836,5.0
U104228,P77465,3.5
U104228,P98577,3.2
U104229,P21698,3.8
U104230,P41093,3.5
U104231,P31728,3.9
U104232,P26601,3.5
U104234,P43351,4.3
U104235,P53022,4.5
U104235,P66794,3.5
U104236,P95000,3.5
U104238,P41355,3.6
U104238,P93955,3.9
U104240,P26736,3.6
U104241,P41201,4.0
U104243,P21621,3.6
U104243,P50407,4.4
U104243,P70365,3.5
U104244,P69093,4.8
U104244,P85664,3.9
U104246,P13189,3.6
U104247,P41417,3.7
U104247,P41620,3.9
U104247,P66907,3.8
U104248,P18528,3.8
U104248,P33385,3.7
U104248,P52816,5.0
U104248,P62612,4.4
U104251,P16768,4.2
U104252,P50217,3.6
U104253,P17463,4.3
U104253,P65217,3.4
U104254,P17492,3.9
U104254,P28600,4.2
U104259,P31124,4.4
U104259,P43156,3.8
U104260,P73036,4.3
U104261,P14248,4.3
U104262,P83557,4.0
U104262,P94785,4.5
U104262,P95766,3.5
U104263,P13180,3.9
U104264,P38126,3.9
U104265,P59439,3.4
U104269,P19469,3.8
U104269,P95110,4.3
U104269,P97222,4.2
U104270,P82417,3.7
U104270,P90569,2.9
U104272,P55857,4.3
U104273,P10183,2.9
U104273,P81375,4.5
U104274,P59482,4.2
U104277,P13903,3.6
U104277,P68607,4.9
U104278,P48685,3.7
U104279,P18460,4.2
U104280,P10070,4.5
U104280,P28573,4.6
U104280,P93784,4.6
U104281,P33984,4.0
U104282,P19598,4.3
U104284,P25772,3.7
U104285,P40600,4.4
U104286,P39306,5.0
U104286,P71364,3.6
U104286,P85583,3.8
U104287,P52279,4.8
U104291,P66692,3.6
U104295,P72422,4.2
U104296,P44782,3.0
U104298,P24068,4.5
U104300,P97899,3.6
U104303,P21989,3.0
U104303,P87911,4.4
U104305,P18684,4.6
U104305,P81085,3.4
U104306,P32424,4.0
U104306,P61729,4.2
U104307,P39900,4.0
U104309,P33742,5.0
U104309,P52565,3.8
U104310,P23115,3.7
U104310,P61710,2.6
U104312,P15646,3.8
U104312,P45966,3.5
U104313,P25115,4.1
U104313,P61103,4.4
U104313,P89343,4.2
U104315,P24588,3.3
U104315,P58286,4.3
U104316,P11253,3.8
U104316,P80518,4.8
U104316,P84310,3.1
U104317,P48419,4.7
U104320,P22353,4.2
U104320,P66055,3.1
U104321,P44265,3.3
U104321,P80452,2.8
U104323,P26510,4.0
U104323,P60846,4.4
U104324,P64678,3.6
U104325,P11238,3.9
U104327,P50591,4.2
U104327,P63711,3.9
U104329,P20643,3.8
U104330,P35104,4.6
U104330,P85505,4.4
U104331,P54447,4.0
U104332,P56491,5.0
U104333,P16796,4.7
U104333,P41629,3.8
U104333,P64985,2.7
U104333,P86640,3.7
U104334,P20964,4.1
U104334,P81031,3.4
U104336,P38142,3.8
U104336,P44501,4.4
U104336,P54448,5.0
U104338,P93970,2.7
U104340,P98567,4.3
U104341,P51153,3.4
U104341,P59119,4.4
U104341,P70077,4.1
U104342,P15066,4.5
U104342,P58777,4.4
U104342,P75965,3.8
U104344,P53938,2.8
U104344,P92357,3.7
U104345,P55135,4.2
U104346,P78003,4.6
U104346,P97201,3.1
U104348,P21967,3.7
U104349,P26642,3.5
U104349,P65896,3.3
U104349,P84333,3.4
U104350,P33592,3.6
U104350,P97827,4.7
U104351,P89411,3.6
U104352,P81181,3.5
U104353,P67268,3.9
U104354,P64461,3.2
U104355,P63056,3.8
U104357,P15294,4.7
U104357,P41027,3.6
U104357,P95906,4.3
U104358,P10009,3.9
U104358,P11203,4.1
U104359,P20273,3.5
U104359,P40580,4.2
U104359,P52064,3.9
U104360,P14214,4.6
U104360,P39757,4.2
U104361,P17191,3.9
U104361,P65996,3.8
U104362,P80756,3.7
U104363,P13072,4.5
U104366,P48257,3.5
U104367,P39941,3.5
U104368,P14074,4.8
U104368,P96260,2.9
U104369,P34260,3.5
U104369,P72039,2.7
U104369,P96489,4.5
U104370,P65695,3.6
U104371,P18720,3.7
U104371,P85708,3.7
U104372,P63912,4.1
U104372,P90194,4.6
U104372,P98029,4.3
U104373,P48400,4.3
U104373,P55242,3.9
U104374,P78773,3.8
U104376,P33563,3.7
U104377,P75775,3.2
U104378,P90189,4.8
U104379,P97233,4.3
U104380,P52847,4.5
U104382,P48239,4.0
U104382,P60873,3.6
U104384,P22698,5.0
U104386,P22756,4.0
U104386,P47448,4.4
U104386,P70478,4.7
U104387,P81610,4.3
U104387,P94044,4.0
U104388,P95510,4.2
U104389,P14032,3.6
U104389,P58289,4.9
U104390,P50807,3.5
U104391,P58086,4.0
U104393,P58770,3.3
U104394,P23294,4.8
U104394,P41017,4.6
U104395,P53765,3.6
U104395,P89772,3.5
U104396,P11514,3.7
U104396,P45904,3.4
U104397,P52060,4.1
U104399,P36954,5.0
U104399,P40416,4.1
U104399,P47001,3.4
U104400,P94034,3.0
U104401,P40820,3.7
U104402,P10316,4.2
U104403,P12102,3.3
U104407,P71428,3.7
U104407,P94219,4.0
U104409,P50338,3.7
U104410,P19949,4.8
U104410,P47683,4.1
U104411,P44836,4.0
U104412,P39834,4.0
U104412,P86358,3.8
U104416,P19949,3.7
U104416,P32218,3.9
U104416,P98857,4.3
U104417,P68238,4.6
U104418,P77318,4.0
U104419,P57156,3.8
U104419,P70096,4.3
U104421,P30553,3.9
U104421,P90865,4.2
U104422,P50892,3.4
U104422,P55641,3.9
U104423,P12033,3.5
U104424,P38987,3.7
U104424,P86933,3.7
U104426,P14576,3.9
U104426,P33815,4.4
U104427,P99209,3.8
U104428,P35480,4.9
U104428,P75575,4.1
U104431,P97085,3.4
U104431,P97651,3.3
U104433,P58110,4.2
U104434,P30305,4.8
U104436,P24794,3.8
U104436,P56726,3.2
U104437,P15711,4.0
U104438,P52234,4.2
U104439,P61612,4.2
U104440,P82563,3.7
U104440,P83655,5.0
U104440,P94977,3.4
U104441,P35013,4.1
U104442,P20001,4.1
U104444,P24774,4.3
U104444,P44408,3.7
U104444,P76776,4.3
U104444,P89084,3.7
U104445,P53885,3.3
U104446,P72607,3.1
U104447,P63394,3.9
U104447,P86944,4.4
U104453,P59648,3.1
U104453,P79913,3.5
U104454,P16831,4.5
U104454,P49470,4.1
U104454,P73684,4.2
U104455,P30081,4.1
U104455,P92544,3.5
U104456,P35975,3.4
U104456,P84903,4.1
U104457,P56358,4.2
U104457,P61875,4.0
U104457,P99203,4.0
U104458,P19489,3.6
U104458,P26920,3.8
U104458,P59223,4.7
U104464,P21904,5.0
U104464,P97130,3.4
U104465,P90285,4.3
U104468,P59190,3.2
U104469,P14393,4.3
U104469,P70006,3.9
U104470,P32774,3.7
U104470,P74583,2.9
U104470,P78094,4.2
U104472,P21178,3.8
U104473,P67613,5.0
U104473,P74525,4.2
U104474,P73626,4.2
U104476,P23011,4.8
U104477,P53381,3.8
U104477,P87670,3.9
U104479,P85931,4.9
U104480,P58192,2.7
U104480,P71353,3.1
U104480,P76199,2.8
U104482,P32280,5.0
U104482,P57765,3.9
U104484,P22795,4.4
U104484,P65206,3.7
U104486,P29132,3.5
U104488,P91475,4.7
U104490,P40991,4.6
U104490,P55783,4.6
U104492,P12742,4.2
U104492,P14014,3.6
U104497,P59474,4.3
U104499,P38422,4.1
U104499,P45953,3.3
U104499,P83022,3.8
U104501,P27819,4.1
U104501,P46528,3.7
U104501,P54260,3.6
U104501,P81608,4.6
U104502,P18651,4.1
U104502,P73317,4.7
U104502,P91904,4.0
U104503,P18422,3.3
U104503,P23877,2.9
U104504,P19451,4.9
U104505,P31729,3.7
U104505,P56289,4.2
U104505,P91203,4.2
U104507,P21309,4.5
U104508,P56504,3.6
U104509,P18191,4.3
U104510,P25324,3.8
U104510,P63284,3.7
U104510,P82647,4.5
U104510,P86077,3.2
U104511,P15795,3.5
U104512,P31832,3.1
U104512,P98106,3.1
U104513,P25448,4.1
U104513,P52906,3.0
U104514,P38506,4.7
U104515,P46545,4.1
U104515,P55802,3.8
U104515,P99837,4.6
U104516,P36454,3.8
U104516,P90468,3.8
U104517,P29141,3.9
U104517,P32089,4.0
U104517,P33513,3.3
U104517,P89179,3.8
U104518,P78651,4.4
U104519,P46688,4.1
U104519,P55239,3.0
U104520,P75566,3.5
U104521,P19393,3.6
U104521,P98696,4.2
U104522,P60513,3.8
U104522,P96138,4.1
U104523,P11953,3.6
U104523,P36481,4.2
U104523,P50963,5.0
U104523,P93164,3.4
U104524,P66164,4.2
U104525,P82560,4.1
U104526,P32471,3.8
U104528,P48290,3.6
U104531,P55523,3.9
U104533,P90178,3.8
U104534,P57285,4.2
U104538,P10181,3.5
U104538,P48302,4.1
U104538,P95886,2.9
U104540,P15386,4.1
U104540,P68892,3.7
U104541,P48064,4.2
U104542,P13328,4.0
U104543,P93554,5.0
U104544,P71077,5.0
U104545,P18509,3.5
U104545,P26153,4.3
U104545,P47875,3.5
U104548,P79515,3.1
U104551,P11408,3.9
U104551,P47583,4.2
U104551,P86942,3.3
U104552,P44949,4.1
U104552,P55669,4.2
U104553,P25249,3.8
U104553,P68233,3.6
U104555,P24788,3.2
U104556,P39238,4.6
U104556,P53432,3.0
U104558,P36324,3.5
U104561,P22684,4.1
U104563,P24371,3.0
U104563,P69695,3.6
U104563,P86135,4.1
U104564,P73595,3.6
U104565,P28301,4.8
U104565,P44130,3.8
U104567,P31010,4.4
U104567,P69978,4.7
U104568,P33707,3.9
U104568,P39455,3.7
U104568,P43065,4.0
U104570,P82221,3.7
U104572,P35570,3.8
U104573,P64319,3.5
U104573,P79727,3.3
U104573,P99788,3.6
U104574,P26317,4.2
U104574,P69260,4.1
U104577,P86501,4.8
U104579,P24803,4.6
U104579,P58342,3.7
U104579,P99917,3.1
U104581,P84629,4.3
U104582,P80653,3.7
U104585,P37956,3.5
U104586,P71800,3.9
U104587,P15564,4.0
U104588,P55263,4.3
U104588,P70480,4.0
U104590,P29728,3.7
U104592,P58979,4.3
U104594,P26222,3.9
U104594,P66607,3.7
U104595,P23878,4.4
U104595,P74583,4.4
U104599,P28796,3.3
U104599,P73207,4.8
U104599,P97693,5.0
U104600,P34880,3.9
U104602,P38648,3.3
U104603,P70065,3.8
U104604,P67165,4.7
U104606,P30665,5.0
U104606,P52629,4.0
U104606,P73125,3.9
U104607,P15536,4.1
U104607,P54217,4.3
U104611,P78945,3.4
U104612,P48367,4.5
U104613,P47554,3.6
U104613,P94452,3.7
U104614,P85846,3.6
U104615,P15794,3.3
U104616,P13362,3.9
U104617,P31450,3.9
U104617,P53442,3.6
U104618,P68618,4.1
U104619,P55521,3.9
U104620,P37871,3.2
U104620,P84380,3.5
U104621,P82545,3.7
U104622,P55956,3.8
U104623,P57568,3.4
U104623,P66326,4.8
U104624,P14434,4.1
U104624,P15259,4.2
U104624,P72274,3.9
U104624,P82724,3.7
U104625,P54740,3.4
U104625,P93820,4.8
U104627,P81177,3.9
U104633,P18716,4.2
U104633,P25740,4.6
U104633,P40586,3.0
U104633,P86799,3.2
U104635,P93491,4.0
U104637,P66628,4.0
U104637,P71691,4.3
U104637,P75823,3.9
U104638,P36821,4.2
U104638,P49573,3.4
U104638,P58759,4.6
U104639,P43353,4.2
U104639,P43459,4.1
U104639,P44716,3.6
U104639,P45136,3.9
U104640,P20101,3.5
U104640,P89131,3.0
U104641,P39721,3.5
U104641,P82657,4.1
U104641,P84860,4.1
U104643,P84338,4.5
U104644,P55187,3.5
U104644,P62108,3.7
U104644,P98723,4.0
U104645,P84531,3.5
U104646,P16057,4.1
U104646,P67065,3.7
U104647,P44897,3.3
U104648,P87403,3.7
U104649,P61769,4.1
U104649,P69058,2.6
U104650,P61743,3.1
U104651,P57215,4.1
U104653,P10211,3.1
U104653,P65450,4.6
U104655,P60789,3.5
U104656,P21669,4.2
U104656,P56907,4.6
U104658,P42046,3.6
U104660,P70008,4.0
U104661,P30287,4.0
U104661,P31292,2.8
U104663,P41884,3.5
U104663,P54317,4.7
U104664,P25797,2.9
U104664,P83451,4.2
U104665,P50405,3.9
U104665,P83117,4.3
U104666,P66960,4.0
U104668,P50404,3.6
U104668,P57447,3.9
U104670,P84031,4.0
U104671,P55165,3.8
U104671,P88569,3.2
U104672,P98007,4.1
U104673,P74584,3.8
U104675,P46048,3.8
U104675,P82412,4.8
U104675,P89813,3.3
U104676,P13299,4.5
U104676,P54191,4.7
U104677,P16678,3.6
U104678,P87631,3.3
U104679,P18678,3.9
U104679,P63822,3.4
U104681,P66034,3.7
U104682,P98294,3.9
U104684,P99006,4.3
U104685,P49621,4.1
U104686,P83562,4.1
U104688,P47419,3.7
U104688,P61561,3.7
U104688,P81837,3.8
U104689,P46567,4.1
U104690,P37233,4.1
U104691,P15844,3.9
U104691,P62714,3.7
U104692,P21123,4.0
U104693,P30051,3.2
U104696,P10748,3.6
U104696,P18083,4.2
U104696,P83342,4.0
U104696,P89753,3.2
U104697,P23978,3.9
U104697,P62085,4.3
U104698,P88995,3.3
U104700,P47904,3.2
U104701,P98861,2.7
U104702,P10286,4.4
U104703,P94924,3.8
U104704,P18667,3.8
U104704,P55490,3.1
U104704,P91288,3.6
U104705,P40470,5.0
U104705,P94891,3.8
U104706,P34503,3.7
U104707,P98512,3.4
U104708,P34352,4.7
U104708,P64858,3.2
U104710,P23442,3.6
U104710,P87996,3.9
U104711,P27811,4.0
U104712,P30583,4.2
U104712,P94806,4.5
U104713,P87612,4.5
U104714,P16469,3.7
U104714,P23352,4.2
U104715,P60095,4.8
U104718,P46678,3.7
U104718,P67891,4.2
U104718,P73904,4.0
U104719,P36785,3.8
U104720,P68391,3.7
U104722,P53542,4.3
U104723,P41350,3.5
U104724,P25292,3.9
U104725,P27923,4.0
U104725,P47554,3.1
U104727,P24781,3.3
U104728,P35917,3.1
U104730,P50391,2.9
U104732,P25432,4.9
U104733,P50249,4.0
U104736,P65482,3.7
U104737,P10079,3.8
U104738,P97513,3.5
U104739,P79514,3.9
U104741,P41000,3.5
U104742,P50231,4.1
U104743,P16789,3.4
U104746,P71079,2.6
U104749,P83003,4.5
U104752,P57381,3.8
U104752,P93573,4.0
U104754,P67128,4.6
U104755,P99500,3.8
U104756,P10231,3.5
U104756,P72736,3.5
U104756,P95815,4.1
U104757,P17398,3.1
U104759,P40805,3.1
U104759,P69514,4.5
U104761,P64202,4.6
U104762,P15825,2.6
U104763,P59679,4.0
U104765,P99601,4.0
U104766,P48009,4.5
U104767,P89680,4.3
U104768,P13215,3.1
U104768,P64463,4.1
U104769,P44317,4.2
U104771,P30174,4.2
U104771,P56011,3.6
U104771,P83040,4.6
U104772,P65028,4.0
U104772,P99861,4.0
U104773,P45601,4.5
U104773,P80888,3.4
U104774,P49868,3.7
U104774,P60082,4.3
U104776,P13762,4.0
U104777,P93416,3.5
U104778,P94055,3.9
U104780,P55313,3.3
U104781,P63990,4.1
U104781,P96942,3.5
U104782,P90909,4.5
U104783,P51165,4.1
U104785,P26661,3.3
U104786,P24968,3.8
U104787,P22837,3.9
U104787,P67467,3.9
U104788,P76125,4.1
U104788,P82985,3.3
U104788,P87163,4.4
U104788,P95952,4.2
U104789,P68307,3.6
U104790,P54186,4.0
U104791,P64404,3.9
U104792,P32189,5.0
U104792,P83361,3.9
U104794,P42289,4.0
U104794,P56156,4.2
U104794,P56715,3.2
U104795,P55624,4.0
U104796,P54785,3.5
U104796,P58840,3.8
U104796,P73544,4.3
U104797,P71706,4.3
U104798,P53522,3.8
U104798,P58429,5.0
U104799,P87222,3.2
U104801,P28729,4.6
U104802,P20519,4.7
U104803,P61749,3.8
U104803,P90459,5.0
U104805,P24174,3.6
U104807,P59126,3.1
U104808,P20842,3.8
U104808,P94107,4.0
U104810,P52499,4.3
U104810,P63104,3.6
U104811,P37205,3.5
U104811,P84965,4.3
U104812,P56649,3.5
U104813,P80916,3.9
U104814,P31165,4.8
U104814,P55216,3.1
U104816,P60341,4.3
U104817,P68964,3.8
U104817,P90020,4.3
U104818,P27160,3.7
U104818,P38513,3.7
U104818,P87410,3.9
U104819,P29524,3.6
U104819,P89706,4.1
U104821,P33382,4.2
U104822,P73452,3.7
U104823,P20365,4.3
U104823,P33880,4.1
U104823,P74019,3.5
U104825,P69576,3.1
U104826,P94267,3.7
U104829,P39055,3.5
U104829,P48796,3.8
U104830,P97395,3.1
U104831,P30721,3.3
U104835,P20675,3.6
U104836,P42367,3.5
U104837,P86803,4.2
U104839,P35343,4.3
U104839,P40056,4.0
U104839,P66483,4.1
U104842,P79274,4.0
U104843,P18227,3.9
U104843,P55634,3.3
U104844,P64824,4.6
U104844,P91436,4.8
U104845,P27631,3.4
U104845,P68338,3.8
U104845,P92577,4.6
U104846,P10090,4.3
U104847,P31899,3.3
U104847,P66292,3.2
U104848,P11447,4.0
U104848,P63797,3.5
U104848,P68521,4.1
U104848,P77739,4.0
U104849,P41655,4.4
U104856,P16947,3.7
U104856,P24438,3.2
U104856,P74099,3.8
U104859,P44472,4.4
U104859,P58317,3.5
U104865,P39120,4.5
U104865,P47029,3.5
U104865,P97967,4.7
U104866,P19268,4.6
U104869,P34053,4.6
U104870,P32234,3.7
U104871,P18277,3.9
U104871,P39537,3.8
U104872,P42647,3.8
U104872,P80458,3.8
U104874,P20681,3.1
U104874,P99974,3.5
U104876,P23479,4.1
U104876,P77215,3.6
U104877,P20315,3.5
U104877,P54880,4.4
U104879,P77326,4.0
U104880,P17881,3.7
U104880,P88129,3.8
U104883,P36634,3.9
U104884,P45781,3.5
U104884,P50753,3.6
U104885,P90270,4.7
U104887,P21350,3.9
U104887,P87230,4.8
U104887,P99811,4.1
U104888,P22000,3.7
U104893,P15439,3.9
U104894,P38030,4.3
U104899,P28486,4.7
U104901,P49345,3.4
U104902,P40141,4.0
U104905,P39856,4.0
U104906,P90648,4.8
U104907,P48448,3.8
U104908,P52208,4.7
U104911,P86651,3.4
U104912,P34502,3.6
U104914,P20614,5.0
U104914,P53300,4.6
U104915,P46642,3.7
U104918,P90505,4.2
U104919,P25601,3.0
U104919,P92564,3.3
U104923,P15252,4.8
U104923,P86403,4.1
U104927,P50779,4.6
U104929,P16544,3.8
U104930,P39018,4.7
U104931,P26461,3.1
U104931,P41318,3.9
U104931,P61219,3.7
U104932,P89751,3.9
U104932,P99901,3.7
U104933,P21937,3.2
U104934,P28235,4.1
U104934,P52369,4.3
U104935,P14977,4.0
U104935,P71034,4.2
U104935,P92020,3.3
U104936,P51041,4.1
U104936,P67416,4.6
U104936,P94225,4.4
U104937,P29041,3.4
U104937,P31417,4.0
U104938,P10769,4.3
U104938,P78317,3.1
U104939,P15674,4.2
U104940,P39339,3.6
U104942,P16933,4.4
U104943,P14279,3.5
U104945,P77984,3.6
U104945,P90935,4.8
U104946,P32868,4.5
U104946,P58731,4.4
U104948,P90339,4.0
U104949,P21422,4.1
U104949,P37466,3.8
U104949,P46356,4.4
U104953,P77335,3.9
U104955,P23927,3.6
U104955,P46369,4.1
U104955,P90435,3.7
U104956,P55478,3.5
U104958,P36640,3.0
U104958,P68907,3.6
U104958,P99907,3.8
U104959,P41548,4.6
U104960,P20215,3.4
U104960,P55702,4.4
U104961,P70371,3.7
U104961,P97734,2.8
U104962,P49637,3.9
U104963,P10636,4.1
U104963,P28591,4.7
U104965,P32599,3.0
U104965,P73511,4.1
U104967,P20449,3.8
U104967,P53198,4.0
U104967,P91970,4.5
U104969,P81638,3.9
U104969,P82348,3.4
U104970,P38026,3.9
U104970,P71122,4.6
U104971,P93914,4.3
U104972,P95695,4.6
U104973,P10962,4.8
U104973,P94048,4.6
U104975,P60482,3.3
U104975,P62794,3.8
U104975,P69914,3.9
U104975,P71858,4.3
U104976,P36143,3.6
U104977,P74669,4.3
U104978,P68524,3.9
U104979,P13966,5.0
U104979,P24439,5.0
U104980,P41039,4.4
U104980,P50917,4.6
U104982,P67406,5.0
U104982,P90526,3.6
U104983,P20604,3.8
U104983,P60747,2.9
U104983,P95273,3.8
U104984,P54551,3.9
U104985,P26845,3.5
U104986,P29025,3.6
U104987,P48412,3.5
U104988,P50633,3.7
U104989,P59476,4.5
U104990,P12045,3.9
U104990,P29695,3.8
U104991,P35982,4.1
U104993,P79150,3.1
U104994,P20795,3.1
U104994,P69531,4.1
U104995,P20918,4.9
U104995,P53641,3.7
U104996,P33774,4.1
U104996,P70627,3.5
U104997,P92141,4.3
U104998,P54492,4.0
U105000,P40309,3.9
U105001,P83860,3.1
U105003,P89591,4.6
U105003,P97960,3.9
U105006,P68088,3.8
U105008,P34538,3.1
U105009,P15045,3.6
U105009,P58528,5.0
U105010,P22042,3.9
U105010,P30884,4.0
U105010,P43013,3.8
U105010,P60277,2.9
U105010,P96203,4.1
U105013,P71986,5.0
U105014,P46889,3.8
U105014,P73180,3.4
U105015,P10182,3.4
U105015,P13636,3.9
U105015,P69865,3.1
U105015,P84553,4.5
U105019,P94456,3.7
U105020,P26714,4.0
U105020,P65100,4.8
U105021,P55864,4.7
U105021,P57895,3.6
U105021,P81738,3.5
U105023,P26302,3.5
U105023,P51241,3.1
U105024,P12874,3.3
U105025,P19409,3.5
U105025,P26963,4.5
U105026,P23628,3.6
U105026,P45452,4.0
U105027,P65166,4.9
U105027,P81450,4.5
U105030,P78829,3.4
U105031,P31851,3.3
U105032,P30551,4.2
U105032,P42693,3.2
U105033,P38077,3.9
U105033,P83801,3.8
U105035,P26083,4.3
U105035,P87743,2.9
U105036,P12803,5.0
U105036,P18399,3.2
U105036,P26917,4.8
U105036,P28749,4.3
U105037,P19043,4.2
U105040,P28622,4.3
U105040,P55346,4.0
U105041,P91740,3.6
U105042,P62475,4.5
U105042,P78752,3.6
U105043,P69336,3.9
U105045,P49266,2.9
U105045,P61849,4.8
U105046,P53248,4.3
U105049,P43535,4.0
U105049,P88566,3.8
U105051,P47356,2.8
U105051,P99567,3.1
U105052,P49859,3.1
U105052,P65972,4.0
U105053,P31439,3.2
U105054,P51044,3.8
U105054,P93740,4.1
U105055,P89430,4.3
U105058,P84257,3.8
U105060,P86410,4.2
U105063,P63933,3.8
U105065,P22240,3.7
U105066,P74908,3.5
U105067,P50379,3.3
U105070,P19337,4.4
U105070,P29396,4.0
U105071,P22602,4.0
U105072,P27638,4.2
U105072,P39663,4.0
U105072,P40334,3.9
U105073,P14653,4.5
U105073,P66300,3.9
U105074,P37364,3.8
U105075,P37862,3.9
U105075,P66475,3.6
U105075,P79900,3.8
U105077,P23349,3.9
U105077,P92179,3.7
U105078,P49360,3.6
U105079,P10546,3.4
U105080,P49630,3.8
U105080,P53841,3.4
U105083,P65438,3.5
U105085,P10088,3.8
U105088,P90016,3.9
U105091,P32093,4.5
U105093,P61999,4.5
U105093,P89169,2.8
U105094,P28076,4.1
U105096,P21077,3.9
U105096,P27638,3.4
U105096,P45494,3.4
U105096,P87834,3.9
U105097,P68467,3.7
U105098,P35530,4.4
U105098,P41355,3.0
U105098,P59490,3.7
U105098,P84002,5.0
U105099,P32616,4.6
U105099,P69825,4.2
U105100,P39389,3.6
U105100,P76807,3.5
U105100,P87577,4.2
U105100,P97169,4.5
U105101,P63609,4.1
U105102,P65737,3.9
U105102,P71732,4.3
U105103,P42377,4.1
U105103,P50993,4.1
U105103,P65653,4.7
U105103,P76195,3.0
U105104,P45187,3.0
U105104,P71139,3.6
U105106,P60518,3.9
U105107,P60639,4.0
U105108,P58428,2.8
U105109,P70806,4.1
U105110,P56133,3.3
U105110,P90173,4.4
U105112,P26249,3.6
U105112,P46078,3.7
U105112,P51924,4.7
U105113,P30594,3.9
U105114,P19138,3.5
U105114,P24301,3.6
U105115,P85173,4.0
U105116,P31572,4.0
U105116,P71086,2.9
U105116,P90790,4.8
U105117,P13703,3.4
U105117,P43268,3.0
U105117,P70551,4.4
U105118,P12951,4.1
U105119,P29652,2.8
U105119,P37587,3.0
U105121,P83823,3.1
U105121,P94906,4.5
U105122,P19797,4.6
U105123,P87031,3.9
U105124,P41357,3.8
U105125,P51457,3.8
U105128,P19624,4.3
U105129,P20801,3.5
U105129,P37976,4.3
U105129,P40081,3.7
U105129,P60443,3.3
U105132,P28578,3.5
U105132,P54480,3.4
U105133,P36513,4.0
U105133,P78051,3.2
U105135,P88165,4.5
U105136,P22301,4.3
U105136,P35741,4.6
U105139,P79132,4.7
U105140,P78635,5.0
U105141,P51029,3.6
U105142,P77349,4.0
U105143,P29171,3.4
U105144,P49873,4.4
U105145,P16785,3.8
U105145,P44835,3.6
U105146,P19840,4.1
U105150,P56090,3.6
U105151,P10426,3.7
U105151,P83271,4.3
U105152,P79586,4.4
U105153,P86970,3.9
U105154,P50323,4.4
U105154,P57195,4.3
U105155,P82257,4.9
U105156,P79772,4.1
U105158,P10097,4.3
U105158,P27131,4.1
U105159,P68264,2.9
U105160,P49376,4.9
U105160,P75522,5.0
U105162,P88790,3.0
U105162,P92715,3.7
U105162,P93823,4.7
U105163,P75994,3.3
U105166,P60515,4.3
U105171,P13657,3.7
U105171,P26154,4.0
U105171,P77179,3.9
U105172,P15361,3.4
U105172,P79641,3.1
U105173,P61135,4.5
U105174,P34172,3.8
U105174,P58438,4.1
U105174,P63091,4.1
U105175,P78461,4.2
U105177,P87257,3.4
U105178,P81384,4.5
U105179,P10996,4.0
U105179,P28184,4.3
U105181,P36973,4.1
U105182,P69470,4.5
U105183,P80202,3.6
U105185,P21848,3.5
U105185,P60691,2.7
U105185,P77534,3.9
U105185,P92109,4.4
U105186,P54331,4.7
U105187,P18243,3.8
U105188,P21503,4.7
U105188,P32433,3.2
U105188,P71477,4.9
U105190,P50572,4.3
U105191,P37733,4.5
U105192,P53104,3.2
U105194,P30507,4.2
U105194,P67352,3.5
U105194,P82201,3.6
U105197,P56126,3.8
U105198,P55831,3.5
U105198,P85955,4.1
U105200,P80694,3.6
U105202,P18625,2.7
U105202,P25199,4.0
U105202,P79409,4.0
U105203,P86066,4.1
U105204,P42471,4.0
U105206,P47729,3.6
U105207,P15231,3.1
U105208,P68206,4.0
U105208,P94555,4.5
U105209,P80246,4.9
U105212,P27443,3.7
U105212,P36087,4.7
U105213,P33538,3.1
U105213,P64423,3.9
U105213,P77820,3.2
U105215,P59767,4.3
U105217,P59921,4.1
U105217,P81382,3.8
U105217,P84861,3.9
U105217,P86437,3.4
U105218,P19116,4.8
U105219,P10035,3.7
U105219,P91359,3.7
U105220,P35848,4.6
U105220,P48355,4.2
U105220,P58409,3.0
U105221,P63533,4.1
U105222,P19474,4.3
U105224,P56733,3.8
U105225,P18759,3.3
U105225,P21719,4.7
U105225,P46595,4.3
U105225,P60654,4.1
U105225,P77758,4.0
U105225,P83732,4.9
U105226,P18706,4.0
U105226,P81946,3.3
U105227,P65940,3.6
U105227,P67412,3.9
U105228,P26935,4.7
U105229,P12185,3.8
U105231,P71352,4.2
U105231,P84375,4.3
U105232,P30682,4.1
U105232,P63706,4.0
U105232,P67442,2.7
U105232,P93292,3.4
U105233,P86709,4.0
U105233,P92202,3.8
U105234,P55643,5.0
U105235,P51759,4.5
U105236,P62607,3.7
U105236,P73407,4.5
U105237,P91191,3.5
U105238,P17437,4.1
U105238,P55089,4.6
U105239,P89951,5.0
U105240,P20563,4.6
U105242,P10293,4.3
U105242,P59113,3.4
U105242,P85567,4.1
U105244,P98224,4.0
U105245,P85216,4.5
U105246,P64281,4.0
U105247,P63067,2.8
U105248,P97819,2.7
U105251,P19435,3.2
U105251,P37538,3.3
U105251,P55188,3.8
U105252,P44651,4.4
U105252,P94975,3.1
U105253,P29444,3.8
U105253,P52750,4.1
U105256,P74730,5.0
U105258,P33762,5.0
U105258,P78925,3.7
U105260,P17184,4.4
U105260,P69339,3.9
U105260,P83118,3.8
U105261,P89671,3.9
U105262,P46365,5.0
U105263,P75674,4.0
U105271,P18633,3.9
U105271,P20193,3.3
U105272,P27553,3.1
U105272,P57466,3.1
U105273,P31176,4.1
U105273,P92415,3.9
U105274,P70199,3.8
U105274,P75660,4.0
U105275,P20996,3.7
U105276,P73272,3.6
U105277,P73426,4.4
U105279,P47843,4.6
U105279,P49896,4.0
U105279,P83479,4.1
U105281,P21502,3.7
U105281,P72088,3.4
U105281,P83682,4.6
U105282,P20072,3.9
U105286,P19566,4.1
U105286,P50150,3.5
U105287,P42901,4.1
U105287,P73536,3.2
U105288,P20162,4.6
U105288,P61971,4.1
U105289,P76686,4.6
U105289,P79093,4.0
U105290,P38608,4.1
U105294,P43107,3.2
U105294,P92560,3.7
U105295,P13398,4.5
U105299,P24661,3.0
U105299,P34324,3.3
U105300,P25903,3.8
U105300,P71008,4.7
U105301,P53003,4.0
U105302,P57535,4.5
U105302,P85242,4.5
U105303,P24790,2.7
U105304,P26571,3.7
U105304,P46657,2.9
U105305,P34662,4.0
U105306,P95559,3.2
U105307,P54833,4.2
U105309,P58345,4.7
U105309,P67474,3.8
U105309,P77785,3.9
U105309,P85505,4.3
U105311,P59270,4.0
U105312,P40195,4.1
U105312,P75314,3.3
U105313,P61202,4.6
U105314,P21672,3.1
U105315,P97948,3.3
U105316,P58837,4.0
U105317,P44574,4.0
U105320,P85913,4.7
U105321,P19641,3.7
U105321,P64282,3.6
U105321,P89430,3.8
U105323,P61627,3.0
U105323,P73688,4.4
U105323,P99399,4.3
U105325,P86156,3.5
U105327,P26610,3.4
U105328,P87092,3.4
U105330,P46493,3.6
U105330,P87026,4.0
U105332,P32419,4.8
U105335,P46051,5.0
U105335,P63293,4.5
U105335,P95138,4.0
U105339,P31825,3.4
U105340,P15155,3.8
U105340,P41319,4.0
U105341,P18302,3.1
U105343,P62078,4.0
U105343,P78889,3.7
U105344,P74369,4.5
U105345,P40798,5.0
U105346,P43267,4.8
U105346,P45888,3.3
U105346,P98317,3.5
U105347,P44112,5.0
U105347,P66693,3.3
U105348,P22474,3.2
U105349,P85469,4.8
U105351,P22668,3.2
U105353,P79055,3.6
U105355,P76815,3.8
U105356,P29764,3.7
U105357,P62774,4.1
U105360,P45210,4.6
U105361,P14808,3.9
U105361,P56364,4.1
U105363,P50917,3.6
U105364,P17351,4.4
U105365,P77533,4.7
U105366,P30740,4.2
U105369,P12944,4.5
U105371,P33155,3.2
U105372,P67481,3.8
U105373,P10166,3.0
U105374,P84399,3.7
U105375,P57461,3.8
U105375,P64519,4.6
U105375,P94672,3.0
U105376,P10284,4.0
U105377,P99788,4.1
U105378,P50705,3.0
U105379,P27959,4.8
U105379,P90753,3.5
U105379,P91938,3.7
U105380,P37065,4.1
U105380,P70200,3.2
U105380,P80634,3.7
U105380,P94969,4.7
U105381,P65870,4.1
U105381,P93282,4.0
U105382,P76391,3.8
U105383,P29688,3.5
U105383,P45485,2.8
U105384,P25531,3.4
U105384,P49225,3.3
U105384,P55762,3.8
U105385,P87264,4.3
U105386,P95658,4.4
U105387,P74328,5.0
U105387,P95205,4.5
U105388,P57567,4.0
U105389,P30971,3.8
U105389,P49502,4.2
U105389,P88796,4.2
U105389,P92883,4.2
U105391,P88637,4.3
U105393,P44699,3.9
U105393,P56087,3.9
U105394,P26731,3.9
U105399,P54938,4.0
U105400,P24516,4.6
U105400,P25202,3.9
U105401,P23610,3.8
U105401,P45825,3.2
U105401,P57596,3.0
U105403,P77868,4.4
U105404,P57099,4.1
U105404,P84801,4.4
U105405,P16187,4.2
U105405,P31466,3.8
U105406,P29489,4.5
U105406,P95476,2.7
U105408,P42275,3.6
U105408,P45418,3.7
U105409,P24077,3.4
U105410,P34792,3.8
U105410,P60477,4.3
U105411,P61280,4.1
U105412,P94040,4.0
U105413,P89522,4.5
U105416,P54807,4.2
U105416,P87523,4.3
U105417,P38238,4.6
U105417,P40630,4.0
U105417,P60657,4.3
U105417,P87121,2.8
U105418,P22562,4.2
U105419,P50815,3.6
U105419,P73881,4.3
U105420,P30878,3.8
U105421,P71214,4.6
U105423,P16870,3.8
U105423,P71080,4.5
U105425,P41367,3.6
U105425,P51296,4.4
U105425,P56561,3.8
U105426,P21138,4.7
U105426,P50444,3.3
U105428,P33095,3.5
U105429,P67302,4.0
U105431,P38172,3.7
U105431,P74967,3.1
U105431,P90749,4.2
U105434,P15302,3.9
U105435,P51925,4.5
U105439,P67188,3.4
U105441,P73430,4.4
U105441,P86405,4.4
U105441,P89302,3.2
U105442,P43023,4.0
U105443,P17708,3.5
U105443,P27492,4.0
U105443,P30005,3.8
U105445,P13657,3.1
U105445,P74841,3.9
U105445,P77081,4.2
U105447,P53118,3.9
U105448,P19442,3.0
U105448,P26572,3.5
U105449,P50873,4.3
U105450,P13831,3.3
U105450,P47169,4.2
U105451,P31822,4.7
U105451,P87749,4.1
U105453,P11259,4.3
U105454,P23787,5.0
U105454,P61484,4.2
U105455,P22350,4.3
U105455,P72752,4.3
U105457,P25862,4.9
U105460,P65230,4.1
U105461,P85641,3.1
U105464,P57982,4.2
U105464,P86564,3.7
U105465,P42616,4.6
U105466,P67897,3.0
U105466,P78782,3.9
U105467,P16987,3.2
U105467,P21820,4.0
U105468,P17722,3.5
U105468,P91568,3.5
U105469,P74186,3.9
U105469,P76064,4.0
U105471,P31672,3.5
U105473,P44671,4.2
U105473,P56281,4.5
U105473,P91791,2.6
U105474,P34035,3.4
U105474,P58849,4.2
U105475,P42152,2.6
U105477,P11542,3.9
U105477,P31264,3.8
U105477,P36199,4.3
U105480,P62874,4.6
U105480,P98211,3.1
U105481,P44203,3.8
U105481,P62096,4.2
U105482,P39527,3.4
U105482,P84685,3.6
U105483,P93525,4.8
U105484,P20868,5.0
U105485,P64414,3.4
U105486,P18546,4.2
U105487,P54605,3.4
U105488,P11415,4.6
U105488,P62145,4.2
U105489,P34113,3.4
U105489,P65797,4.3
U105489,P69283,4.4
U105489,P71942,3.9
U105490,P57128,4.8
U105491,P51532,4.7
U105491,P81830,4.2
U105492,P21890,3.8
U105493,P71673,4.2
U105494,P62629,4.3
U105494,P75332,4.5
U105495,P45278,3.4
U105497,P15051,4.2
U105497,P59055,3.7
U105497,P86705,4.0
U105499,P96721,4.5
U105500,P26838,3.6
U105501,P41816,4.0
U105503,P31202,3.5
U105503,P60741,3.9
U105503,P90467,3.6
U105504,P62957,4.0
U105504,P70007,3.9
U105507,P75175,3.5
U105507,P86019,4.5
U105508,P61176,3.4
U105508,P85222,4.4
U105508,P85522,4.2
U105509,P16072,2.9
U105510,P34340,3.4
U105510,P36845,4.0
U105511,P70117,4.0
U105511,P76756,3.5
U105512,P26669,4.1
U105514,P38353,3.0
U105515,P16971,4.4
U105515,P25281,3.4
U105518,P64351,4.1
U105523,P25827,4.1
U105525,P34559,4.4
U105526,P64364,3.8
U105526,P89204,4.0
U105526,P89288,4.0
U105526,P89871,4.0
U105527,P97735,5.0
U105528,P35732,3.9
U105529,P13823,4.4
U105530,P20130,4.9
U105530,P35930,3.7
U105530,P61909,3.9
U105533,P14423,5.0
U105533,P77935,3.7
U105534,P22758,3.9
U105534,P55725,4.1
U105536,P39579,3.1
U105537,P67640,2.5
U105538,P57028,3.6
U105538,P59855,3.8
U105539,P16523,4.2
U105539,P45258,3.3
U105539,P53465,3.8
U105540,P79504,3.1
U105540,P98663,3.7
U105541,P98970,3.7
U105543,P28520,3.0
U105543,P81341,4.2
U105545,P10843,3.3
U105545,P77659,4.0
U105546,P46617,3.5
U105550,P41726,4.1
U105551,P30007,4.9
U105551,P73308,3.5
U105553,P34737,3.8
U105556,P27362,3.6
U105556,P88465,3.3
U105558,P43478,4.4
U105560,P52697,3.8
U105561,P30339,3.6
U105562,P65479,3.7
U105563,P82631,4.4
U105564,P54839,3.9
U105568,P68312,4.6
U105568,P95440,3.1
U105569,P28838,3.4
U105570,P32462,4.0
U105570,P55967,4.2
U105571,P13032,3.3
U105571,P13278,4.3
U105572,P95311,4.0
U105573,P93956,3.4
U105574,P22991,4.8
U105575,P68348,3.5
U105576,P39144,4.0
U105577,P91131,3.1
U105578,P21886,3.3
U105578,P87779,4.7
U105581,P71863,4.0
U105582,P82708,4.9
U105583,P45336,2.9
U105583,P68957,3.4
U105583,P80243,3.9
U105586,P44851,3.6
U105586,P95053,3.1
U105587,P11674,5.0
U105587,P35770,3.9
U105588,P49530,4.3
U105589,P11111,4.3
U105589,P55118,4.5
U105590,P86674,3.3
U105593,P37490,4.0
U105594,P19420,4.3
U105594,P54003,4.0
U105595,P42504,4.3
U105596,P80154,3.7
U105597,P38065,4.0
U105597,P52536,3.7
U105597,P60334,3.6
U105597,P67029,3.3
U105597,P94156,3.6
U105601,P48504,4.0
U105601,P49200,4.3
U105602,P22075,3.3
U105603,P52783,2.9
U105603,P70504,4.5
U105604,P57398,3.6
U105605,P18815,4.6
U105605,P44781,4.1
U105605,P87921,4.3
U105605,P93399,4.2
U105606,P75955,3.2
U105607,P33120,4.6
U105609,P54950,3.5
U105609,P58970,4.3
U105610,P32787,4.1
U105610,P80024,3.1
U105611,P18962,3.8
U105612,P56423,4.1
U105612,P71313,3.1
U105613,P15606,4.0
U105613,P61428,2.8
U105614,P43803,3.9
U105616,P84067,4.5
U105617,P18530,3.6
U105617,P30088,3.7
U105619,P19955,2.9
U105619,P59854,4.4
U105620,P11628,3.6
U105621,P93401,4.6
U105624,P88254,4.3
U105625,P17620,4.3
U105625,P23367,2.8
U105627,P20697,3.3
U105628,P37573,4.1
U105629,P73901,4.4
U105630,P28592,4.0
U105630,P90862,4.3
U105631,P45605,3.5
U105632,P82947,4.5
U105634,P25830,3.3
U105634,P47286,4.0
U105635,P56486,3.6
U105635,P81253,3.8
U105636,P41906,2.8
U105637,P61350,3.6
U105640,P16469,4.5
U105642,P55962,3.8
U105642,P92494,3.9
U105643,P18104,3.5
U105643,P39766,3.5
U105644,P55591,4.9
U105644,P98740,3.7
U105645,P37117,3.5
U105646,P87051,3.9
U105647,P23323,2.9
U105647,P41508,4.1
U105648,P24995,4.3
U105650,P51012,3.1
U105651,P30469,3.9
U105651,P31568,3.1
U105651,P66284,4.0
U105652,P16541,4.0
U105654,P23664,3.8
U105654,P29722,4.3
U105654,P60054,4.1
U105654,P90428,2.5
U105655,P66116,4.3
U105657,P39632,4.2
U105657,P57889,4.3
U105658,P26692,3.5
U105659,P13304,4.5
U105659,P33275,4.4
U105660,P31167,4.0
U105661,P62989,4.8
U105661,P65122,3.5
U105661,P71680,3.6
U105663,P29730,4.4
U105664,P87306,4.1
U105665,P32990,4.2
U105665,P70225,3.7
U105666,P10971,3.5
U105667,P33918,4.0
U105668,P82467,2.9
U105673,P47827,3.7
U105673,P48140,4.9
U105674,P10652,4.2
U105674,P99869,4.7
U105675,P54407,4.9
U105676,P69127,5.0
U105677,P31670,3.6
U105677,P88422,4.0
U105678,P21568,3.4
U105678,P27273,4.4
U105678,P39632,3.2
U105678,P43711,3.7
U105680,P19115,5.0
U105680,P98009,4.4
U105681,P31572,4.0
U105681,P90904,3.4
U105683,P39598,3.3
U105686,P12667,4.3
U105689,P26658,3.9
U105689,P49579,4.6
U105689,P81295,3.9
U105691,P53090,4.3
U105692,P99140,4.2
U105693,P75959,4.1
U105693,P88808,3.7
U105695,P59475,4.6
U105696,P66248,4.3
U105696,P97427,4.0
U105697,P53852,3.7
U105700,P91545,3.9
U105700,P91939,2.5
U105702,P74799,3.3
U105702,P83638,4.2
U105705,P83614,3.7
U105708,P59856,3.8
U105708,P85888,4.2
U105709,P76780,4.0
U105710,P16622,4.5
U105712,P56085,3.8
U105713,P36442,3.8
U105713,P44138,4.8
U105714,P35827,4.1
U105714,P92379,3.3
U105715,P10447,4.1
U105717,P86975,3.5
U105720,P22008,3.8
U105723,P70025,4.0
U105723,P87966,4.0
U105723,P96870,4.2
U105725,P30470,3.6
U105726,P69277,3.5
U105729,P51517,3.5
U105731,P18423,3.7
U105732,P44105,3.5
U105732,P66632,4.3
U105732,P66729,4.8
U105733,P64276,4.2
U105734,P33637,4.6
U105734,P57107,3.6
U105734,P57423,3.6
U105738,P88609,4.0
U105741,P55570,3.4
U105742,P96050,2.7
U105743,P79916,4.0
U105743,P91779,3.8
U105743,P93969,3.6
U105744,P56778,4.4
U105745,P82947,4.8
U105746,P43891,4.8
U105746,P83813,4.7
U105747,P32731,4.9
U105748,P15706,3.6
U105748,P68413,3.8
U105751,P44257,4.7
U105751,P75220,3.8
U105752,P76891,4.1
U105752,P84511,4.2
U105754,P11513,3.7
U105754,P54847,3.7
U105754,P91926,3.6
U105755,P80018,3.6
U105756,P71814,4.0
U105756,P74464,3.7
U105759,P99050,3.7
U105761,P58658,4.1
U105761,P63598,3.1
U105761,P67107,3.8
U105762,P24493,4.3
U105762,P52808,3.6
U105764,P10937,4.2
U105765,P54715,4.5
U105766,P63863,4.8
U105770,P50432,4.5
U105771,P23142,3.2
U105772,P21236,4.4
U105772,P49328,4.0
U105772,P55233,3.8
U105773,P66863,3.1
U105773,P70831,3.8
U105775,P21368,3.5
U105775,P71626,3.5
U105778,P27982,3.0
U105780,P69832,3.9
U105781,P29686,4.9
U105782,P63067,4.7
U105784,P71330,4.0
U105785,P88780,3.5
U105785,P91778,3.7
U105786,P74359,4.8
U105787,P24670,4.1
U105788,P27086,3.2
U105788,P31408,4.3
U105789,P16416,3.6
U105792,P55066,3.8
U105793,P28518,3.3
U105800,P50679,3.4
U105800,P96893,3.7
U105801,P46561,3.1
U105802,P13977,3.9
U105802,P21411,3.8
U105804,P62104,3.9
U105805,P28960,4.3
U105805,P79852,3.5
U105806,P13054,3.9
U105806,P67979,4.0
U105807,P49610,3.7
U105808,P20852,4.6
U105809,P93119,4.0
U105810,P35449,3.6
U105811,P42160,3.1
U105811,P69438,3.7
U105814,P59152,4.9
U105815,P24934,4.0
U105816,P59861,4.5
U105819,P19963,3.0
U105820,P12022,3.5
U105822,P75735,4.3
U105822,P96298,3.8
U105824,P64226,4.2
U105825,P14295,3.8
U105825,P70302,3.0
U105826,P23561,4.8
U105826,P41033,3.8
U105828,P47109,3.1
U105829,P85893,4.5
U105832,P15906,3.6
U105833,P58429,3.6
U105833,P78471,4.1
U105836,P87964,4.0
U105837,P97656,3.8
U105838,P24180,3.2
U105843,P61348,3.7
U105843,P64277,4.5
U105844,P18324,5.0
U105845,P60577,4.0
U105846,P51186,3.9
U105847,P24900,3.6
U105847,P47582,4.4
U105849,P37264,4.9
U105849,P62427,2.3
U105850,P50977,5.0
U105850,P72646,3.5
U105851,P25354,3.7
U105851,P40692,3.2
U105852,P91634,4.4
U105854,P20594,4.0
U105854,P33349,5.0
U105854,P38311,3.6
U105855,P17869,4.5
U105855,P92751,3.6
U105856,P10326,4.4
U105856,P58857,4.5
U105857,P35450,4.0
U105857,P56095,4.4
U105858,P43027,4.3
U105858,P43623,4.0
U105858,P51182,3.9
U105859,P93204,3.0
U105860,P19238,4.4
U105862,P22246,3.3
U105862,P94204,3.8
U105863,P77581,4.2
U105864,P62705,4.4
U105865,P59227,4.6
U105865,P97545,4.1
U105870,P62248,2.9
U105871,P26537,3.9
U105871,P69853,3.7
U105873,P20536,4.2
U105873,P74248,3.5
U105873,P85583,4.2
U105873,P97797,3.9
U105874,P80840,3.3
U105875,P82897,4.1
U105876,P29831,4.7
U105877,P74787,4.4
U105879,P30572,4.4
U105879,P33131,3.3
U105879,P48556,3.8
U105879,P90368,4.6
U105879,P93066,3.8
U105880,P73623,3.9
U105882,P39507,4.7
U105883,P67346,5.0
U105883,P92377,4.1
U105885,P16469,4.3
U105885,P46177,4.8
U105885,P77308,3.4
U105886,P13997,4.5
U105886,P54759,3.7
U105889,P18616,4.2
U105889,P40582,3.7
U105889,P54289,3.5
U105891,P87451,5.0
U105892,P70639,3.6
U105893,P13616,3.1
U105894,P15233,4.1
U105895,P83102,4.7
U105897,P47967,3.6
U105897,P91248,3.8
U105899,P67387,3.4
U105899,P91976,3.7
U105902,P13626,4.6
U105903,P19456,3.4
U105904,P10167,3.9
U105905,P16336,4.1
U105905,P87636,3.6
U105906,P16343,3.7
U105906,P22927,3.9
U105906,P64840,4.3
U105906,P93454,4.3
U105907,P22490,4.3
U105908,P38225,4.2
U105908,P50802,3.6
U105908,P95347,4.5
U105909,P13435,4.0
U105912,P40464,4.3
U105913,P39048,3.6
U105915,P95788,3.5
U105917,P47117,3.4
U105917,P66526,3.7
U105918,P91922,4.0
U105919,P82887,3.2
U105919,P82979,4.3
U105920,P39846,4.3
U105920,P89036,3.5
U105921,P80937,3.5
U105922,P21538,3.8
U105922,P34002,3.8
U105923,P26242,3.8
U105923,P65060,3.3
U105923,P84481,3.6
U105924,P49529,4.3
U105924,P57848,4.5
U105924,P60714,3.4
U105924,P64592,3.3
U105924,P83645,4.1
U105927,P66589,4.5
U105927,P71513,4.3
U105928,P13982,2.4
U105928,P72797,4.4
U105928,P89585,4.0
U105929,P60190,3.7
U105930,P82271,4.3
U105932,P64133,4.9
U105933,P81911,3.4
U105934,P58882,4.2
U105934,P71722,4.0
U105934,P86485,4.2
U105935,P38202,4.1
U105935,P53495,4.1
U105935,P89920,4.0
U105937,P11448,4.6
U105941,P29912,3.4
U105942,P53151,4.9
U105942,P83532,4.9
U105943,P35860,3.7
U105944,P51133,4.0
U105944,P63566,4.6
U105946,P33991,2.5
U105946,P55164,4.0
U105947,P43001,3.2
U105948,P71345,3.3
U105948,P88769,3.1
U105950,P25367,3.7
U105950,P32598,3.5
U105950,P45443,5.0
U105950,P64111,3.5
U105952,P87584,4.1
U105953,P66411,4.0
U105954,P20959,4.0
U105954,P37409,3.9
U105954,P59362,2.9
U105954,P82317,4.1
U105955,P29722,3.2
U105955,P80926,4.3
U105956,P34937,5.0
U105956,P77873,4.8
U105956,P88540,4.4
U105957,P98261,3.4
U105961,P24930,3.9
U105961,P65171,3.4
U105963,P66554,4.2
U105963,P67440,3.3
U105963,P95756,4.9
U105964,P15193,4.3
U105966,P36074,4.7
U105967,P53399,3.2
U105968,P27592,3.2
U105969,P29499,4.4
U105970,P11488,3.1
U105971,P69267,3.5
U105972,P80591,4.0
U105973,P39151,3.9
U105973,P54861,3.7
U105973,P55692,3.9
U105973,P84483,3.4
U105975,P66812,5.0
U105976,P37826,3.8
U105976,P51742,4.1
U105976,P62925,4.2
U105976,P97658,3.6
U105977,P38689,4.4
U105977,P45589,3.5
U105977,P72584,4.4
U105980,P63241,3.8
U105981,P35893,4.2
U105981,P81215,4.1
U105985,P38450,4.6
U105986,P56789,4.6
U105987,P83432,3.4
U105988,P34939,4.4
U105989,P20342,4.4
U105989,P50981,3.7
U105989,P83828,5.0
U105992,P15064,3.4
U105992,P36751,4.3
U105992,P66252,4.7
U105994,P23594,3.3
U105994,P57556,4.9
U105994,P67400,4.5
U105995,P27079,3.5
U105995,P63001,3.7
U105995,P71305,3.8
U105996,P33636,4.3
U105997,P82420,3.5
U105999,P51747,3.9
U105999,P69342,2.9
U106003,P19661,4.2
U106004,P44033,3.1
U106004,P47167,4.2
U106004,P91798,4.5
U106005,P40054,4.4
U106005,P62579,3.9
U106007,P75958,3.7
U106008,P10765,4.0
U106008,P19993,4.4
U106008,P31871,4.3
U106008,P81722,3.4
U106009,P77884,4.6
U106011,P58948,3.5
U106011,P84949,3.8
U106014,P33826,3.9
U106015,P52440,3.7
U106016,P48229,3.3
U106017,P34803,4.5
U106018,P17850,4.3
U106018,P62891,4.4
U106020,P50312,4.0
U106021,P78881,4.1
U106022,P33671,4.6
U106024,P44340,3.7
U106024,P56959,3.9
U106025,P15948,4.1
U106025,P18848,4.1
U106025,P45946,4.2
U106026,P55353,5.0
U106029,P93651,4.0
U106030,P96752,3.5
U106031,P74094,4.2
U106033,P19281,4.2
U106033,P75314,4.7
U106033,P85258,3.9
U106033,P93428,3.9
U106037,P16119,4.6
U106037,P27209,3.8
U106037,P47040,4.1
U106037,P73832,3.9
U106038,P10730,4.5
U106038,P71424,3.4
U106041,P63134,3.6
U106041,P64803,4.1
U106042,P23410,3.4
U106043,P85456,3.6
U106044,P63466,4.0
U106044,P87262,4.3
U106045,P59998,2.9
U106045,P77047,3.1
U106046,P25693,4.0
U106047,P23364,4.1
U106049,P60337,3.6
U106049,P81881,4.2
U106050,P22087,4.0
U106050,P51607,3.7
U106052,P81067,3.4
U106053,P37649,3.7
U106054,P66205,3.8
U106054,P78068,3.9
U106054,P85250,3.6
U106055,P49937,3.8
U106055,P71375,4.7
U106056,P71858,3.2
U106057,P27913,4.2
U106057,P41197,4.1
U106058,P26232,3.4
U106058,P90902,3.8
U106060,P16866,4.4
U106060,P32631,3.9
U106061,P75520,3.2
U106061,P81153,4.4
U106062,P59506,4.1
U106062,P65721,3.8
U106062,P75587,3.7
U106063,P41543,4.6
U106068,P38733,4.7
U106070,P75480,5.0
U106072,P57838,3.1
U106075,P23006,2.9
U106075,P79036,4.1
U106076,P66807,4.1
U106077,P77954,3.2
U106077,P84468,3.0
U106078,P16946,3.2
U106078,P49279,4.5
U106083,P57420,3.1
U106085,P38242,3.7
U106087,P47626,3.6
U106087,P81901,3.7
U106088,P25335,3.8
U106088,P54160,4.6
U106089,P22812,4.9
U106090,P17083,4.1
U106090,P86201,2.9
U106090,P89951,2.7
U106091,P26724,4.0
U106091,P35579,4.3
U106094,P45718,3.9
U106094,P88186,4.7
U106095,P20513,4.6
U106095,P64168,2.6
U106096,P50778,4.6
U106098,P33955,3.5
U106099,P12474,5.0
U106099,P62777,3.1
U106099,P83096,4.6
U106101,P58683,3.5
U106103,P20517,4.0
U106104,P91597,4.2
U106105,P44832,2.4
U106105,P61135,4.9
U106106,P43414,3.0
U106107,P14055,4.0
U106107,P63727,4.5
U106107,P73568,3.4
U106108,P15908,5.0
U106108,P44614,3.5
U106109,P48939,4.6
U106109,P54252,3.7
U106109,P79683,4.1
U106109,P84298,4.2
U106110,P65530,4.1
U106112,P67723,3.1
U106113,P81100,4.1
U106115,P10616,4.0
U106115,P83941,5.0
U106116,P10066,3.8
U106117,P21233,4.0
U106118,P28364,4.0
U106119,P23955,4.8
U106119,P56338,3.8
U106119,P63717,3.7
U106119,P86454,4.0
U106123,P37894,4.9
U106123,P80365,4.1
U106124,P73295,3.5
U106125,P61406,3.2
U106126,P30190,4.8
U106128,P98835,3.2
U106133,P59276,3.8
U106133,P76977,3.5
U106135,P22584,3.5
U106135,P67717,4.4
U106136,P95260,3.7
U106140,P16380,3.7
U106140,P31540,4.6
U106140,P74245,4.5
U106140,P76964,3.9
U106142,P29649,4.7
U106143,P24228,4.3
U106145,P24747,3.6
U106145,P62206,3.7
U106145,P67322,5.0
U106145,P96542,4.4
U106146,P32803,3.2
U106146,P45968,3.8
U106147,P49679,3.1
U106147,P54596,3.5
U106148,P78514,4.3
U106150,P79407,4.3
U106151,P23005,3.9
U106159,P22262,4.4
U106161,P13281,3.7
U106161,P73998,3.1
U106162,P58439,3.1
U106162,P74734,3.6
U106162,P91555,3.9
U106162,P98551,5.0
U106163,P26590,4.1
U106163,P35448,4.9
U106164,P23413,3.5
U106166,P65703,2.9
U106166,P67801,4.1
U106167,P36196,4.1
U106168,P75762,3.4
U106169,P22375,3.2
U106169,P22526,3.3
U106169,P27038,4.3
U106169,P31864,4.3
U106171,P54599,4.1
U106172,P16948,3.8
U106172,P39247,3.5
U106173,P51864,3.7
U106173,P65593,2.8
U106174,P88231,4.1
U106176,P55194,4.3
U106177,P36053,4.0
U106177,P43128,4.1
U106178,P64143,3.3
U106179,P23577,4.5
U106180,P18587,3.0
U106180,P86484,3.0
U106181,P21468,3.9
U106181,P54762,4.0
U106182,P45526,3.7
U106182,P62342,3.3
U106182,P82144,3.6
U106185,P71446,3.4
U106186,P20511,3.8
U106188,P59966,4.0
U106188,P71157,4.0
U106191,P10208,4.4
U106192,P85147,3.8
U106192,P85831,4.0
U106192,P91999,4.6
U106193,P12723,3.7
U106193,P54085,4.7
U106196,P40438,3.7
U106196,P78369,4.6
U106197,P51771,3.8
U106197,P54712,2.9
U106197,P55890,4.1
U106198,P71628,3.9
U106202,P26894,3.9
U106202,P88521,4.4
U106203,P52429,4.2
U106204,P12620,3.9
U106204,P14970,4.5
U106205,P69364,3.7
U106206,P30681,3.7
U106206,P61356,4.4
U106207,P16661,3.2
U106207,P50282,4.8
U106208,P26881,4.3
U106209,P40321,4.3
U106209,P63502,3.7
U106212,P11900,3.9
U106212,P13924,3.5
U106212,P52858,3.0
U106212,P54334,3.6
U106212,P91362,3.3
U106213,P54056,4.1
U106214,P11310,3.4
U106214,P53889,3.2
U106214,P96817,3.2
U106215,P27936,3.6
U106215,P95846,4.3
U106216,P41832,3.8
U106218,P33019,4.8
U106219,P15745,4.0
U106219,P58693,4.4
U106220,P91185,4.2
U106220,P96929,3.7
U106221,P10472,4.8
U106223,P92565,4.3
U106225,P60385,3.4
U106227,P81311,4.0
U106228,P25182,4.3
U106228,P29626,3.6
U106229,P27752,4.5
U106229,P98750,3.2
U106231,P32850,4.1
U106232,P50864,3.5
U106233,P92072,3.8
U106234,P78632,4.0
U106237,P20154,3.6
U106240,P25515,3.8
U106240,P49650,3.8
U106241,P13560,3.7
U106241,P23472,3.7
U106241,P67295,3.8
U106241,P72392,4.4
U106242,P44998,4.2
U106244,P77552,3.1
U106244,P93655,3.1
U106246,P27336,4.0
U106247,P61913,3.8
U106248,P33344,4.9
U106249,P93445,4.7
U106251,P58819,4.2
U106251,P60515,4.3
U106252,P16904,4.0
U106253,P39772,4.5
U106253,P50434,4.1
U106253,P83749,4.1
U106254,P12524,3.6
U106255,P66636,3.0
U106255,P74895,2.9
U106255,P75704,4.1
U106257,P73588,3.5
U106258,P94200,3.4
U106259,P17230,4.0
U106260,P48348,4.1
U106260,P93962,3.8
U106260,P94669,3.5
U106261,P41981,3.8
U106261,P94718,2.7
U106262,P47103,4.1
U106262,P57047,4.2
U106264,P88601,4.4
U106265,P17300,4.1
U106266,P19709,4.1
U106267,P88227,3.5
U106269,P15879,4.0
U106270,P88179,4.1
U106272,P83814,4.5
U106273,P97920,3.6
U106274,P60290,4.3
U106274,P98682,3.9
U106275,P20405,4.0
U106276,P32543,4.4
U106277,P32660,3.5
U106278,P97608,3.1
U106279,P40928,4.5
U106279,P53516,3.7
U106279,P66073,3.7
U106280,P97754,4.2
U106282,P45424,4.4
U106282,P88960,4.0
U106283,P16704,3.6
U106283,P44214,4.0
U106283,P56532,4.5
U106284,P29166,4.5
U106286,P10168,4.3
U106288,P64956,4.9
U106289,P30363,3.9
U106289,P46716,4.0
U106290,P50004,4.2
U106290,P92204,3.5
U106291,P19289,4.5
U106292,P57169,3.8
U106292,P90325,4.1
U106293,P37165,4.0
U106293,P67682,4.2
U106293,P67999,4.5
U106295,P81138,4.1
U106296,P57011,4.0
U106297,P53904,4.0
U106297,P56970,4.1
U106297,P80879,5.0
U106298,P41054,4.8
U106298,P65255,4.7
U106298,P81005,4.0
U106299,P82735,4.3
U106300,P63535,3.9
U106301,P14614,3.4
U106301,P29156,4.0
U106304,P92120,4.2
U106305,P27247,3.5
U106308,P39815,4.0
U106309,P58921,4.8
U106311,P54936,4.6
U106311,P74971,4.0
U106319,P41043,4.5
U106322,P69961,4.2
U106323,P26420,3.3
U106323,P56553,3.8
U106325,P42686,3.9
U106326,P55168,3.3
U106327,P72135,4.3
U106329,P16382,4.8
U106329,P66781,4.2
U106330,P35722,2.5
U106331,P22878,4.6
U106331,P25087,3.9
U106332,P88238,3.8
U106334,P52292,5.0
U106334,P63167,3.7
U106336,P93306,3.4
U106336,P97029,4.0
U106337,P16911,3.6
U106337,P30699,4.9
U106339,P59004,5.0
U106342,P61049,4.1
U106342,P90687,3.9
U106343,P26354,4.3
U106344,P71334,3.9
U106345,P28851,4.1
U106345,P86461,4.5
U106346,P25843,3.9
U106346,P40574,4.1
U106348,P66315,4.0
U106350,P18702,4.5
U106351,P62918,3.3
U106351,P65024,4.9
U106352,P15160,3.4
U106354,P47400,4.2
U106357,P24399,2.8
U106360,P49298,3.5
U106360,P69065,4.0
U106360,P89509,3.2
U106362,P27079,4.6
U106362,P52816,5.0
U106362,P61808,3.8
U106365,P63064,4.2
U106366,P20702,4.1
U106367,P77650,4.3
U106368,P11403,3.4
U106368,P52917,4.2
U106369,P70496,4.2
U106370,P16989,3.7
U106370,P22973,3.8
U106371,P28801,4.5
U106372,P54984,4.0
U106372,P86612,4.0
U106373,P32635,3.1
U106374,P85344,3.4
U106374,P95422,4.7
U106375,P91575,3.8
U106376,P23643,3.7
U106376,P81139,4.4
U106377,P78145,4.0
U106377,P85506,4.2
U106378,P43323,4.0
U106381,P51668,4.3
U106383,P48674,3.4
U106384,P68503,4.1
U106384,P98490,4.0
U106385,P13820,3.5
U106385,P38695,4.8
U106386,P27974,4.5
U106386,P95895,4.3
U106386,P99312,4.2
U106387,P16472,4.3
U106388,P10295,4.2
U106389,P90661,3.5
U106390,P36678,3.4
U106391,P63808,3.9
U106393,P38401,3.7
U106394,P47662,5.0
U106395,P55515,3.6
U106396,P40088,4.5
U106397,P19189,4.0
U106398,P37262,4.6
U106398,P38613,4.5
U106399,P36343,4.6
U106399,P98419,3.4
U106401,P51005,3.0
U106401,P97153,3.5
U106405,P14316,4.1
U106407,P16353,3.5
U106407,P45488,3.3
U106407,P62556,3.8
U106408,P48165,3.5
U106409,P39703,5.0
U106414,P34582,4.2
U106416,P29256,4.2
U106416,P34409,4.3
U106416,P41316,4.3
U106416,P99063,3.5
U106417,P38471,3.8
U106417,P61286,4.1
U106418,P14234,3.8
U106418,P71705,4.0
U106419,P71407,3.8
U106420,P18678,4.0
U106420,P62525,3.8
U106421,P49487,4.3
U106421,P61896,5.0
U106421,P92667,3.7
U106423,P44312,3.9
U106423,P55516,4.2
U106426,P13651,3.7
U106427,P13198,3.8
U106430,P13039,4.2
U106430,P14596,4.7
U106431,P36819,4.2
U106432,P20175,4.5
U106432,P23150,4.1
U106432,P56267,4.4
U106434,P16176,5.0
U106437,P15301,3.9
U106440,P90180,4.2
U106440,P93276,4.7
U106441,P58839,3.6
U106444,P31820,3.8
U106444,P37612,4.8
U106444,P55027,4.6
U106445,P22744,3.9
U106445,P57937,4.3
U106446,P79465,4.2
U106448,P23027,4.1
U106448,P50395,4.6
U106448,P51543,4.6
U106449,P71427,3.7
U106450,P34346,3.5
U106452,P42992,3.5
U106453,P56719,3.8
U106453,P71716,4.1
U106454,P91615,3.7
U106455,P16889,3.4
U106455,P53058,3.4
U106456,P86142,3.6
U106458,P51242,3.1
U106458,P83123,3.3
U106458,P84522,5.0
U106460,P51894,3.4
U106461,P33504,3.6
U106461,P82065,4.1
U106462,P36461,3.2
U106462,P77713,3.5
U106464,P48240,4.3
U106464,P79474,4.7
U106465,P24491,3.0
U106465,P51988,3.8
U106466,P73903,3.2
U106468,P37067,4.9
U106469,P53729,4.0
U106470,P29617,4.1
U106472,P15996,3.8
U106472,P51738,4.0
U106474,P62356,4.4
U106475,P50524,3.8
U106477,P22882,4.7
U106478,P18768,3.8
U106479,P21046,3.8
U106480,P28533,3.8
U106480,P30722,4.7
U106480,P56762,3.8
U106481,P91853,3.1
U106482,P14640,4.4
U106482,P23831,4.3
U106482,P84689,5.0
U106483,P48473,4.3
U106485,P30291,4.4
U106487,P83504,3.8
U106487,P85706,3.5
U106488,P15867,3.7
U106490,P40451,4.4
U106493,P75173,4.0
U106494,P39726,3.4
U106495,P31007,4.0
U106495,P98553,4.6
U106497,P27750,3.7
U106497,P53672,4.1
U106500,P90454,3.7
U106501,P42681,3.6
U106502,P22484,3.5
U106502,P58618,4.1
U106502,P85962,4.4
U106505,P83628,3.9
U106507,P51144,4.1
U106507,P61754,3.9
U106508,P57582,3.9
U106510,P24462,3.7
U106511,P10910,4.3
U106511,P29805,4.2
U106512,P25746,4.0
U106513,P28189,3.7
U106514,P40064,4.4
U106515,P31646,3.9
U106517,P15981,3.3
U106518,P24843,3.4
U106518,P86794,4.7
U106518,P87829,3.8
U106521,P15899,4.2
U106521,P88706,2.9
U106522,P16679,3.0
U106523,P34774,3.3
U106526,P51121,3.4
U106527,P62299,4.2
U106527,P66132,4.1
U106528,P54337,3.9
U106528,P60397,3.6
U106529,P36525,3.6
U106530,P46179,3.9
U106531,P12849,3.9
U106531,P44140,4.2
U106532,P38971,3.2
U106532,P66135,3.8
U106533,P13039,3.1
U106533,P84553,4.8
U106536,P60563,3.0
U106537,P53360,2.8
U106539,P87717,3.4
U106541,P30091,3.3
U106542,P71049,3.6
U106542,P82375,4.0
U106542,P92249,3.5
U106547,P22412,3.6
U106547,P45974,3.8
U106547,P95236,4.0
U106548,P94020,4.2
U106549,P54833,4.7
U106550,P14111,3.5
U106550,P37823,3.9
U106550,P79913,2.8
U106551,P22078,3.4
U106551,P80944,4.2
U106552,P25698,5.0
U106553,P68118,4.1
U106554,P45441,4.2
U106555,P18010,3.8
U106557,P75207,4.0
U106558,P53206,4.5
U106558,P80211,3.9
U106559,P69814,4.7
U106561,P18005,3.5
U106561,P29493,3.9
U106562,P46851,5.0
U106562,P73967,3.3
U106563,P45138,3.8
U106564,P20842,4.0
U106566,P57193,3.4
U106567,P82967,3.9
U106569,P68821,4.8
U106570,P33160,3.7
U106572,P12951,3.8
U106572,P94326,3.2
U106573,P67102,3.1
U106574,P34220,3.9
U106576,P69227,4.1
U106577,P52853,4.0
U106577,P59214,3.9
U106577,P65915,4.2
U106578,P16971,3.6
U106578,P26036,4.2
U106578,P80521,4.5
U106580,P11925,4.0
U106580,P67649,4.1
U106582,P18267,4.5
U106583,P62060,3.5
U106583,P73979,4.5
U106584,P57889,3.1
U106585,P99061,3.7
U106586,P42039,4.2
U106588,P29888,3.3
U106588,P45472,4.5
U106589,P77700,3.9
U106590,P66227,2.6
U106591,P37679,4.4
U106591,P53762,3.5
U106591,P64037,4.5
U106593,P56522,3.3
U106594,P32777,3.9
U106594,P67287,2.9
U106596,P50382,3.9
U106597,P24745,4.4
U106597,P65807,4.1
U106597,P88635,3.4
U106598,P31859,4.2
U106599,P10631,4.9
U106599,P64994,3.3
U106600,P27588,4.6
U106600,P61866,4.0
U106600,P83037,3.5
U106601,P16836,3.4
U106601,P95951,3.6
U106603,P76424,4.5
U106605,P37680,3.5
U106605,P64556,3.1
U106606,P24757,3.4
U106606,P47301,4.1
U106606,P88237,4.2
U106607,P21131,2.9
U106609,P11989,3.7
U106611,P97168,3.9
U106614,P59647,4.4
U106615,P67223,3.5
U106616,P31413,4.0
U106616,P36561,4.1
U106616,P39439,4.6
U106618,P37663,3.5
U106618,P97656,5.0
U106618,P97689,4.0
U106619,P72327,3.7
U106620,P81174,3.1
U106621,P29094,4.6
U106623,P76635,3.3
U106624,P85543,3.5
U106625,P24330,3.2
U106626,P21168,3.9
U106626,P46349,4.1
U106627,P86584,3.5
U106628,P43817,3.6
U106629,P88158,4.9
U106630,P19103,3.3
U106630,P57922,4.1
U106631,P33411,4.3
U106633,P14698,4.3
U106634,P10547,3.8
U106634,P86613,3.8
U106636,P15354,4.5
U106637,P54022,3.2
U106638,P14925,3.6
U106638,P54846,4.8
U106638,P80681,4.1
U106639,P46570,3.3
U106640,P18577,4.5
U106641,P88818,4.3
U106642,P53601,4.4
U106642,P91416,3.8
U106643,P36478,4.8
U106644,P15020,3.1
U106644,P33988,4.4
U106646,P66324,3.4
U106646,P89459,4.5
U106647,P27980,3.7
U106647,P28239,4.3
U106648,P38893,4.8
U106648,P92443,3.9
U106649,P35588,3.0
U106651,P20004,4.3
U106652,P93913,4.2
U106653,P10371,4.5
U106654,P32442,4.2
U106654,P96063,3.4
U106655,P34420,4.2
U106655,P48658,4.1
U106655,P90402,3.3
U106656,P10160,4.3
U106656,P49795,3.9
U106658,P52898,3.1
U106658,P84768,4.6
U106660,P25830,4.1
U106660,P43007,4.3
U106660,P44237,4.4
U106660,P80907,4.0
U106661,P52971,4.0
U106661,P79886,4.0
U106664,P51128,4.3
U106664,P65571,3.7
U106664,P76879,4.1
U106666,P53714,4.1
U106666,P87859,5.0
U106667,P48686,3.2
U106668,P88158,3.5
U106669,P38331,4.3
U106671,P61124,4.2
U106672,P67867,3.1
U106673,P40856,3.1
U106674,P58059,3.6
U106674,P75109,3.6
U106675,P90518,4.0
U106676,P13462,3.2
U106676,P38862,3.5
U106676,P86702,3.1
U106677,P28626,4.2
U106677,P78501,3.9
U106680,P95288,3.5
U106681,P35596,3.9
U106681,P57438,4.5
U106682,P15002,4.9
U106682,P48678,4.1
U106685,P13967,3.8
U106685,P43533,3.7
U106687,P27525,3.7
U106688,P43691,3.4
U106688,P84232,3.6
U106688,P91319,4.1
U106690,P32878,4.3
U106691,P78911,4.2
U106692,P37834,3.6
U106692,P45160,2.9
U106692,P48289,4.5
U106693,P16753,4.3
U106693,P17786,4.6
U106695,P55416,5.0
U106696,P36995,3.5
U106697,P61069,4.1
U106697,P82133,3.4
U106698,P19731,4.8
U106698,P22814,3.0
U106698,P26190,3.8
U106698,P94146,4.6
U106699,P92665,3.9
U106700,P41470,3.8
U106702,P24561,3.4
U106702,P49718,4.0
U106704,P93422,3.9
U106705,P32829,3.9
U106706,P75328,3.7
U106708,P10616,3.7
U106708,P39035,3.6
U106708,P65472,3.3
U106709,P89681,4.4
U106710,P15658,3.1
U106711,P28906,4.2
U106711,P46255,3.9
U106712,P42918,4.0
U106712,P60231,3.7
U106712,P91633,3.9
U106716,P74715,4.1
U106717,P25676,4.3
U106717,P57898,3.9
U106719,P36913,4.7
U106719,P99057,3.8
U106720,P17890,3.5
U106720,P36336,4.4
U106720,P83135,3.5
U106721,P30409,4.3
U106724,P26538,4.3
U106724,P31323,4.0
U106724,P96632,4.0
U106725,P39200,2.9
U106728,P97039,3.7
U106729,P12721,3.2
U106731,P38570,4.0
U106732,P32072,4.7
U106732,P37175,4.9
U106733,P14204,3.7
U106733,P44235,4.2
U106733,P52861,3.8
U106734,P63892,4.5
U106734,P88244,3.5
U106735,P95772,4.5
U106736,P52996,3.6
U106739,P40160,3.4
U106739,P60546,3.7
U106740,P35894,4.1
U106740,P48209,3.5
U106740,P94475,3.9
U106742,P64714,3.4
U106744,P42218,4.7
U106745,P92151,4.4
U106746,P77006,3.5
U106747,P27271,3.9
U106747,P64339,4.4
U106749,P59792,4.1
U106751,P57037,3.2
U106751,P71713,4.9
U106754,P63007,3.3
U106754,P74431,4.0
U106755,P38741,3.9
U106755,P88574,4.2
U106756,P17671,3.1
U106757,P82850,3.4
U106757,P92709,4.5
U106758,P41887,4.5
U106758,P71557,3.7
U106759,P33963,4.1
U106761,P22101,3.7
U106762,P47686,3.5
U106762,P71350,4.3
U106764,P46602,3.9
U106764,P66844,3.8
U106766,P76881,3.8
U106768,P66936,4.7
U106768,P89939,3.8
U106770,P45745,3.7
U106770,P95628,3.7
U106772,P12852,3.3
U106773,P74233,4.0
U106774,P63307,3.8
U106775,P49458,4.6
U106776,P61237,4.4
U106776,P75464,3.5
U106777,P45113,4.1
U106778,P91406,3.8
U106779,P63030,3.2
U106783,P52474,4.6
U106787,P26866,3.4
U106787,P54479,4.1
U106789,P64314,3.8
U106789,P73602,4.8
U106791,P90318,3.7
U106792,P88999,4.6
U106793,P21941,3.5
U106794,P62714,4.2
U106794,P94236,4.5
U106796,P32503,3.3
U106796,P93411,3.7
U106796,P98546,4.2
U106803,P23825,4.9
U106803,P72269,3.8
U106805,P21477,4.1
U106805,P78456,3.5
U106807,P44194,4.2
U106809,P87137,3.2
U106810,P28741,4.7
U106810,P54846,3.4
U106811,P69768,5.0
U106813,P97833,5.0
U106814,P52436,3.8
U106815,P26486,2.9
U106817,P74310,3.4
U106818,P49471,4.1
U106820,P89225,3.1
U106821,P54546,4.3
U106822,P12034,4.2
U106822,P35994,4.1
U106825,P50348,3.5
U106825,P91316,4.4
U106826,P40890,4.1
U106829,P77170,3.6
U106829,P97518,4.4
U106833,P43443,4.0
U106833,P89689,3.5
U106834,P66438,3.8
U106836,P25333,4.5
U106836,P76936,3.8
U106836,P78098,4.3
U106836,P98154,3.6
U106838,P40066,3.4
U106843,P22817,3.7
U106843,P60102,2.9
U106845,P14119,4.0
U106846,P13521,4.1
U106846,P73170,3.4
U106847,P32764,3.3
U106847,P96039,3.5
U106848,P42586,4.4
U106848,P75196,3.6
U106849,P20068,3.2
U106849,P47775,3.9
U106849,P69393,4.0
U106849,P74288,3.9
U106850,P13556,4.3
U106853,P61124,4.1
U106854,P10925,3.9
U106854,P19811,4.4
U106854,P72781,3.7
U106854,P75418,3.6
U106856,P93667,3.8
U106857,P25164,2.9
U106857,P73993,4.2
U106859,P16880,4.0
U106860,P46580,3.9
U106860,P49123,4.0
U106860,P85688,3.9
U106863,P25414,4.1
U106864,P15118,4.0
U106864,P59369,4.3
U106864,P70525,3.5
U106865,P54026,4.1
U106865,P97299,4.6
U106866,P72645,3.5
U106873,P41758,4.5
U106874,P16330,4.2
U106874,P57662,4.4
U106875,P41222,4.0
U106875,P51208,4.4
U106875,P58896,3.1
U106876,P30598,4.0
U106877,P21187,4.1
U106877,P55667,3.8
U106877,P57450,4.2
U106877,P70079,4.0
U106879,P86348,4.2
U106880,P65343,3.0
U106880,P87567,3.2
U106882,P20731,4.6
U106882,P30414,4.5
U106883,P17056,4.1
U106883,P82549,3.6
U106885,P79648,4.3
U106886,P13110,3.5
U106886,P76197,4.0
U106887,P54747,4.4
U106888,P89272,4.1
U106890,P30812,4.6
U106890,P76478,3.4
U106892,P68051,4.9
U106893,P68591,3.4
U106895,P77617,3.6
U106899,P40043,4.4
U106899,P86760,3.2
U106900,P29832,3.6
U106900,P60527,4.2
U106903,P25033,3.2
U106903,P37491,4.2
U106904,P45918,4.2
U106904,P89873,4.3
U106906,P21253,3.8
U106906,P64175,4.1
U106907,P81273,4.4
U106908,P47109,4.5
U106910,P19067,3.5
U106910,P30495,3.7
U106911,P56885,4.6
U106915,P27068,2.8
U106915,P54238,3.9
U106917,P34860,4.2
U106917,P47494,3.1
U106918,P11090,5.0
U106920,P99799,4.3
U106922,P22210,3.6
U106922,P98600,4.3
U106923,P90367,4.9
U106924,P67779,4.2
U106927,P22141,4.0
U106927,P58994,3.5
U106928,P73593,4.2
U106930,P73808,3.8
U106930,P97758,3.2
U106931,P56784,4.9
U106931,P85919,3.7
U106934,P18525,4.2
U106935,P64059,3.5
U106936,P71304,4.1
U106936,P93783,4.2
U106937,P41834,3.9
U106937,P43060,3.7
U106937,P62687,4.7
U106937,P98534,3.5
U106938,P87933,3.1
U106940,P20136,2.5
U106942,P23937,3.7
U106943,P58759,3.8
U106943,P80171,3.5
U106944,P43353,4.6
U106944,P46070,4.8
U106945,P24309,3.5
U106945,P40141,4.2
U106946,P29361,3.3
U106946,P38796,4.4
U106946,P58688,3.4
U106947,P72400,4.7
U106948,P46398,4.1
U106948,P74040,3.6
U106950,P37163,4.8
U106950,P89237,4.0
U106952,P79543,4.2
U106954,P68252,4.3
U106957,P39622,4.1
U106958,P74832,4.3
U106958,P80089,4.0
U106958,P80278,3.1
U106958,P84672,3.3
U106959,P25592,4.2
U106959,P56660,4.0
U106960,P12166,4.0
U106961,P21964,3.4
U106963,P50178,5.0
U106964,P12330,3.9
U106964,P21390,4.7
U106966,P18742,3.9
U106966,P49949,4.4
U106966,P79907,3.5
U106966,P85817,3.4
U106968,P20555,3.8
U106969,P37308,3.3
U106969,P52768,3.1
U106969,P54413,4.6
U106970,P33000,3.8
U106972,P81120,3.7
U106973,P18247,3.6
U106973,P59941,3.2
U106975,P27373,3.7
U106975,P49017,4.0
U106976,P93539,3.7
U106977,P65021,3.7
U106977,P83635,3.8
U106978,P10275,3.4
U106978,P49833,3.4
U106978,P66819,4.1
U106983,P13126,3.1
U106983,P58745,4.3
U106985,P32530,3.0
U106985,P51205,4.3
U106988,P79277,3.5
U106989,P72154,2.5
U106990,P10877,3.5
U106990,P89093,4.0
U106991,P45054,4.0
U106993,P37500,3.5
U106994,P20878,3.4
U106994,P33598,3.9
U106994,P43702,3.9
U106994,P60685,3.6
U106997,P90427,4.9
U106998,P54090,3.3
U106998,P70382,4.9
U106998,P73922,3.7
U107001,P49699,3.3
U107003,P17112,3.3
U107003,P72191,2.8
U107004,P15591,4.3
U107004,P20344,2.9
U107004,P36780,3.4
U107004,P95132,4.4
U107006,P71011,4.3
U107009,P34232,3.5
U107011,P22073,4.9
U107011,P75368,4.0
U107013,P55544,3.1
U107014,P10431,4.3
U107015,P65051,4.4
U107018,P65777,4.6
U107018,P77662,4.3
U107019,P29590,4.2
U107019,P85463,4.6
U107020,P28675,4.7
U107021,P20495,3.5
U107021,P25704,3.6
U107021,P67924,4.7
U107022,P50380,4.2
U107023,P38438,3.1
U107024,P44049,3.8
U107025,P82096,4.0
U107026,P47082,4.1
U107026,P97953,4.2
U107028,P12203,4.1
U107029,P85171,3.9
U107032,P38615,4.1
U107034,P68491,3.6
U107035,P18374,3.3
U107035,P73247,4.0
U107036,P62907,4.5
U107037,P53181,3.8
U107039,P36886,4.0
U107039,P50621,4.6
U107039,P62692,3.8
U107039,P91342,3.9
U107039,P92455,3.5
U107042,P65240,3.9
U107043,P37623,3.2
U107043,P86952,4.5
U107045,P43552,3.6
U107047,P30570,3.5
U107047,P67192,4.5
U107050,P21871,3.5
U107050,P35002,3.6
U107050,P68663,5.0
U107051,P90187,3.6
U107052,P37348,3.7
U107056,P69212,3.8
U107056,P94639,4.9
U107057,P21174,3.4
U107058,P38373,3.9
U107059,P63083,3.7
U107059,P64096,4.4
U107059,P84655,3.8
U107059,P96976,3.7
U107060,P49641,3.3
U107060,P97998,4.5
U107061,P78400,4.1
U107062,P51449,4.4
U107063,P59753,4.3
U107064,P33678,3.9
U107064,P37640,3.0
U107064,P95807,4.7
U107067,P29903,3.8
U107068,P75511,3.4
U107069,P11078,4.2
U107070,P29386,4.2
U107070,P40945,4.4
U107071,P46845,3.9
U107073,P33844,3.7
U107074,P22917,4.8
U107074,P40748,4.0
U107075,P29879,3.3
U107077,P28860,3.9
U107078,P73358,4.7
U107080,P75115,3.8
U107080,P79915,4.6
U107081,P16299,3.9
U107081,P41036,5.0
U107081,P85511,3.7
U107082,P61455,3.7
U107083,P11057,3.6
U107084,P22239,4.1
U107085,P96892,4.3
U107086,P15038,3.2
U107086,P46370,3.7
U107086,P47792,3.2
U107086,P57146,4.5
U107087,P12144,3.8
U107087,P60928,3.9
U107088,P35839,3.6
U107088,P46181,2.8
U107088,P91545,3.6
U107091,P17815,5.0
U107091,P85831,3.6
U107093,P10393,3.9
U107093,P79728,4.4
U107095,P37283,3.4
U107095,P88881,3.7
U107097,P21191,3.9
U107098,P35901,4.0
U107098,P58004,4.2
U107100,P16646,3.2
U107101,P83951,4.4
U107103,P29690,3.7
U107103,P66204,3.2
U107104,P79662,3.2
U107105,P81795,4.3
U107105,P92636,3.6
U107107,P72462,4.2
U107108,P25444,4.2
U107108,P60889,4.3
U107108,P68607,4.7
U107109,P48067,4.8
U107109,P50475,3.9
U107110,P15906,3.4
U107110,P65966,3.3
U107111,P13812,5.0
U107112,P27851,3.1
U107113,P31710,4.6
U107114,P20578,3.8
U107114,P24329,3.9
U107115,P72483,4.6
U107115,P82983,3.5
U107115,P97021,4.3
U107116,P37031,3.3
U107116,P88611,4.8
U107117,P32337,4.2
U107117,P53974,3.6
U107121,P29030,4.8
U107121,P30492,4.8
U107121,P44078,3.4
U107122,P13237,3.6
U107122,P81219,5.0
U107123,P61366,3.8
U107123,P67301,4.0
U107124,P48926,3.9
U107125,P62798,4.5
U107125,P79534,2.7
U107127,P24750,4.2
U107127,P75487,4.0
U107128,P71127,3.5
U107128,P91464,4.3
U107129,P23896,3.4
U107129,P56863,4.3
U107129,P65312,3.3
U107129,P72612,4.6
U107129,P85624,4.2
U107130,P14440,3.8
U107130,P26477,4.3
U107131,P67267,4.2
U107131,P75812,3.2
U107132,P41339,4.0
U107132,P66348,4.1
U107132,P77700,3.8
U107132,P78943,4.0
U107132,P92727,3.6
U107135,P93007,3.8
U107136,P68826,3.7
U107136,P87508,4.8
U107137,P29790,2.9
U107137,P49742,4.5
U107137,P63066,3.9
U107139,P46495,3.3
U107140,P36355,4.6
U107142,P10338,3.7
U107143,P14320,3.9
U107143,P15410,4.6
U107143,P49786,3.7
U107143,P95276,3.5
U107145,P13651,4.3
U107145,P90442,4.5
U107146,P61355,3.8
U107147,P22843,3.6
U107149,P21855,3.9
U107149,P73950,3.6
U107150,P18662,4.0
U107151,P11718,3.9
U107151,P17254,3.9
U107151,P79792,2.5
U107151,P93928,4.0
U107152,P56455,4.5
U107152,P81060,4.3
U107153,P27960,4.2
U107153,P74174,3.4
U107154,P14226,4.4
U107154,P39667,4.2
U107154,P56362,3.6
U107155,P15753,3.9
U107155,P34007,3.5
U107159,P18880,3.8
U107159,P30848,4.0
U107161,P44181,3.4
U107162,P89292,4.8
U107163,P94713,4.8
U107164,P28361,4.0
U107164,P40471,4.2
U107164,P62642,3.7
U107165,P81848,4.6
U107167,P83813,3.3
U107168,P71509,4.4
U107168,P73100,4.3
U107168,P74423,3.4
U107168,P82520,3.1
U107170,P74460,3.5
U107171,P62403,4.7
U107171,P83800,3.7
U107172,P86459,3.6
U107174,P37415,4.4
U107175,P85345,4.0
U107177,P93616,3.5
U107179,P22160,4.5
U107180,P33549,3.7
U107183,P29482,3.1
U107186,P46608,4.0
U107186,P68251,3.9
U107187,P28132,4.3
U107190,P96054,3.2
U107191,P30273,3.1
U107192,P70906,3.9
U107193,P69158,4.3
U107194,P39270,4.6
U107194,P67226,5.0
U107194,P69267,4.3
U107196,P34201,3.6
U107197,P84826,5.0
U107198,P67733,3.1
U107199,P16785,5.0
U107200,P23315,5.0
U107200,P49918,3.0
U107202,P11869,4.1
U107202,P87032,4.0
U107202,P87938,4.4
U107203,P62844,3.7
U107203,P66905,3.7
U107203,P80583,3.8
U107203,P98394,4.4
U107204,P98723,4.5
U107206,P36402,4.5
U107206,P68894,3.5
U107207,P66308,4.0
U107208,P12303,1.9
U107208,P24338,5.0
U107208,P89782,4.0
U107210,P17760,3.5
U107210,P75650,3.8
U107210,P81614,4.2
U107211,P39265,3.2
U107213,P79876,3.9
U107214,P98570,3.9
U107215,P17138,3.8
U107215,P92014,4.6
U107216,P22539,4.1
U107216,P69727,4.3
U107216,P92696,3.9
U107216,P98550,3.6
U107217,P14236,3.7
U107217,P86139,4.5
U107220,P89646,4.6
U107223,P61109,3.9
U107225,P28585,3.3
U107226,P14101,4.2
U107227,P29718,4.4
U107227,P86652,4.1
U107230,P16985,3.6
U107231,P92258,4.3
U107232,P16097,3.2
U107232,P16151,4.5
U107233,P26157,3.3
U107233,P96633,4.6
U107234,P69170,3.4
U107235,P18611,4.3
U107235,P72769,3.5
U107238,P25918,3.9
U107239,P52987,4.4
U107240,P12150,3.3
U107241,P81200,3.8
U107242,P17821,3.7
U107245,P81818,3.3
U107246,P72270,4.5
U107247,P42922,3.0
U107249,P48034,3.3
U107250,P78347,4.1
U107251,P45960,4.2
U107251,P62032,2.9
U107252,P63546,3.6
U107253,P12213,3.7
U107255,P10821,4.0
U107255,P33962,3.1
U107255,P67593,3.0
U107256,P82172,3.5
U107257,P24539,4.0
U107258,P45760,4.3
U107258,P50292,4.8
U107259,P25659,4.7
U107259,P46606,3.6
U107259,P47381,3.5
U107260,P35720,3.2
U107263,P62386,3.6
U107264,P42647,3.7
U107264,P56190,4.1
U107265,P77746,3.1
U107265,P90497,3.8
U107266,P65712,4.0
U107266,P91332,3.9
U107266,P99407,4.9
U107267,P83127,4.9
U107268,P31665,3.7
U107268,P86590,3.7
U107269,P25819,3.7
U107269,P45584,3.4
U107269,P57101,3.6
U107269,P82477,3.4
U107270,P44560,4.6
U107271,P34492,3.7
U107271,P37666,3.7
U107271,P54308,3.0
U107271,P75998,4.5
U107273,P76701,3.0
U107273,P91516,4.5
U107274,P26497,4.1
U107274,P57004,3.1
U107275,P96312,4.2
U107275,P97793,3.4
U107276,P24074,4.7
U107277,P36392,4.2
U107278,P57418,4.4
U107279,P70273,3.4
U107280,P93665,4.1
U107281,P77354,3.6
U107281,P80372,3.5
U107281,P90022,3.5
U107283,P52498,4.7
U107283,P61956,4.1
U107284,P41136,4.4
U107286,P38966,4.1
U107286,P88911,4.2
U107287,P46541,4.2
U107288,P65897,4.5
U107288,P98642,4.0
U107289,P36051,3.9
U107289,P76187,3.4
U107289,P94436,4.2
U107290,P72746,3.7
U107291,P26893,4.1
U107291,P83782,4.1
U107292,P15575,4.1
U107293,P70773,4.0
U107293,P77945,3.2
U107294,P24640,2.9
U107294,P83783,4.3
U107296,P52609,3.6
U107297,P19764,4.1
U107300,P12545,4.4
U107300,P41241,3.7
U107300,P82831,4.0
U107300,P98523,2.9
U107301,P21866,4.4
U107303,P49029,3.3
U107304,P29881,3.6
U107304,P61832,4.4
U107305,P43181,4.1
U107306,P40687,3.5
U107306,P75191,4.1
U107307,P43843,4.3
U107308,P67222,4.5
U107309,P18370,3.9
U107309,P18813,4.0
U107309,P96030,4.1
U107311,P57041,4.2
U107312,P42521,3.7
U107314,P99493,3.5
U107315,P37716,4.8
U107315,P67657,2.9
U107315,P68649,3.6
U107316,P40952,3.5
U107316,P94616,4.3
U107317,P46354,4.4
U107320,P33574,4.4
U107320,P46756,3.4
U107320,P75889,4.3
U107321,P24203,3.7
U107323,P19479,3.6
U107324,P34599,3.6
U107325,P25896,3.9
U107326,P28720,2.9
U107327,P21378,3.2
U107328,P49141,2.6
U107328,P58497,3.7
U107328,P63641,3.8
U107329,P76652,3.7
U107331,P19130,4.8
U107331,P48175,4.6
U107331,P48512,3.7
U107332,P47945,4.0
U107332,P96467,3.3
U107333,P27163,3.3
U107334,P75995,4.0
U107336,P44555,4.1
U107336,P70509,4.1
U107337,P19579,3.6
U107339,P81975,3.9
U107340,P11921,3.5
U107340,P64001,3.2
U107340,P82989,4.2
U107341,P95060,4.1
U107342,P65069,4.1
U107343,P58233,4.1
U107343,P84327,4.2
U107343,P88117,4.5
U107344,P76905,3.1
U107345,P77904,4.0
U107352,P36458,3.7
U107353,P29172,4.5
U107354,P53982,4.4
U107357,P86764,4.0
U107358,P13386,4.1
U107359,P13650,3.9
U107360,P31023,3.0
U107360,P80673,4.1
U107361,P49094,3.5
U107361,P75400,3.8
U107362,P19243,3.4
U107362,P22600,4.7
U107362,P65666,3.9
U107363,P97674,4.2
U107364,P32174,3.5
U107366,P36439,4.3
U107367,P10983,3.5
U107367,P13033,3.9
U107369,P13921,3.6
U107369,P35048,4.0
U107369,P86942,4.2
U107369,P95537,4.6
U107370,P37930,4.9
U107371,P29618,3.4
U107372,P25318,4.0
U107373,P73413,4.5
U107374,P19920,3.6
U107375,P50114,4.1
U107375,P60085,4.1
U107375,P72153,4.1
U107376,P22231,4.0
U107377,P30203,3.2
U107377,P78942,4.0
U107378,P53269,4.6
U107379,P45802,4.1
U107380,P34972,3.8
U107380,P96321,3.7
U107381,P30707,4.3
U107381,P41566,4.5
U107381,P73100,3.4
U107382,P93078,3.7
U107383,P32858,4.9
U107383,P98589,3.5
U107384,P62663,3.8
U107384,P75736,4.4
U107384,P96639,5.0
U107386,P31485,4.7
U107386,P50442,5.0
U107386,P50524,3.6
U107387,P15132,4.0
U107387,P70163,3.7
U107387,P97244,3.5
U107389,P61426,4.3
U107389,P78590,4.0
U107390,P27363,4.4
U107390,P29372,3.6
U107390,P83762,3.4
U107391,P37151,4.0
U107391,P54770,3.2
U107392,P55108,3.3
U107394,P47604,4.2
U107394,P64667,3.5
U107394,P82288,3.9
U107395,P88211,4.0
U107396,P23353,3.9
U107396,P25300,3.7
U107399,P56109,3.4
U107401,P27237,3.7
U107401,P27361,4.6
U107401,P55937,4.3
U107403,P17433,4.0
U107403,P49651,4.0
U107404,P87730,4.1
U107405,P94942,3.8
U107406,P11479,3.4
U107406,P98065,4.4
U107410,P32089,4.8
U107412,P88782,3.2
U107414,P70527,3.6
U107414,P99549,3.8
U107415,P23481,5.0
U107415,P32590,3.2
U107416,P86650,3.8
U107417,P44979,3.8
U107418,P71328,3.4
U107420,P81675,3.9
U107421,P44422,4.5
U107422,P33200,4.8
U107422,P35217,4.4
U107423,P19694,3.5
U107423,P37462,3.8
U107425,P57867,3.4
U107426,P54865,4.4
U107427,P22373,4.4
U107427,P36376,3.8
U107428,P58581,3.9
U107428,P80385,3.4
U107428,P95383,4.0
U107430,P12032,4.0
U107431,P30831,4.1
U107432,P16279,2.7
U107432,P55831,3.6
U107432,P76516,4.8
U107435,P73514,3.1
U107436,P69250,4.4
U107437,P48949,4.0
U107438,P84168,3.4
U107440,P22939,4.6
U107442,P28102,3.4
U107442,P29754,3.8
U107442,P60869,3.6
U107443,P59046,4.1
U107444,P48692,4.7
U107444,P54576,4.1
U107448,P27217,4.3
U107448,P81650,3.5
U107449,P37974,4.4
U107449,P66350,4.0
U107449,P79007,3.9
U107449,P84947,2.8
U107449,P87485,4.4
U107450,P39315,4.0
U107450,P64064,4.1
U107450,P92000,4.4
U107452,P96520,3.9
U107456,P69668,3.9
U107456,P71147,4.1
U107456,P74910,3.7
U107457,P81857,3.0
U107459,P11241,4.3
U107459,P29804,4.0
U107459,P65351,4.4
U107460,P85059,4.0
U107461,P69381,3.4
U107461,P71099,4.1
U107461,P84564,3.8
U107463,P22953,4.7
U107463,P45456,4.0
U107463,P92071,4.3
U107464,P23060,5.0
U107464,P73000,3.3
U107464,P93286,3.5
U107465,P80511,4.2
U107466,P27423,4.4
U107466,P81461,3.6
U107466,P82326,3.8
U107466,P84410,4.1
U107469,P34995,4.5
U107469,P56314,4.6
U107470,P92698,3.6
U107470,P94548,4.9
U107471,P78163,3.6
U107472,P99836,4.8
U107473,P65168,3.9
U107474,P11726,3.2
U107474,P67009,3.9
U107474,P74092,4.3
U107479,P94816,3.8
U107481,P66987,3.8
U107481,P95401,2.7
U107482,P67189,4.1
U107483,P31688,3.8
U107485,P62802,3.7
U107488,P18384,3.7
U107488,P40287,4.2
U107491,P18524,3.2
U107492,P79006,4.1
U107496,P19736,3.5
U107496,P28115,3.9
U107496,P42276,4.7
U107496,P47792,4.5
U107496,P71626,4.0
U107498,P37212,4.8
U107500,P72686,4.2
U107502,P89153,3.7
U107503,P39083,4.2
U107503,P76782,4.2
U107507,P64258,3.7
U107508,P29533,4.4
U107508,P78424,4.4
U107509,P85658,4.3
U107514,P75094,3.9
U107514,P99461,4.8
U107516,P28284,4.1
U107517,P68884,4.4
U107517,P95003,4.0
U107523,P29859,3.8
U107523,P82708,2.7
U107524,P61536,3.9
U107526,P35624,2.7
U107530,P26510,3.7
U107530,P35633,3.4
U107530,P96804,4.4
U107532,P20717,4.4
U107532,P33661,3.5
U107532,P56364,4.0
U107532,P73607,4.2
U107533,P32715,5.0
U107533,P46649,4.4
U107534,P88824,3.5
U107535,P79643,3.6
U107535,P83096,4.3
U107536,P81329,4.6
U107539,P49403,4.2
U107539,P55931,4.2
U107539,P60616,3.8
U107540,P82814,3.6
U107541,P21435,3.8
U107541,P51984,4.6
U107541,P99631,4.4
U107542,P12750,3.4
U107542,P40783,3.4
U107543,P75211,3.6
U107544,P33926,4.1
U107545,P65351,3.9
U107545,P93582,2.6
U107547,P28765,4.8
U107547,P77710,3.6
U107548,P25808,4.0
U107548,P60610,3.8
U107548,P92837,4.8
U107548,P97031,4.1
U107549,P51338,4.7
U107550,P19518,4.5
U107551,P58075,3.5
U107551,P94876,3.4
U107552,P17813,4.3
U107552,P32636,3.3
U107553,P24990,4.3
U107553,P74724,4.2
U107555,P79198,4.5
U107556,P86222,4.1
U107559,P14216,3.2
U107559,P57807,3.8
U107560,P18715,4.1
U107560,P86525,4.2
U107561,P48866,4.3
U107561,P72895,3.9
U107561,P90463,3.4
U107562,P63959,3.9
U107566,P31517,4.3
U107566,P36001,3.5
U107567,P16972,3.2
U107568,P60505,4.2
U107568,P91294,2.6
U107569,P91074,4.7
U107570,P15416,4.3
U107571,P10566,3.8
U107572,P31992,3.2
U107572,P57148,4.1
U107573,P29904,2.8
U107573,P70321,4.5
U107574,P17430,4.2
U107574,P39417,4.0
U107574,P97307,4.5
U107576,P32574,3.9
U107577,P17178,3.4
U107577,P54197,3.0
U107579,P29005,3.0
U107579,P47361,4.6
U107580,P71143,3.2
U107580,P78519,3.6
U107583,P98074,4.2
U107584,P27468,4.3
U107584,P73639,4.3
U107585,P11434,3.7
U107587,P64287,3.8
U107587,P66615,4.2
U107588,P52822,4.1
U107589,P38376,3.7
U107589,P63814,4.9
U107589,P73630,4.5
U107590,P81589,3.6
U107591,P14674,3.6
U107591,P27824,4.3
U107592,P12531,2.3
U107592,P62664,4.2
U107592,P64318,3.9
U107593,P63210,3.0
U107594,P41771,4.0
U107595,P69291,4.9
U107596,P12577,4.1
U107596,P34828,3.6
U107596,P66121,3.3
U107599,P77907,3.6
U107599,P86617,4.0
U107600,P31975,3.6
U107600,P95378,3.6
U107600,P98105,4.6
U107602,P35716,3.8
U107602,P96735,4.3
U107603,P14385,3.7
U107603,P40275,3.3
U107603,P88236,3.6
U107603,P89606,3.5
U107604,P40741,4.7
U107608,P11764,4.1
U107608,P78826,4.2
U107608,P86481,4.3
U107609,P47153,4.0
U107610,P48709,4.8
U107611,P38495,3.4
U107612,P38184,3.6
U107614,P29461,3.7
U107614,P67461,4.0
U107616,P97470,3.2
U107617,P10543,4.3
U107617,P48464,3.5
U107617,P89090,3.3
U107618,P71056,4.3
U107620,P52126,4.3
U107620,P73270,3.9
U107621,P28714,4.0
U107621,P59495,4.1
U107623,P10058,3.6
U107623,P50945,3.9
U107623,P64697,4.0
U107625,P22249,4.2
U107626,P68506,3.8
U107626,P78410,4.2
U107627,P17107,4.8
U107627,P52408,3.9
U107627,P55646,4.8
U107627,P84746,3.8
U107630,P68427,4.1
U107632,P38448,3.3
U107633,P17797,3.0
U107634,P20222,4.7
U107635,P51578,3.6
U107636,P16277,4.5
U107636,P56480,4.2
U107638,P22539,4.1
U107639,P10173,4.9
U107639,P62640,4.1
U107639,P73447,4.1
U107639,P99195,3.6
U107640,P21584,5.0
U107640,P48361,3.8
U107642,P50003,3.0
U107642,P60335,3.8
U107644,P73657,4.1
U107645,P20585,3.7
U107645,P52713,4.6
U107647,P49933,4.4
U107647,P55323,3.6
U107647,P82958,3.4
U107647,P97103,4.1
U107648,P17468,3.9
U107648,P26518,4.4
U107648,P53647,4.7
U107649,P19862,4.0
U107649,P48812,4.5
U107649,P85125,4.2
U107650,P29808,4.6
U107652,P98206,3.5
U107653,P33828,4.3
U107653,P53102,4.4
U107653,P69140,3.6
U107653,P88986,4.5
U107654,P62942,3.3
U107655,P49017,3.6
U107655,P51224,3.3
U107655,P99274,3.9
U107656,P76769,3.5
U107657,P57022,3.8
U107658,P36607,4.4
U107658,P40979,3.4
U107658,P67364,4.4
U107658,P94990,4.3
U107660,P25241,4.3
U107660,P47850,3.4
U107660,P50331,3.7
U107661,P33025,3.4
U107662,P53649,3.9
U107663,P17182,3.8
U107663,P95539,4.4
U107664,P48082,3.8
U107664,P85565,3.3
U107665,P28980,3.7
U107665,P29640,4.4
U107666,P22826,4.0
U107666,P78120,5.0
U107667,P18826,3.9
U107668,P33048,3.7
U107669,P58907,3.8
U107670,P28175,4.0
U107670,P66479,4.9
U107671,P92804,3.4
U107673,P97866,4.2
U107676,P17909,4.4
U107676,P45292,4.2
U107676,P91812,4.5
U107677,P61711,2.8
U107677,P64358,3.8
U107678,P83539,3.5
U107678,P98704,4.5
U107679,P52508,3.7
U107679,P64980,4.3
U107680,P29647,2.5
U107680,P79115,4.0
U107681,P61089,3.9
U107681,P71218,4.1
U107685,P89066,4.0
U107686,P36286,4.4
U107686,P39538,4.4
U107686,P47641,3.8
U107687,P44901,4.4
U107688,P17643,4.3
U107690,P43674,3.9
U107690,P77892,3.4
U107691,P49330,3.9
U107694,P23430,4.0
U107695,P64763,4.6
U107696,P36340,4.5
U107696,P66312,4.1
U107696,P91250,3.4
U107698,P41047,2.9
U107700,P82449,4.6
U107700,P89179,4.1
U107701,P58121,3.4
U107701,P62808,4.4
U107701,P66807,3.3
U107701,P83050,4.0
U107704,P76739,4.5
U107704,P95638,3.4
U107706,P81851,4.1
U107707,P32399,3.6
U107707,P47648,4.3
U107707,P50288,4.2
U107708,P24645,4.4
U107708,P66034,4.1
U107710,P45708,3.5
U107710,P50284,4.5
U107712,P19379,3.8
U107713,P96778,4.2
U107714,P62586,2.9
U107716,P15223,4.8
U107719,P30801,4.4
U107719,P92841,4.1
U107720,P59921,3.7
U107720,P75903,3.7
U107721,P65734,4.6
U107721,P72025,4.3
U107722,P59230,3.0
U107723,P64165,4.3
U107725,P67754,3.7
U107726,P42599,3.6
U107727,P26389,3.4
U107727,P33063,3.7
U107727,P51620,3.9
U107728,P70770,2.8
U107729,P50770,4.8
U107730,P37111,3.3
U107735,P58648,3.9
U107738,P96993,3.4
U107739,P22240,4.0
U107740,P40736,3.6
U107741,P91165,5.0
U107744,P64686,3.2
U107744,P81445,4.7
U107745,P10320,3.8
U107745,P32398,3.9
U107745,P81293,3.8
U107749,P37378,4.2
U107749,P86533,4.5
U107750,P47886,3.6
U107751,P25306,3.8
U107751,P30358,3.9
U107752,P35797,2.8
U107752,P63128,4.4
U107753,P89984,4.3
U107754,P18105,3.9
U107754,P44464,3.8
U107755,P31445,2.4
U107755,P43967,3.4
U107756,P83615,2.9
U107758,P45437,3.8
U107760,P71951,4.6
U107760,P78909,3.7
U107761,P45699,5.0
U107762,P75659,3.6
U107762,P90462,4.2
U107763,P85630,3.7
U107764,P81032,4.2
U107764,P90472,4.5
U107767,P15846,3.7
U107767,P37995,3.8
U107767,P50230,3.7
U107769,P27110,4.5
U107769,P55034,3.8
U107770,P98899,3.3
U107771,P50611,5.0
U107771,P53131,3.9
U107771,P72103,3.8
U107771,P93129,3.8
U107772,P29146,4.0
U107773,P78581,3.9
U107774,P83325,3.0
U107775,P14101,4.1
U107775,P34552,3.4
U107775,P49043,4.4
U107776,P81275,3.4
U107777,P46060,4.0
U107778,P70489,3.6
U107778,P80385,3.5
U107779,P78918,3.9
U107780,P51365,3.6
U107780,P65776,3.8
U107781,P19951,3.5
U107781,P40053,4.4
U107781,P67438,4.4
U107782,P84035,4.7
U107783,P83798,3.8
U107786,P19094,3.4
U107786,P22481,4.4
U107787,P77671,4.2
U107787,P93968,4.2
U107788,P83697,4.0
U107789,P16877,3.7
U107790,P28606,3.7
U107790,P59966,3.2
U107791,P78637,3.2
U107793,P95550,5.0
U107794,P86632,4.7
U107795,P87065,4.2
U107796,P92665,3.9
U107797,P18072,4.4
U107797,P72113,3.6
U107799,P35908,3.1
U107800,P31519,3.4
U107801,P63291,4.0
U107802,P70103,3.2
U107802,P77143,2.9
U107802,P87459,4.1
U107804,P85400,4.4
U107807,P49787,4.0
U107807,P54327,5.0
U107808,P58772,3.5
U107809,P81908,5.0
U107809,P82159,3.8
U107810,P13198,4.1
U107810,P99755,3.8
U107813,P29920,3.5
U107815,P59616,4.3
U107815,P95206,4.2
U107816,P37416,3.6
U107817,P18557,4.0
U107818,P62146,3.0
U107819,P81154,3.6
U107820,P27459,3.0
U107821,P38499,3.5
U107821,P51547,3.6
U107822,P88078,4.5
U107823,P29282,4.5
U107823,P43910,3.7
U107825,P50876,3.7
U107826,P89557,4.5
U107827,P28230,3.4
U107827,P54274,3.4
U107827,P64454,3.5
U107828,P10684,3.3
U107829,P37078,4.2
U107829,P50543,3.6
U107829,P56008,4.4
U107832,P23900,4.2
U107832,P25739,5.0
U107834,P68330,4.6
U107836,P26586,4.2
U107836,P97690,3.3
U107837,P17648,4.1
U107840,P48050,4.3
U107840,P62432,4.1
U107840,P68150,3.5
U107841,P23061,4.5
U107841,P32860,3.3
U107841,P39777,3.9
U107841,P45201,4.1
U107842,P31037,3.6
U107842,P39623,3.7
U107843,P55304,4.1
U107844,P79521,4.2
U107844,P93053,4.7
U107846,P50665,3.4
U107847,P76884,3.0
U107850,P12706,5.0
U107850,P29096,3.7
U107853,P65188,4.3
U107854,P26375,4.4
U107854,P46071,3.2
U107854,P71306,3.8
U107855,P54098,3.7
U107855,P86638,4.6
U107857,P72465,2.4
U107859,P33141,3.6
U107860,P33905,5.0
U107860,P87669,4.7
U107863,P20151,4.2
U107863,P41204,3.7
U107863,P75820,3.4
U107865,P43846,3.8
U107865,P66493,4.5
U107866,P30115,3.8
U107867,P31631,3.8
U107868,P21499,3.6
U107868,P24608,3.6
U107870,P57399,5.0
U107870,P77014,4.0
U107871,P84231,3.9
U107874,P13514,4.0
U107875,P26613,4.2
U107877,P39310,3.4
U107877,P71508,3.8
U107877,P88351,4.2
U107877,P96323,4.6
U107882,P39874,3.8
U107883,P38648,3.5
U107883,P44761,4.3
U107883,P76174,3.4
U107884,P12696,4.4
U107884,P69257,5.0
U107886,P31538,4.3
U107886,P40756,3.8
U107888,P13369,4.9
U107888,P91388,4.2
U107890,P20172,4.2
U107891,P42149,4.5
U107892,P92594,3.6
U107893,P45350,4.0
U107894,P80671,4.4
U107895,P51512,2.8
U107895,P76218,3.5
U107896,P39648,3.3
U107897,P60530,4.0
U107897,P72873,3.6
U107900,P13308,4.7
U107900,P70951,4.5
U107901,P44583,4.1
U107902,P76686,3.6
U107903,P10121,3.6
U107906,P31801,4.7
U107907,P22979,3.7
U107908,P14791,2.8
U107908,P16622,4.5
U107908,P63223,4.0
U107909,P46152,4.0
U107909,P68544,4.0
U107911,P69078,3.9
U107912,P19639,3.8
U107915,P66703,4.6
U107916,P51424,4.3
U107916,P94622,2.9
U107917,P21007,4.2
U107917,P22072,4.2
U107918,P83528,3.9
U107918,P91095,4.2
U107919,P10388,3.4
U107919,P39117,3.3
U107919,P43279,4.4
U107919,P68843,4.2
U107921,P52609,3.5
U107923,P77979,3.6
U107923,P89447,4.1
U107924,P38852,3.6
U107924,P56215,3.4
U107926,P87046,3.7
U107927,P70920,4.0
U107928,P87799,3.4
U107929,P11288,4.3
U107931,P56086,4.1
U107931,P70596,4.2
U107933,P79936,2.9
U107934,P95448,4.6
U107935,P36097,2.9
U107935,P63162,3.4
U107935,P82967,4.0
U107937,P44916,4.1
U107937,P52510,3.6
U107937,P80400,4.3
U107940,P79090,2.5
U107940,P79987,5.0
U107942,P46883,4.2
U107942,P63764,3.9
U107943,P93110,4.3
U107945,P47857,3.9
U107945,P75492,4.4
U107946,P79088,3.9
U107947,P10950,4.0
U107947,P50550,3.9
U107948,P74709,4.4
U107950,P43726,3.7
U107950,P98813,3.7
U107951,P36195,3.5
U107952,P55411,3.6
U107952,P89064,4.2
U107953,P67400,4.5
U107953,P94750,4.4
U107954,P20721,3.5
U107954,P77388,4.6
U107957,P22262,3.7
U107957,P30993,3.6
U107957,P49869,4.7
U107957,P57301,4.3
U107958,P46535,4.3
U107959,P61731,4.0
U107960,P45738,3.2
U107963,P97997,5.0
U107964,P10283,3.2
U107965,P21196,3.2
U107965,P27088,3.2
U107967,P35589,4.3
U107967,P46763,4.6
U107968,P74658,3.8
U107969,P79124,4.8
U107970,P41817,2.8
U107970,P83670,4.5
U107971,P29872,4.7
U107972,P13102,4.4
U107972,P84047,3.9
U107975,P37508,4.0
U107975,P79177,3.9
U107975,P79248,4.2
U107979,P93083,4.3
U107979,P97234,3.4
U107982,P63857,4.4
U107984,P72208,4.0
U107985,P92806,3.5
U107986,P53457,3.9
U107987,P85014,3.2
U107987,P97245,4.7
U107989,P81352,3.9
U107990,P18402,4.2
U107992,P84677,3.8
U107993,P16642,3.4
U107993,P32462,5.0
U107993,P37059,3.2
U107994,P70908,3.9
U107996,P13751,3.7
U107996,P28445,3.8
U107996,P73003,4.3
U107998,P17362,4.3
U107998,P45803,4.3
U108000,P55271,3.6
U108000,P84272,4.1
U108002,P71552,3.2
U108002,P90219,4.1
U108004,P24411,3.6
U108004,P45917,4.2
U108004,P69334,3.6
U108005,P45711,3.9
U108005,P54663,4.0
U108005,P96946,3.6
U108007,P41119,3.2
U108007,P59140,4.0
U108008,P51682,3.7
U108011,P38615,3.2
U108011,P52751,2.7
U108012,P34007,3.7
U108012,P76731,3.9
U108013,P15374,4.2
U108013,P73489,3.3
U108015,P20925,3.6
U108017,P14769,3.4
U108017,P25351,4.0
U108019,P24638,4.4
U108020,P19440,3.5
U108020,P41665,3.4
U108022,P76487,3.3
U108027,P30646,3.9
U108027,P62530,4.2
U108027,P76123,3.1
U108031,P24580,4.0
U108031,P93976,4.0
U108032,P60373,3.4
U108032,P99321,4.4
U108033,P27057,4.1
U108033,P56607,3.9
U108033,P59516,3.8
U108033,P81153,4.4
U108035,P13786,3.5
U108035,P26454,3.4
U108037,P85588,3.9
U108038,P14011,3.6
U108039,P71739,3.9
U108039,P74306,4.1
U108040,P92886,4.0
U108042,P51144,3.5
U108043,P94703,4.4
U108044,P98402,3.3
U108045,P25036,3.9
U108045,P35867,3.2
U108046,P39198,2.9
U108046,P63053,4.7
U108047,P55420,4.1
U108048,P23395,4.7
U108048,P23508,3.2
U108048,P44698,4.5
U108049,P39334,3.3
U108049,P55340,3.4
U108050,P49068,4.4
U108052,P37647,3.7
U108053,P14311,4.0
U108054,P37690,4.0
U108056,P84380,3.5
U108057,P78384,4.5
U108058,P12920,3.8
U108058,P88844,4.2
U108059,P16798,3.3
U108060,P21688,3.7
U108060,P56720,4.4
U108060,P57786,3.8
U108060,P91982,4.4
U108061,P23284,4.0
U108061,P24442,3.2
U108062,P28133,4.3
U108064,P40076,4.3
U108065,P76633,3.8
U108066,P34963,3.7
U108068,P53034,4.5
U108069,P16214,3.4
U108070,P19247,4.3
U108071,P43158,4.6
U108072,P28924,4.0
U108072,P38907,4.7
U108072,P92151,3.5
U108074,P59699,4.1
U108074,P71156,3.6
U108074,P92911,5.0
U108075,P59496,4.3
U108076,P85610,3.9
U108077,P17521,4.4
U108077,P51009,4.1
U108077,P68178,4.0
U108080,P73915,3.5
U108080,P83717,3.1
U108081,P66647,3.4
U108081,P69416,4.5
U108081,P88230,4.5
U108081,P92757,3.4
U108082,P18892,3.6
U108084,P24190,4.2
U108084,P69208,3.4
U108085,P22377,4.0
U108085,P74447,4.4
U108085,P82090,3.5
U108086,P17418,4.0
U108087,P94883,4.1
U108088,P30734,3.9
U108088,P65101,3.5
U108088,P76566,3.6
U108089,P27718,3.9
U108090,P20745,4.1
U108090,P66924,4.3
U108091,P27102,4.7
U108093,P30599,4.0
U108093,P99998,4.6
U108095,P94142,3.9
U108097,P26875,4.3
U108097,P47798,3.9
U108097,P73489,3.4
U108098,P40292,3.8
U108099,P19812,3.6
U108100,P73333,4.1
U108103,P55318,4.3
U108105,P75193,4.4
U108106,P76564,2.8
U108107,P36931,3.9
U108107,P80316,3.7
U108108,P69774,4.3
U108109,P67098,4.1
U108111,P32791,4.3
U108114,P19861,3.2
U108115,P24973,4.5
U108115,P46392,3.7
U108117,P94892,4.1
U108118,P33087,4.0
U108119,P12449,4.4
U108119,P28603,3.7
U108120,P39933,3.4
U108120,P89142,3.8
U108122,P30724,4.6
U108123,P30498,4.5
U108124,P67451,3.5
U108124,P75416,4.4
U108126,P90051,4.0
U108127,P73128,3.9
U108129,P69178,4.8
U108131,P14779,4.7
U108131,P72199,3.6
U108132,P83023,3.8
U108136,P39113,4.2
U108136,P84648,3.5
U108137,P17660,3.6
U108137,P78822,3.4
U108138,P34783,2.6
U108138,P39984,4.1
U108138,P83669,4.2
U108140,P97613,3.2
U108141,P40598,3.5
U108142,P43362,3.9
U108142,P80192,3.6
U108143,P69997,4.2
U108144,P71845,3.4
U108145,P49410,4.2
U108146,P61674,3.4
U108147,P91340,4.1
U108148,P65037,4.1
U108149,P29069,3.7
U108150,P43430,3.5
U108150,P63412,3.3
U108152,P11189,3.2
U108152,P54851,5.0
U108152,P63967,4.0
U108153,P74952,3.1
U108154,P29773,4.2
U108154,P46418,2.9
U108154,P53282,3.5
U108156,P11822,3.5
U108157,P57309,4.5
U108160,P44768,4.6
U108160,P65513,3.9
U108161,P99897,3.2
U108162,P84722,3.8
U108163,P30601,4.9
U108164,P70270,3.5
U108165,P16377,3.7
U108165,P22367,4.3
U108166,P39650,3.6
U108166,P90441,4.1
U108168,P29616,3.2
U108168,P51289,3.9
U108169,P31018,3.9
U108173,P49100,4.2
U108176,P41147,3.7
U108177,P13879,4.3
U108177,P76090,4.5
U108179,P25446,5.0
U108180,P36783,3.7
U108181,P10747,4.0
U108183,P52186,3.8
U108188,P26416,3.3
U108189,P66162,3.7
U108189,P85552,3.7
U108189,P93426,4.0
U108192,P85651,3.0
U108194,P24761,4.3
U108194,P38550,3.8
U108195,P49940,4.4
U108195,P59333,2.8
U108199,P11687,3.8
U108201,P17514,3.9
U108201,P74662,3.5
U108202,P48708,3.9
U108202,P54090,3.2
U108206,P33448,4.3
U108207,P50009,3.3
U108208,P66860,3.6
U108209,P30532,3.5
U108209,P58754,4.4
U108209,P81100,3.8
U108211,P42373,4.4
U108213,P33240,4.2
U108213,P69911,3.7
U108214,P21095,3.9
U108214,P31809,4.1
U108215,P18687,4.0
U108215,P30104,3.3
U108215,P38071,4.7
U108215,P64501,3.7
U108216,P94922,3.8
U108217,P77680,3.7
U108218,P48226,3.6
U108218,P82325,3.5
U108219,P19520,4.1
U108219,P43149,4.1
U108219,P83153,3.5
U108224,P83711,3.8
U108225,P50292,4.2
U108225,P72422,3.9
U108225,P86795,4.8
U108226,P29926,3.6
U108226,P61694,4.2
U108229,P97904,3.9
U108230,P88070,3.2
U108232,P10160,4.2
U108232,P94282,4.2
U108234,P38506,4.1
U108234,P78916,4.0
U108236,P41605,2.7
U108236,P65166,2.8
U108238,P41891,3.0
U108238,P57696,3.9
U108238,P95389,4.3
U108239,P28859,2.5
U108239,P77248,3.2
U108243,P74736,3.0
U108244,P12653,3.9
U108245,P68671,3.5
U108246,P71374,4.2
U108247,P82404,4.0
U108251,P19710,4.4
U108251,P21491,4.5
U108251,P98629,4.3
U108252,P40178,3.6
U108252,P42196,3.6
U108252,P44986,4.3
U108252,P66242,3.3
U108252,P68850,4.5
U108254,P20059,3.9
U108254,P42262,4.3
U108254,P68833,4.1
U108255,P75538,4.1
U108256,P84230,3.9
U108256,P84867,3.8
U108256,P97493,2.7
U108258,P51369,4.7
U108258,P80558,4.8
U108261,P36154,3.7
U108261,P54663,4.9
U108261,P79726,4.3
U108264,P52807,4.2
U108264,P87325,4.6
U108265,P17298,4.6
U108266,P73602,3.5
U108267,P25195,4.4
U108267,P92045,3.1
U108269,P97744,4.2
U108270,P21722,4.4
U108270,P34658,3.8
U108270,P75826,4.6
U108271,P68197,4.5
U108272,P10341,3.6
U108273,P56293,3.9
U108274,P49756,4.0
U108275,P32686,3.7
U108276,P16428,3.7
U108276,P88334,3.6
U108277,P21779,4.4
U108277,P46805,3.8
U108277,P46826,4.7
U108277,P71487,4.7
U108278,P74689,3.4
U108281,P15874,4.0
U108282,P91781,3.8
U108283,P10990,3.8
U108288,P87061,3.6
U108289,P69464,4.0
U108289,P79662,4.1
U108291,P28602,4.4
U108291,P59357,3.9
U108293,P23693,3.7
U108293,P49590,4.1
U108293,P82339,4.8
U108294,P58795,5.0
U108296,P21196,3.5
U108296,P42364,4.5
U108296,P78490,3.6
U108297,P13430,3.8
U108298,P17978,3.7
U108298,P76677,3.8
U108298,P86113,4.6
U108299,P76738,3.3
U108300,P13853,3.2
U108300,P27670,5.0
U108300,P75145,4.4
U108301,P33501,3.1
U108301,P85371,3.9
U108302,P95264,4.5
U108303,P92581,5.0
U108304,P81368,4.0
U108305,P55787,3.0
U108306,P90376,3.9
U108307,P98699,3.8
U108309,P71281,4.3
U108309,P72811,4.1
U108310,P22054,3.2
U108312,P43676,3.4
U108312,P47107,4.0
U108312,P89765,4.2
U108313,P33420,4.3
U108313,P54477,3.3
U108315,P53008,4.4
U108315,P91194,3.1
U108316,P18220,3.3
U108317,P12693,4.0
U108318,P36869,2.7
U108318,P86125,3.6
U108319,P83499,4.0
U108321,P34118,4.0
U108321,P36840,3.7
U108321,P38165,3.6
U108322,P63548,4.0
U108322,P95734,4.0
U108323,P49762,4.0
U108323,P81632,3.9
U108323,P86486,4.0
U108324,P35126,4.5
U108324,P40885,3.3
U108324,P97894,4.7
U108325,P78305,3.6
U108325,P98347,4.9
U108326,P33999,4.1
U108328,P30258,3.8
U108328,P40670,4.8
U108330,P28435,3.6
U108330,P41368,4.6
U108330,P49404,4.2
U108330,P79124,3.8
U108331,P17185,3.4
U108335,P87042,3.5
U108335,P93203,4.2
U108337,P18461,3.8
U108337,P99003,3.8
U108338,P63017,2.5
U108339,P33877,4.3
U108340,P96189,3.9
U108341,P42793,3.7
U108341,P69152,3.6
U108341,P87074,4.1
U108342,P74312,3.8
U108344,P35629,4.9
U108344,P91480,3.9
U108345,P81427,5.0
U108347,P24509,3.5
U108348,P67472,3.2
U108348,P74304,4.2
U108348,P85157,3.5
U108350,P47418,3.6
U108350,P48942,5.0
U108352,P12376,4.2
U108352,P18216,3.7
U108352,P89874,2.9
U108354,P23837,2.9
U108354,P36146,3.7
U108354,P38168,5.0
U108354,P88778,4.6
U108359,P10331,4.5
U108359,P67157,4.7
U108359,P89162,4.7
U108360,P55137,3.3
U108361,P16192,3.8
U108362,P78498,3.9
U108364,P80887,3.5
U108364,P99846,4.1
U108366,P56109,4.3
U108366,P87983,4.2
U108367,P49571,3.9
U108368,P22414,4.6
U108369,P18372,4.2
U108369,P35537,4.0
U108371,P62538,3.5
U108371,P85297,4.1
U108371,P92009,5.0
U108376,P50079,3.1
U108376,P73433,3.6
U108378,P60751,3.6
U108378,P95899,4.4
U108380,P12540,4.3
U108380,P27184,4.0
U108381,P14442,3.8
U108382,P64310,4.0
U108383,P86627,4.4
U108384,P19260,3.9
U108384,P39855,4.0
U108384,P68170,4.1
U108385,P34609,3.2
U108385,P41220,3.5
U108387,P72668,2.9
U108388,P80202,4.6
U108389,P57122,2.8
U108390,P31498,3.7
U108390,P47969,3.3
U108390,P99463,2.7
U108391,P88145,3.9
U108392,P17844,5.0
U108393,P24547,5.0
U108394,P95564,4.4
U108395,P51170,4.2
U108396,P43335,4.0
U108398,P51161,4.1
U108398,P80960,4.9
U108398,P88476,4.6
U108399,P10379,3.9
U108399,P34264,4.6
U108400,P11066,4.2
U108401,P70231,4.4
U108401,P72606,3.7
U108404,P14768,3.3
U108405,P74057,5.0
U108408,P14855,4.5
U108408,P55514,4.7
U108410,P92999,3.4
U108410,P99211,3.4
U108413,P61500,2.8
U108413,P83720,3.3
U108414,P15997,3.1
U108415,P93900,4.1
U108416,P24604,3.3
U108416,P50067,4.1
U108416,P51160,3.1
U108417,P65764,4.0
U108417,P66272,3.8
U108418,P58523,2.2
U108419,P44890,4.3
U108421,P11951,4.2
U108421,P83133,3.7
U108424,P94503,3.2
U108425,P75791,4.0
U108426,P39808,3.5
U108426,P73260,4.5
U108427,P28199,4.0
U108427,P99181,3.4
U108428,P58668,3.0
U108428,P90299,3.5
U108429,P14375,4.2
U108429,P59389,4.2
U108430,P45051,3.4
U108431,P33247,2.8
U108431,P34209,3.6
U108432,P51469,3.9
U108432,P79903,3.7
U108432,P94938,2.1
U108433,P65410,4.7
U108438,P24163,4.0
U108440,P62003,3.7
U108440,P65961,3.9
U108440,P70030,4.3
U108441,P73388,4.4
U108444,P39725,3.6
U108445,P69628,3.5
U108445,P97343,3.9
U108446,P18671,4.5
U108446,P64762,3.2
U108447,P13186,3.7
U108447,P26579,4.3
U108447,P66565,5.0
U108452,P99603,4.1
U108453,P53732,3.6
U108454,P47335,4.2
U108456,P49014,3.2
U108457,P29475,3.1
U108457,P61118,3.2
U108458,P83211,2.9
U108461,P49489,3.6
U108461,P62704,4.0
U108465,P12597,3.3
U108465,P46779,4.6
U108466,P23725,3.1
U108467,P42020,4.1
U108467,P62079,3.5
U108468,P43783,3.7
U108468,P81374,4.2
U108470,P18013,3.8
U108473,P59092,3.8
U108475,P50027,4.1
U108477,P42995,3.7
U108477,P72514,4.4
U108479,P60403,3.6
U108480,P12437,4.7
U108481,P11097,3.2
U108481,P91475,3.4
U108483,P49417,3.8
U108483,P55419,3.0
U108483,P61875,3.6
U108483,P77265,3.4
U108484,P90225,2.9
U108485,P24431,4.6
U108486,P24995,4.3
U108486,P82634,3.7
U108486,P94852,3.3
U108487,P44923,3.7
U108487,P72978,3.7
U108488,P35538,3.3
U108488,P80188,3.8
U108489,P45375,3.3
U108489,P47860,3.1
U108490,P34568,4.8
U108491,P19345,3.7
U108491,P75778,4.8
U108492,P77500,3.6
U108493,P48556,3.0
U108494,P36668,4.1
U108494,P60487,3.5
U108495,P57471,3.9
U108495,P84123,4.0
U108495,P86993,4.0
U108496,P95958,4.9
U108497,P63409,3.5
U108498,P15032,4.3
U108499,P11285,3.8
U108499,P72756,3.7
U108501,P55410,4.0
U108502,P16479,4.1
U108502,P38724,4.1
U108502,P71419,3.8
U108503,P21053,4.1
U108506,P39586,4.3
U108507,P37634,2.9
U108508,P20597,3.4
U108509,P46354,3.6
U108509,P76823,4.0
U108510,P15710,4.7
U108510,P16309,3.8
U108510,P35508,4.2
U108510,P55933,4.0
U108511,P39216,3.5
U108511,P73868,4.3
U108512,P71881,3.8
U108513,P19199,3.3
U108516,P47826,3.6
U108518,P40735,3.8
U108519,P87360,3.6
U108521,P67881,3.8
U108522,P32613,3.4
U108524,P64940,3.1
U108525,P80486,4.6
U108526,P11472,4.1
U108527,P59582,4.0
U108528,P63112,4.7
U108529,P29981,3.9
U108529,P41037,4.0
U108529,P83697,3.4
U108532,P29731,4.3
U108532,P82950,3.9
U108533,P27883,3.8
U108533,P47531,3.2
U108533,P70130,5.0
U108533,P70486,3.6
U108534,P10569,3.8
U108535,P60403,3.9
U108538,P80877,3.9
U108539,P89891,3.5
U108540,P17107,3.9
U108541,P97156,3.3
U108542,P66661,4.5
U108542,P89058,5.0
U108544,P82481,4.5
U108546,P16263,3.8
U108546,P19097,4.3
U108546,P70819,3.7
U108547,P33883,2.8
U108549,P10379,3.2
U108549,P53768,4.4
U108551,P40638,4.6
U108551,P53607,3.6
U108552,P56457,3.9
U108553,P62912,4.8
U108554,P30386,4.0
U108554,P32211,3.7
U108555,P45528,4.2
U108555,P47583,3.7
U108555,P68071,3.7
U108555,P69512,4.5
U108556,P16625,3.5
U108556,P18662,4.6
U108556,P18771,4.3
U108558,P36110,2.8
U108558,P76375,3.5
U108559,P55253,3.9
U108559,P97589,3.6
U108559,P98325,4.3
U108560,P33273,3.9
U108561,P15553,4.4
U108562,P86868,4.2
U108563,P66325,4.5
U108563,P67899,4.3
U108564,P96609,3.7
U108565,P26411,4.0
U108565,P83039,3.8
U108568,P10048,3.3
U108569,P63469,3.5
U108569,P88187,3.8
U108570,P30428,4.5
U108571,P19104,3.9
U108571,P46609,3.9
U108571,P97701,5.0
U108571,P98629,4.5
U108572,P60163,2.6
U108572,P73049,4.1
U108573,P47634,3.9
U108573,P94177,4.3
U108574,P28448,3.5
U108574,P37171,4.3
U108575,P12520,4.0
U108577,P50448,4.2
U108577,P69894,3.7
U108577,P90080,4.2
U108578,P17190,4.1
U108579,P57647,4.5
U108579,P83162,3.9
U108581,P41754,4.6
U108581,P71155,4.0
U108582,P11765,4.5
U108582,P45487,3.5
U108582,P68587,3.9
U108582,P75345,5.0
U108584,P30657,3.1
U108584,P50305,4.4
U108584,P75177,4.3
U108586,P71694,4.0
U108587,P61192,4.2
U108588,P28208,4.7
U108588,P85939,3.6
U108589,P12378,3.0
U108591,P64635,3.8
U108592,P48613,4.7
U108593,P32185,5.0
U108594,P50847,4.2
U108595,P15477,4.0
U108595,P91485,4.8
U108595,P99434,3.1
U108596,P73678,3.3
U108596,P90250,3.3
U108598,P30994,3.5
U108598,P31008,3.0
U108599,P44423,4.3
U108599,P56479,3.5
U108599,P86094,4.4
U108600,P78640,3.0
U108603,P44391,3.5
U108604,P88562,3.6
U108604,P96303,4.7
U108606,P97703,3.9
U108607,P94569,4.3
U108608,P20078,4.6
U108608,P27696,4.9
U108608,P46277,3.5
U108609,P82935,3.0
U108610,P45366,3.8
U108610,P80668,3.6
U108611,P96264,3.7
U108613,P61783,4.3
U108613,P74760,4.5
U108618,P81095,3.9
U108619,P16474,4.5
U108619,P78037,4.0
U108620,P98778,4.2
U108621,P66852,5.0
U108621,P84348,4.1
U108623,P25661,3.9
U108623,P75347,3.4
U108624,P80180,4.7
U108625,P76188,4.4
U108627,P13354,3.5
U108627,P20558,4.5
U108627,P48347,4.6
U108627,P75358,3.9
U108628,P36256,4.1
U108629,P77303,3.7
U108629,P82252,4.7
U108630,P33960,3.9
U108630,P95870,3.4
U108633,P55963,4.2
U108635,P21633,4.3
U108636,P24710,4.2
U108638,P77946,4.7
U108639,P47620,3.6
U108640,P81767,3.5
U108640,P94102,3.7
U108641,P68222,4.6
U108642,P95537,4.5
U108643,P25135,4.1
U108643,P63330,3.8
U108646,P20450,3.1
U108646,P94824,3.5
U108649,P30681,3.8
U108649,P50909,4.1
U108650,P30490,3.3
U108650,P71255,4.5
U108651,P18835,2.6
U108651,P71090,4.7
U108651,P72654,3.6
U108651,P92957,4.2
U108652,P95362,3.1
U108653,P77671,4.1
U108653,P96374,3.9
U108654,P35838,4.1
U108654,P66297,3.6
U108655,P90600,3.6
U108657,P48326,3.7
U108659,P50108,4.7
U108659,P52299,4.5
U108659,P80414,3.9
U108661,P59582,3.1
U108662,P50593,3.8
U108662,P98531,3.9
U108663,P24051,3.7
U108663,P31535,3.8
U108665,P38355,4.0
U108666,P26854,3.8
U108669,P26001,3.7
U108669,P32098,4.1
U108670,P90618,4.6
U108671,P61648,4.9
U108672,P14108,4.1
U108672,P27509,4.1
U108672,P98265,3.3
U108673,P28742,3.1
U108673,P47633,3.9
U108676,P20343,4.1
U108676,P47781,2.5
U108676,P77982,3.3
U108679,P54319,3.6
U108679,P66671,3.9
U108680,P99168,4.2
U108681,P90200,3.0
U108682,P23061,4.2
U108682,P77058,3.7
U108683,P12337,4.3
U108683,P47502,4.8
U108684,P65899,4.0
U108684,P72454,3.5
U108685,P34563,3.8
U108686,P17943,3.3
U108686,P91678,3.8
U108686,P96306,3.1
U108688,P54542,3.9
U108691,P80963,4.1
U108692,P57039,3.7
U108695,P92246,3.6
U108696,P23653,4.3
U108696,P43018,3.1
U108696,P56246,4.2
U108697,P92068,5.0
U108700,P32218,4.0
U108700,P97060,4.3
U108700,P99738,3.7
U108701,P11405,3.8
U108701,P19455,4.1
U108701,P72661,3.6
U108701,P88484,4.4
U108702,P10649,4.6
U108702,P39836,4.0
U108702,P58242,3.5
U108703,P20235,3.5
U108703,P78045,3.2
U108706,P30414,4.5
U108706,P81686,3.4
U108707,P15412,3.3
U108707,P97298,3.2
U108711,P79646,3.7
U108712,P18798,5.0
U108713,P51791,3.6
U108713,P78760,3.6
U108713,P95977,3.3
U108714,P49406,3.5
U108715,P19632,4.4
U108715,P63788,4.5
U108716,P19870,3.7
U108716,P43709,3.5
U108716,P49537,3.9
U108718,P52384,4.1
U108719,P97832,3.8
U108720,P10123,4.0
U108720,P39268,3.5
U108720,P68652,4.0
U108721,P60260,3.8
U108722,P56118,4.6
U108723,P50146,2.9
U108723,P78248,3.8
U108725,P26901,4.0
U108725,P45189,4.0
U108727,P35140,4.2
U108727,P56909,4.3
U108727,P59568,4.8
U108730,P63212,3.6
U108733,P33098,3.6
U108733,P75328,4.4
U108734,P58452,3.3
U108734,P64606,3.7
U108736,P99570,3.5
U108738,P33951,4.0
U108738,P43895,3.1
U108739,P65187,4.5
U108745,P84531,4.1
U108746,P41575,5.0
U108746,P65233,4.2
U108746,P65628,4.7
U108746,P73131,3.2
U108747,P84243,3.4
U108748,P44552,2.8
U108748,P58740,3.9
U108749,P68234,2.9
U108749,P74562,4.4
U108749,P88929,4.3
U108750,P10924,3.4
U108751,P13176,3.0
U108752,P20096,4.3
U108753,P73978,4.7
U108754,P13388,2.8
U108754,P33191,3.8
U108755,P31785,2.8
U108757,P28314,4.5
U108758,P93743,3.2
U108759,P41410,3.0
U108759,P62397,3.2
U108759,P70830,5.0
U108759,P78603,4.1
U108759,P97959,2.9
U108760,P64168,3.9
U108762,P58101,4.6
U108762,P86635,4.2
U108764,P12273,4.2
U108764,P60669,4.5
U108764,P94222,2.9
U108765,P13065,3.4
U108765,P93536,3.5
U108766,P41754,3.7
U108767,P28339,3.8
U108767,P41470,4.5
U108768,P69473,3.3
U108768,P94646,3.6
U108770,P83545,3.9
U108771,P68735,2.6
U108775,P32924,4.2
U108775,P44480,4.7
U108775,P57492,3.4
U108775,P63398,4.1
U108776,P38060,3.8
U108776,P70715,4.7
U108777,P14524,3.4
U108777,P80886,4.0
U108778,P23469,4.2
U108778,P82911,3.9
U108780,P55680,3.6
U108780,P94653,3.5
U108781,P51264,5.0
U108784,P29097,3.4
U108784,P69297,3.5
U108785,P11398,4.7
U108787,P47358,3.5
U108787,P86655,4.4
U108788,P57390,3.6
U108788,P73587,3.3
U108789,P40860,3.8
U108793,P52861,3.9
U108793,P76062,3.3
U108794,P61343,3.2
U108795,P22173,4.9
U108795,P59622,4.2
U108795,P91148,2.8
U108796,P61137,3.4
U108796,P80862,3.5
U108798,P61825,4.0
U108800,P33900,4.1
U108804,P74956,4.3
U108804,P84831,3.6
U108806,P18710,4.9
U108808,P24934,3.9
U108809,P34067,4.9
U108810,P87118,4.1
U108812,P44953,3.5
U108812,P96336,5.0
U108814,P23814,4.3
U108815,P19970,4.4
U108817,P23710,3.2
U108817,P41629,4.2
U108818,P28187,3.9
U108818,P51330,4.2
U108818,P71635,3.7
U108819,P71870,5.0
U108819,P99163,3.0
U108821,P60736,4.5
U108821,P64360,2.8
U108822,P33565,4.1
U108822,P41093,4.4
U108823,P77203,4.3
U108824,P24190,4.0
U108824,P94060,3.6
U108827,P12630,2.5
U108828,P89587,3.5
U108829,P24436,3.9
U108831,P82050,3.7
U108833,P11570,3.9
U108833,P16152,3.5
U108833,P72826,5.0
U108834,P50102,4.0
U108834,P75289,3.3
U108836,P63730,3.3
U108836,P74996,4.1
U108837,P87917,3.6
U108838,P42763,2.9
U108838,P74535,4.0
U108838,P98240,3.9
U108839,P47172,4.4
U108842,P28364,3.6
U108842,P28388,4.1
U108842,P98200,3.9
U108843,P99326,3.5
U108844,P63752,3.7
U108846,P18305,3.6
U108846,P73167,3.4
U108846,P86211,3.6
U108848,P41927,4.5
U108849,P16886,4.4
U108850,P19293,3.9
U108850,P78267,4.0
U108851,P63348,4.4
U108852,P19581,2.8
U108852,P31018,3.9
U108852,P64401,3.7
U108852,P93966,4.0
U108853,P41178,3.9
U108855,P12986,2.6
U108856,P46120,3.4
U108857,P30403,3.6
U108859,P39249,3.4
U108860,P57535,3.3
U108860,P63270,3.6
U108862,P17704,4.6
U108862,P49956,3.2
U108862,P65812,4.1
U108864,P70093,3.5
U108864,P92441,4.2
U108865,P52003,4.5
U108865,P69135,4.3
U108865,P86503,4.6
U108865,P93009,4.5
U108866,P80367,3.8
U108867,P81007,2.9
U108869,P15599,3.8
U108870,P14024,3.5
U108870,P22225,4.2
U108871,P45559,3.6
U108871,P77648,4.3
U108872,P78870,4.5
U108874,P81392,4.1
U108875,P44935,3.9
U108875,P81974,4.2
U108876,P16672,4.5
U108878,P76032,4.1
U108878,P79812,3.1
U108879,P11957,4.0
U108880,P37884,5.0
U108882,P43459,3.8
U108883,P13551,2.7
U108883,P36694,3.8
U108884,P35428,4.1
U108884,P45256,4.0
U108884,P66636,4.3
U108885,P55892,4.1
U108886,P55633,3.9
U108889,P24549,3.4
U108889,P30685,3.7
U108889,P37742,3.8
U108889,P97721,4.5
U108890,P78470,3.1
U108891,P58079,5.0
U108892,P42475,3.5
U108894,P60332,4.4
U108894,P84363,3.2
U108896,P75163,3.8
U108897,P63321,4.9
U108897,P99968,3.4
U108898,P85402,5.0
U108900,P86456,3.9
U108901,P57502,4.2
U108902,P90528,4.4
U108903,P16851,4.3
U108903,P17758,3.5
U108904,P24448,3.9
U108905,P76219,3.1
U108906,P70902,3.4
U108907,P55400,4.0
U108907,P82302,4.0
U108907,P94938,4.7
U108908,P43582,2.8
U108909,P27802,3.2
U108909,P70140,4.6
U108910,P44355,3.9
U108912,P30398,4.1
U108912,P69351,3.9
U108913,P27393,4.6
U108913,P33179,3.5
U108913,P83785,3.4
U108915,P65784,3.8
U108916,P38866,2.9
U108916,P96219,4.5
U108917,P98698,4.2
U108919,P22410,3.4
U108921,P27006,4.2
U108921,P69627,3.2
U108922,P53346,4.8
U108923,P51022,3.1
U108924,P17357,3.0
U108924,P95874,4.0
U108926,P13485,3.7
U108926,P42858,3.3
U108927,P29442,3.8
U108929,P31134,4.7
U108929,P41973,3.7
U108932,P88232,4.9
U108932,P95726,3.0
U108933,P53087,4.1
U108934,P69470,4.6
U108935,P70513,4.3
U108935,P76451,2.9
U108939,P21769,4.7
U108942,P54822,3.5
U108944,P33429,3.5
U108944,P83403,4.0
U108946,P46573,3.6
U108946,P79068,4.7
U108946,P79218,3.7
U108947,P16546,3.1
U108948,P77225,3.9
U108951,P43556,4.5
U108951,P49989,4.4
U108952,P15753,2.6
U108952,P87185,3.5
U108953,P11199,3.3
U108953,P48124,3.4
U108954,P71573,4.1
U108954,P85644,4.4
U108956,P16437,3.6
U108956,P99135,3.9
U108958,P14117,3.4
U108959,P99134,3.4
U108960,P44372,4.2
U108960,P92442,3.0
U108962,P28172,3.3
U108962,P38133,3.6
U108962,P50873,4.0
U108962,P72025,4.5
U108963,P12515,4.1
U108963,P73512,4.4
U108964,P30249,3.9
U108964,P53813,4.8
U108964,P71918,3.4
U108965,P13041,3.7
U108965,P43121,3.7
U108966,P72808,3.7
U108966,P88792,3.6
U108967,P47702,3.8
U108967,P57792,3.5
U108967,P88415,3.2
U108968,P64514,4.4
U108968,P97947,4.2
U108970,P73857,3.9
U108971,P63876,3.1
U108973,P21305,3.6
U108973,P52439,4.0
U108974,P13467,3.7
U108974,P35743,3.8
U108975,P32407,4.3
U108975,P86036,4.4
U108976,P29048,4.0
U108976,P96769,3.6
U108978,P16416,3.9
U108978,P25095,4.1
U108980,P88113,3.7
U108981,P24837,4.4
U108981,P30382,3.9
U108981,P70615,5.0
U108981,P79922,4.0
U108982,P23249,3.4
U108982,P49277,4.2
U108982,P90926,4.9
U108983,P51188,4.8
U108985,P11458,3.4
U108985,P37248,3.6
U108985,P66001,4.7
U108987,P49439,4.5
U108988,P59119,3.8
U108988,P81930,4.9
U108990,P29295,4.6
U108991,P33899,3.8
U108991,P38090,4.2
U108991,P94400,2.8
U108994,P28450,4.0
U108994,P85998,3.8
U108995,P45168,3.8
U108995,P70159,4.3
U108997,P86756,3.6
U108998,P30160,4.4
U108999,P28031,3.4
U109000,P63263,4.6
U109001,P43969,4.1
U109001,P49945,3.8
U109002,P51152,4.3
U109002,P76571,4.1
U109003,P40484,3.1
U109003,P66051,3.9
U109004,P48179,4.4
U109006,P75056,3.8
U109008,P49887,3.4
U109009,P35068,3.5
U109010,P10283,4.1
U109010,P23153,3.2
U109011,P71822,4.1
U109012,P87925,3.8
U109012,P93927,4.0
U109012,P93963,4.6
U109014,P37126,2.9
U109014,P52705,4.2
U109014,P53074,3.3
U109014,P59798,4.2
U109014,P88302,3.7
U109014,P93691,4.5
U109014,P94620,3.7
U109017,P64697,4.8
U109017,P84303,3.1
U109018,P69496,4.6
U109019,P70413,5.0
U109021,P59061,3.0
U109024,P29874,3.6
U109025,P50108,4.0
U109026,P43604,3.7
U109030,P85486,4.0
U109033,P54247,4.1
U109034,P83774,3.9
U109035,P53941,3.2
U109036,P81118,4.4
U109038,P13682,3.5
U109038,P88998,4.3
U109039,P37866,4.5
U109041,P26832,3.7
U109041,P99414,4.2
U109042,P57748,3.7
U109045,P18929,5.0
U109045,P84932,4.2
U109046,P71065,3.5
U109046,P72454,3.6
U109048,P23051,3.6
U109048,P81780,4.4
U109049,P77525,4.5
U109052,P44869,4.0
U109053,P31364,4.3
U109055,P99068,3.6
U109057,P18082,3.5
U109058,P75077,3.9
U109058,P81973,4.4
U109059,P39074,4.2
U109060,P64458,4.1
U109060,P69666,3.9
U109061,P47772,3.8
U109063,P71062,3.1
U109063,P83369,4.3
U109064,P28562,4.1
U109064,P66710,3.3
U109065,P94671,4.1
U109066,P15895,4.5
U109066,P29480,4.0
U109068,P10979,3.4
U109068,P20892,4.2
U109068,P35041,4.1
U109068,P45068,3.4
U109071,P39231,3.6
U109073,P19719,4.7
U109075,P62937,4.0
U109076,P11882,3.8
U109076,P18790,3.2
U109076,P35042,3.8
U109079,P23263,3.9
U109079,P93542,3.9
U109080,P31447,4.4
U109082,P47795,2.8
U109083,P25899,3.8
U109085,P16811,3.7
U109085,P54675,3.6
U109085,P55241,4.1
U109085,P75751,4.4
U109088,P76367,3.4
U109088,P87479,3.9
U109089,P12082,3.6
U109089,P87495,4.3
U109090,P72133,4.2
U109091,P89853,4.0
U109093,P43288,4.2
U109094,P14007,4.0
U109094,P32673,4.2
U109094,P67664,3.9
U109094,P79309,3.9
U109095,P26749,4.2
U109095,P39940,4.2
U109097,P14788,4.8
U109099,P74764,3.7
U109102,P15195,3.7
U109103,P93392,4.1
U109104,P96594,4.6
U109105,P73165,3.7
U109106,P82005,3.6
U109108,P12006,4.3
U109109,P76093,3.4
U109110,P47107,3.6
U109111,P28376,4.3
U109111,P81765,4.6
U109111,P82749,5.0
U109111,P89609,4.4
U109112,P39506,4.3
U109113,P76153,3.7
U109114,P89979,4.3
U109115,P38459,4.2
U109115,P85929,3.5
U109116,P50947,4.2
U109116,P79366,3.7
U109117,P23222,4.0
U109118,P85269,4.4
U109119,P42135,4.6
U109119,P86790,4.9
U109120,P16409,3.4
U109121,P23475,3.2
U109123,P59253,3.3
U109124,P98383,4.0
U109125,P81581,3.5
U109129,P29666,3.9
U109129,P37323,4.1
U109129,P93469,3.4
U109130,P33803,4.5
U109130,P75115,4.4
U109132,P60663,3.3
U109132,P88621,4.0
U109133,P10387,4.0
U109133,P78228,4.7
U109134,P38141,4.0
U109134,P75012,3.4
U109135,P75051,4.0
U109136,P92506,3.5
U109139,P40401,2.4
U109141,P43412,4.3
U109141,P54562,3.6
U109141,P70926,3.0
U109144,P11374,3.2
U109144,P89274,3.4
U109145,P89480,3.7
U109147,P18303,4.1
U109149,P92255,4.0
U109151,P32252,3.9
U109155,P28996,3.4
U109155,P70812,4.1
U109155,P80353,4.6
U109156,P27623,5.0
U109157,P35933,4.0
U109158,P11745,3.2
U109163,P40766,3.6
U109164,P16556,4.1
U109165,P94406,3.6
U109166,P87220,4.5
U109167,P62072,4.1
U109167,P67812,4.3
U109168,P27325,4.7
U109169,P18812,4.0
U109170,P76673,4.1
U109172,P11845,2.6
U109173,P93175,3.6
U109174,P16013,3.2
U109174,P74580,2.9
U109174,P75880,3.0
U109174,P91845,3.5
U109179,P45892,4.0
U109179,P67817,3.7
U109180,P17643,4.0
U109180,P88536,4.3
U109182,P52382,3.7
U109182,P93982,4.0
U109186,P70753,3.3
U109187,P57570,4.5
U109188,P50376,3.2
U109189,P12822,3.7
U109189,P44206,4.9
U109189,P56215,4.5
U109190,P16045,4.3
U109191,P90555,3.6
U109193,P51240,4.7
U109194,P15570,4.3
U109194,P33536,3.7
U109194,P73819,4.4
U109195,P21077,3.1
U109195,P48024,4.7
U109195,P49099,4.6
U109197,P16607,4.4
U109197,P82918,4.2
U109198,P22350,3.8
U109198,P85876,3.5
U109199,P59575,4.1
U109200,P18046,3.5
U109200,P50879,5.0
U109200,P79559,3.3
U109201,P55270,3.7
U109201,P63269,3.9
U109203,P51323,3.9
U109203,P70204,3.1
U109203,P81946,3.6
U109204,P26934,2.6
U109204,P34535,4.1
U109204,P36619,4.3
U109205,P26576,4.1
U109205,P60038,3.3
U109205,P66622,4.1
U109207,P40477,2.9
U109209,P17237,4.0
U109210,P70945,3.2
U109211,P23083,4.5
U109211,P45537,4.2
U109211,P68208,4.5
U109216,P27635,3.3
U109216,P32840,4.0
U109216,P53390,3.6
U109216,P73010,4.2
U109217,P78041,3.8
U109218,P41901,4.5
U109220,P64800,3.6
U109221,P38800,3.9
U109222,P28724,2.6
U109222,P81865,4.4
U109222,P92978,3.1
U109224,P84896,4.1
U109225,P50279,3.9
U109226,P37910,4.5
U109227,P23839,3.4
U109229,P69161,3.2
U109229,P86261,3.1
U109230,P53343,4.5
U109232,P34508,3.9
U109232,P99830,3.7
U109234,P54193,3.8
U109236,P41218,3.1
U109236,P52259,5.0
U109236,P60517,3.9
U109236,P98772,3.8
U109238,P97263,3.7
U109239,P15385,4.4
U109239,P94897,3.9
U109240,P15737,4.1
U109240,P17339,4.2
U109241,P20183,4.0
U109241,P48759,4.3
U109242,P93766,3.9
U109245,P60863,3.2
U109246,P26297,4.8
U109246,P27401,4.5
U109246,P82354,3.1
U109249,P69860,3.0
U109251,P79620,4.9
U109252,P87471,3.8
U109254,P27814,3.9
U109255,P30345,5.0
U109255,P37163,3.3
U109255,P43996,3.9
U109256,P42672,3.3
U109256,P76839,5.0
U109256,P89973,4.2
U109257,P78768,4.2
U109258,P44157,3.6
U109258,P59592,4.9
U109259,P91497,4.0
U109260,P94061,3.9
U109261,P66951,3.7
U109262,P21671,3.4
U109262,P34554,3.7
U109262,P68045,3.6
U109262,P73528,3.5
U109264,P50888,3.5
U109264,P70730,4.1
U109264,P94099,3.4
U109271,P17330,3.9
U109272,P17992,3.1
U109272,P78128,4.6
U109275,P16237,3.8
U109275,P38093,3.9
U109275,P62213,3.9
U109275,P92986,3.9
U109276,P26551,3.6
U109276,P50900,3.6
U109277,P10778,3.5
U109277,P15769,5.0
U109277,P55562,3.9
U109277,P78420,4.0
U109277,P94906,5.0
U109278,P47012,3.2
U109279,P86924,4.3
U109282,P34362,3.7
U109283,P18739,3.8
U109283,P97578,4.1
U109284,P74884,4.7
U109284,P92512,3.3
U109285,P51341,4.0
U109286,P16003,3.3
U109286,P78650,3.7
U109286,P80302,3.7
U109287,P11650,3.7
U109287,P54144,3.1
U109288,P83101,3.0
U109289,P39538,3.6
U109289,P97900,3.4
U109290,P20273,4.3
U109290,P58326,3.7
U109292,P44587,3.8
U109292,P98082,5.0
U109293,P88249,4.7
U109294,P11186,3.6
U109296,P40120,4.2
U109296,P89994,5.0
U109297,P13137,4.2
U109297,P58162,4.2
U109299,P92753,4.4
U109302,P70166,2.9
U109302,P99495,4.2
U109303,P10723,2.9
U109303,P24049,4.1
U109303,P31397,4.0
U109303,P82133,3.4
U109304,P77212,4.2
U109305,P36616,3.3
U109306,P99380,4.5
U109307,P85223,3.9
U109308,P53797,3.8
U109309,P14906,4.0
U109309,P78323,3.1
U109310,P26105,3.6
U109310,P72491,4.3
U109311,P82913,4.1
U109314,P37740,3.4
U109315,P92057,3.9
U109316,P52200,4.5
U109316,P89834,3.8
U109319,P18203,3.3
U109320,P54691,3.7
U109320,P94496,3.7
U109322,P24714,4.0
U109323,P25807,4.0
U109323,P26206,3.3
U109323,P28441,4.7
U109324,P97931,3.7
U109326,P42034,3.6
U109326,P54261,3.8
U109327,P15635,4.7
U109327,P33735,4.0
U109328,P34707,3.6
U109329,P52652,4.7
U109330,P71632,4.1
U109331,P16035,4.5
U109334,P54263,4.3
U109334,P85171,3.8
U109336,P88913,3.6
U109336,P89529,4.7
U109337,P68483,3.1
U109339,P70705,3.7
U109339,P80866,3.8
U109340,P35238,3.1
U109341,P18832,4.2
U109341,P71497,3.3
U109342,P85282,3.9
U109343,P21080,4.3
U109343,P21887,3.3
U109343,P24641,4.2
U109343,P77275,4.7
U109343,P79158,3.9
U109343,P79237,2.9
U109345,P14943,3.0
U109345,P24748,3.0
U109345,P25510,3.2
U109346,P22918,4.3
U109346,P45456,3.7
U109352,P25427,4.6
U109352,P99008,4.0
U109353,P65712,4.5
U109355,P53757,4.0
U109355,P86248,3.9
U109356,P92677,4.0
U109357,P83370,3.2
U109360,P39808,4.3
U109361,P17159,4.1
U109361,P21588,2.9
U109361,P38765,3.9
U109362,P55019,3.9
U109363,P22006,4.1
U109363,P48349,3.3
U109364,P26313,3.5
U109364,P69665,3.2
U109367,P12414,3.9
U109367,P30955,3.8
U109367,P90888,4.3
U109370,P85801,3.0
U109372,P38519,4.2
U109372,P45495,3.2
U109372,P50097,3.4
U109373,P25338,3.6
U109373,P67952,4.0
U109374,P65893,4.7
U109374,P97900,3.6
U109375,P82878,5.0
U109376,P24819,3.8
U109376,P83914,4.4
U109377,P77180,3.0
U109377,P98668,3.5
U109377,P99232,3.6
U109378,P16801,4.4
U109378,P21129,4.3
U109378,P23142,4.6
U109378,P34010,4.6
U109380,P68649,3.2
U109381,P53998,4.3
U109382,P36672,2.9
U109383,P50687,4.3
U109383,P66498,4.5
U109383,P76777,3.9
U109384,P70058,3.5
U109386,P86499,3.9
U109387,P28058,3.5
U109387,P68051,3.4
U109390,P51061,3.8
U109390,P85911,4.1
U109390,P91028,4.5
U109391,P77731,4.5
U109393,P16765,3.5
U109394,P77879,4.3
U109395,P27278,2.6
U109395,P93427,3.5
U109396,P20028,4.9
U109396,P21150,3.5
U109398,P49857,3.8
U109399,P82565,4.3
U109400,P47960,3.8
U109400,P53425,3.6
U109400,P99421,4.0
U109402,P83386,4.5
U109402,P98067,3.2
U109404,P81358,4.1
U109405,P24838,3.4
U109407,P20817,4.3
U109407,P29285,4.0
U109408,P95326,4.2
U109410,P47156,3.7
U109411,P61483,3.8
U109411,P78797,2.6
U109413,P37770,4.0
U109413,P48144,4.8
U109415,P30114,5.0
U109416,P11288,3.5
U109416,P51411,4.3
U109417,P26234,3.7
U109417,P53839,4.4
U109419,P99862,3.2
U109423,P20494,3.4
U109423,P43477,5.0
U109423,P59230,3.8
U109424,P89097,4.6
U109425,P55643,4.2
U109426,P30403,4.4
U109427,P49024,4.2
U109428,P22315,3.3
U109428,P76512,3.5
U109429,P60537,4.0
U109432,P65582,4.0
U109433,P36038,4.5
U109433,P84114,3.1
U109434,P18301,4.9
U109434,P45148,3.7
U109435,P84044,4.2
U109437,P40140,4.0
U109437,P45762,3.9
U109437,P63461,3.8
U109438,P32813,4.6
U109438,P91867,4.7
U109439,P26718,4.4
U109439,P89310,3.9
U109443,P80802,4.2
U109446,P53938,3.0
U109446,P84499,3.2
U109446,P88022,4.7
U109446,P94823,3.4
U109448,P78906,3.3
U109449,P24838,4.5
U109451,P26895,4.2
U109452,P31132,3.6
U109453,P43086,5.0
U109454,P37832,3.6
U109454,P48667,3.7
U109454,P95306,5.0
U109455,P42490,4.1
U109456,P32854,3.0
U109456,P57881,3.7
U109456,P86754,3.6
U109457,P67714,3.6
U109457,P95629,3.6
U109458,P44602,3.7
U109460,P20928,4.1
U109460,P55542,3.4
U109461,P81499,3.8
U109462,P46105,4.5
U109464,P48290,4.0
U109464,P82517,3.6
U109465,P53786,4.4
U109467,P11386,2.8
U109467,P29203,4.1
U109470,P88386,4.4
U109472,P95162,4.0
U109474,P51245,2.6
U109474,P89609,3.3
U109475,P85638,4.0
U109476,P48911,3.4
U109478,P15241,3.4
U109478,P75900,4.6
U109481,P80282,4.5
U109482,P60531,3.9
U109482,P75656,3.8
U109483,P34032,4.4
U109484,P86579,3.9
U109485,P94513,4.8
U109486,P19604,3.7
U109486,P70052,4.3
U109489,P53668,4.7
U109489,P83193,3.6
U109491,P61649,4.5
U109492,P66279,4.0
U109493,P67090,3.7
U109493,P84660,4.6
U109494,P53450,3.7
U109495,P70154,3.2
U109496,P18990,4.3
U109496,P57091,2.5
U109496,P88550,3.9
U109498,P80476,3.5
U109500,P58050,3.2
U109502,P21975,3.1
U109502,P54992,4.1
U109502,P96613,3.6
U109503,P53153,4.8
U109504,P86526,3.3
U109505,P60572,4.0
U109507,P67436,3.5
U109507,P82578,3.6
U109508,P20041,3.6
U109508,P65415,3.7
U109509,P12258,4.6
U109509,P35166,3.8
U109509,P68632,3.3
U109510,P96742,3.9
U109511,P12756,2.9
U109511,P65475,2.9
U109512,P48594,3.9
U109513,P78854,2.8
U109514,P41690,3.6
U109515,P40048,4.1
U109518,P15983,3.3
U109519,P29691,3.7
U109519,P72819,4.0
U109519,P92408,4.7
U109520,P69084,3.9
U109520,P85881,3.2
U109521,P37451,4.4
U109525,P86286,4.4
U109526,P50193,3.8
U109527,P33293,4.0
U109528,P70841,3.9
U109530,P52194,4.4
U109531,P72478,4.9
U109532,P64868,3.7
U109533,P22888,4.1
U109534,P36816,3.6
U109534,P70602,4.0
U109535,P67150,3.5
U109536,P21169,4.5
U109537,P80133,3.9
U109540,P96364,3.5
U109541,P36977,4.1
U109543,P12870,4.5
U109543,P37189,5.0
U109543,P76079,4.2
U109544,P10314,3.8
U109545,P36331,4.4
U109545,P77238,4.1
U109546,P78534,4.3
U109547,P31246,4.7
U109547,P52402,4.0
U109548,P18916,4.1
U109548,P34400,4.2
U109548,P96439,4.3
U109549,P95794,3.9
U109550,P36819,4.6
U109550,P77009,4.0
U109553,P79405,3.7
U109556,P60642,3.9
U109557,P45574,3.1
U109557,P66200,2.9
U109558,P59845,4.1
U109560,P28356,3.7
U109560,P33450,3.3
U109562,P17215,4.1
U109566,P81061,3.6
U109567,P78592,3.2
U109567,P94614,3.8
U109568,P88124,4.2
U109569,P28524,4.3
U109569,P79307,4.1
U109574,P65465,2.9
U109574,P91154,3.4
U109574,P98650,3.1
U109575,P69162,4.4
U109575,P81171,3.6
U109576,P57856,3.9
U109577,P96698,4.3
U109581,P56588,3.3
U109582,P14072,2.8
U109583,P60406,3.9
U109583,P81105,4.4
U109584,P89637,4.5
U109585,P51844,3.3
U109585,P90141,3.7
U109586,P29590,4.3
U109586,P55020,4.9
U109587,P64364,4.4
U109588,P28215,5.0
U109588,P50548,3.7
U109588,P78442,4.8
U109591,P76512,4.0
U109592,P25263,4.3
U109592,P39933,3.1
U109595,P35937,4.1
U109597,P45951,3.6
U109599,P67105,2.9
U109599,P70243,3.8
U109600,P20513,3.9
U109601,P92780,3.9
U109604,P52636,4.0
U109606,P76658,4.3
U109607,P30015,4.1
U109607,P76471,3.8
U109607,P76824,4.0
U109608,P18823,4.3
U109609,P24979,4.3
U109609,P44721,4.2
U109610,P54441,3.5
U109610,P63295,3.9
U109613,P35472,3.0
U109613,P36501,3.4
U109613,P85871,3.9
U109617,P36446,3.8
U109617,P74312,3.8
U109617,P96180,4.0
U109618,P68130,3.1
U109618,P78102,4.4
U109619,P37617,3.8
U109619,P48426,4.3
U109620,P82608,3.7
U109621,P86790,3.9
U109622,P35965,3.6
U109622,P69864,4.3
U109625,P20602,4.1
U109627,P10607,3.9
U109627,P68328,4.4
U109627,P80640,4.2
U109627,P90139,4.5
U109628,P26239,3.1
U109628,P62273,3.1
U109629,P99237,3.7
U109631,P30834,3.7
U109632,P30564,3.3
U109632,P68025,3.8
U109633,P77732,3.3
U109633,P93841,4.4
U109634,P19126,4.5
U109636,P24167,4.2
U109638,P13165,4.0
U109640,P10832,4.7
U109640,P53258,3.2
U109640,P69171,3.5
U109640,P98488,5.0
U109642,P15567,4.3
U109643,P15087,3.8
U109643,P85095,4.5
U109644,P85087,3.4
U109645,P23828,4.3
U109647,P25234,4.6
U109648,P52709,3.5
U109649,P29911,4.4
U109650,P14355,3.6
U109650,P68998,3.5
U109651,P76759,4.8
U109653,P66557,4.3
U109654,P30590,3.9
U109654,P54281,3.4
U109654,P88507,3.6
U109656,P73510,3.7
U109657,P70071,2.9
U109658,P55352,3.5
U109659,P24635,3.8
U109662,P44195,4.3
U109663,P10017,4.3
U109663,P52395,3.2
U109668,P86160,4.0
U109669,P35688,4.8
U109669,P41278,4.2
U109669,P65886,3.0
U109673,P59522,4.5
U109674,P15564,4.0
U109674,P30617,3.9
U109675,P17441,4.6
U109675,P22958,4.7
U109675,P36421,4.5
U109675,P70831,4.6
U109675,P97766,4.1
U109676,P19827,4.6
U109678,P23160,4.5
U109678,P28228,4.9
U109678,P43068,4.0
U109679,P25209,3.9
U109679,P32686,4.5
U109682,P45369,3.7
U109683,P42193,2.8
U109684,P35183,4.9
U109685,P46764,3.4
U109685,P89045,3.1
U109686,P78961,4.0
U109692,P48937,3.8
U109693,P47158,3.8
U109696,P20492,4.0
U109696,P78073,4.0
U109697,P72251,3.6
U109699,P62771,3.9
U109700,P81383,4.3
U109701,P71726,4.2
U109702,P44062,3.7
U109704,P49765,3.8
U109704,P88644,3.9
U109706,P86503,2.3
U109706,P95243,3.7
U109714,P40155,4.7
U109714,P52486,4.2
U109714,P80234,4.0
U109716,P92821,4.2
U109718,P59010,3.5
U109718,P86228,3.6
U109718,P93768,4.6
U109720,P82591,3.7
U109722,P58678,4.5
U109723,P40409,4.3
U109723,P67100,4.6
U109724,P16966,3.6
U109724,P75664,3.8
U109724,P80252,4.0
U109725,P89354,3.5
U109726,P42556,3.6
U109728,P86700,4.5
U109729,P84515,3.8
U109730,P75798,4.4
U109731,P44459,4.2
U109732,P93343,4.4
U109734,P41434,3.6
U109735,P51729,3.5
U109735,P65131,3.5
U109735,P83005,3.1
U109735,P87197,4.6
U109736,P27596,4.3
U109736,P48659,3.3
U109736,P60984,3.3
U109736,P92894,4.3
U109737,P19552,4.1
U109737,P44149,4.6
U109737,P61906,4.0
U109737,P94285,4.1
U109738,P11056,3.9
U109739,P37533,3.0
U109742,P35019,4.3
U109742,P43462,4.4
U109743,P20260,3.8
U109744,P28921,3.5
U109745,P98352,4.1
U109746,P42925,3.8
U109748,P65743,4.2
U109749,P82383,4.6
U109750,P28909,4.7
U109750,P43879,3.7
U109750,P60464,3.9
U109753,P31798,3.5
U109755,P49354,3.6
U109757,P16500,4.0
U109757,P44768,4.2
U109758,P25142,4.1
U109758,P90321,3.7
U109758,P99098,4.3
U109759,P92064,4.0
U109760,P66161,4.0
U109761,P55494,3.6
U109762,P74779,3.8
U109763,P28724,3.8
U109763,P70746,3.7
U109764,P21552,3.5
U109765,P23233,4.0
U109765,P93623,3.8
U109765,P99174,3.4
U109767,P56670,4.0
U109768,P45900,4.7
U109770,P59027,4.3
U109772,P91269,3.8
U109773,P92182,3.8
U109774,P27905,3.5
U109774,P62513,4.2
U109774,P83334,3.9
U109775,P19827,3.9
U109775,P37028,3.9
U109776,P28312,3.8
U109777,P37678,3.9
U109777,P50011,4.3
U109778,P25191,3.9
U109778,P46710,3.6
U109780,P53025,3.6
U109781,P11728,3.7
U109781,P23659,3.7
U109781,P63005,4.0
U109784,P27278,4.5
U109784,P55999,3.4
U109785,P17021,3.6
U109785,P41012,3.4
U109786,P89905,3.9
U109787,P16834,4.0
U109788,P64643,4.0
U109788,P72402,2.8
U109789,P35306,4.5
U109790,P17785,4.7
U109791,P46857,3.7
U109792,P34667,4.0
U109792,P51457,3.7
U109793,P40687,3.6
U109794,P41586,3.4
U109794,P42560,4.9
U109795,P43742,5.0
U109796,P57665,5.0
U109797,P94393,4.1
U109798,P26601,4.3
U109798,P67992,3.7
U109799,P19313,3.8
U109800,P75501,3.5
U109801,P38711,2.7
U109801,P82343,3.7
U109802,P45708,3.8
U109804,P55958,3.8
U109804,P78469,3.6
U109804,P85035,3.7
U109805,P93308,3.9
U109805,P97641,4.8
U109806,P33073,2.6
U109807,P32282,3.2
U109808,P32275,4.3
U109811,P22592,4.2
U109811,P68438,5.0
U109812,P47275,4.1
U109813,P98541,3.9
U109815,P10941,4.2
U109818,P16213,3.2
U109818,P22250,3.0
U109819,P97457,2.9
U109820,P40788,4.0
U109820,P46375,3.9
U109820,P85837,4.3
U109821,P72353,3.7
U109821,P75854,3.5
U109822,P36288,4.0
U109822,P53731,2.9
U109822,P58697,3.8
U109823,P45201,3.6
U109823,P48891,3.0
U109823,P78883,3.6
U109824,P59323,3.5
U109825,P62805,4.0
U109825,P89551,3.9
U109826,P13060,3.1
U109826,P13303,4.4
U109826,P44485,4.0
U109827,P45353,4.0
U109827,P58723,3.2
U109828,P86921,4.4
U109830,P98930,3.6
U109831,P94931,3.3
U109832,P25054,4.3
U109832,P53630,4.1
U109833,P18290,3.7
U109833,P60673,3.7
U109834,P68185,4.0
U109834,P77012,4.9
U109835,P29413,5.0
U109835,P46128,4.4
U109835,P94843,3.9
U109836,P15701,4.2
U109836,P88242,3.6
U109837,P96875,4.2
U109838,P25109,4.0
U109838,P44705,3.5
U109839,P85330,3.8
U109840,P21606,4.6
U109841,P63827,4.2
U109841,P72005,4.9
U109842,P16461,4.1
U109842,P80596,3.4
U109843,P43743,4.2
U109844,P27156,4.0
U109845,P82722,5.0
U109848,P11014,4.4
U109848,P31789,3.2
U109848,P32652,4.3
U109848,P83289,3.4
U109848,P83899,3.2
U109848,P85071,5.0
U109849,P27586,3.4
U109850,P75305,4.5
U109850,P81680,4.0
U109852,P63635,4.3
U109855,P65720,4.0
U109856,P36297,3.6
U109856,P97450,4.5
U109858,P19870,4.1
U109858,P70364,3.2
U109860,P94073,3.5
U109861,P10739,4.0
U109861,P32764,4.3
U109862,P37920,4.8
U109865,P43286,2.4
U109865,P89675,4.3
U109868,P52960,3.1
U109868,P90451,4.0
U109869,P39354,3.1
U109870,P54394,3.2
U109872,P86332,5.0
U109872,P99384,4.1
U109873,P61030,3.7
U109873,P85491,4.7
U109874,P19714,4.4
U109876,P30274,4.0
U109877,P21954,5.0
U109878,P50731,4.4
U109878,P75766,3.9
U109879,P63732,4.4
U109880,P53538,3.8
U109882,P33902,4.6
U109882,P56294,3.8
U109883,P71598,4.4
U109885,P11623,3.8
U109885,P53189,3.2
U109886,P57672,4.0
U109887,P20415,4.5
U109887,P90700,4.4
U109888,P68245,3.6
U109888,P92704,4.7
U109891,P21929,3.3
U109891,P73616,4.2
U109894,P73243,4.3
U109895,P86383,4.6
U109895,P89575,4.4
U109895,P90048,3.9
U109896,P15714,4.2
U109897,P40570,3.7
U109898,P19059,3.9
U109898,P59443,3.8
U109900,P56055,3.8
U109900,P57962,3.3
U109901,P67198,3.4
U109902,P69577,3.2
U109903,P30629,4.1
U109904,P71549,3.6
U109907,P48312,4.0
U109908,P41226,3.4
U109910,P13979,3.6
U109910,P87604,3.7
U109911,P65583,3.9
U109913,P23066,4.7
U109913,P46701,5.0
U109914,P55474,5.0
U109915,P70796,3.7
U109916,P47233,3.9
U109917,P58490,3.8
U109920,P94083,3.8
U109921,P28740,4.2
U109922,P78013,3.7
U109925,P31238,2.7
U109925,P41037,4.9
U109927,P21043,3.7
U109927,P53677,4.3
U109929,P45439,3.2
U109930,P32155,4.6
U109932,P50183,3.5
U109932,P76302,3.7
U109932,P80588,3.6
U109933,P18604,3.3
U109934,P77842,3.7
U109937,P70451,3.4
U109939,P12227,3.7
U109939,P50526,4.7
U109940,P47164,3.0
U109940,P65182,4.4
U109940,P88628,3.0
U109944,P25013,3.8
U109944,P40244,4.0
U109944,P57542,3.9
U109944,P88827,4.5
U109945,P44113,4.1
U109947,P63923,3.1
U109948,P22962,3.1
U109948,P52691,3.6
U109950,P44770,3.7
U109950,P54418,3.3
U109951,P80159,3.5
U109952,P86884,4.5
U109953,P40757,3.7
U109953,P56122,4.2
U109953,P85552,3.8
U109955,P38462,3.6
U109957,P90570,2.6
U109958,P30444,3.3
U109958,P77908,4.5
U109961,P27257,4.7
U109961,P35984,3.5
U109961,P85822,3.9
U109961,P88217,3.9
U109962,P41118,3.9
U109962,P75013,3.2
U109964,P44531,4.4
U109965,P43536,4.1
U109966,P55437,3.8
U109967,P23174,4.1
U109967,P51748,4.0
U109967,P60162,3.3
U109968,P18002,5.0
U109969,P18193,3.5
U109970,P78408,4.7
U109972,P11072,2.8
U109972,P24283,4.5
U109972,P70316,3.3
U109973,P60100,4.8
U109973,P60350,3.7
U109974,P62924,3.6
U109975,P41924,4.4
U109976,P97391,3.7
U109977,P11163,2.8
U109977,P39451,3.9
U109978,P34486,3.7
U109978,P53635,3.6
U109979,P83228,4.0
U109981,P49715,3.6
U109983,P33650,4.1
U109984,P53389,4.5
U109985,P75084,3.9
U109985,P95273,4.8
U109986,P57030,3.3
U109987,P68847,4.1
U109988,P19305,3.3
U109988,P36060,3.5
U109988,P86443,4.7
U109989,P31033,5.0
U109989,P37435,3.2
U109989,P57657,4.6
U109989,P65245,4.4
U109990,P76643,3.3
U109992,P72757,4.2
U109993,P44394,4.7
U109993,P45421,4.1
U109993,P52710,4.0
U109994,P75717,4.1
U109995,P94914,3.0
U109996,P17424,5.0
U109997,P82033,2.7
U109998,P21703,4.0
U109999,P49430,3.9
U110003,P27166,4.4
U110006,P72979,3.7
U110006,P73447,3.5
U110006,P85958,5.0
U110007,P63232,4.3
U110008,P53778,4.3
U110009,P49863,3.9
U110009,P94800,3.8
U110009,P96561,4.1
U110010,P60791,4.6
U110010,P99217,3.9
U110011,P13738,4.0
U110012,P29299,3.6
U110013,P56546,3.9
U110016,P80644,4.3
U110016,P97822,4.8
U110017,P35456,3.6
U110017,P54257,4.6
U110017,P91796,5.0
U110018,P18409,2.7
U110018,P96678,3.8
U110019,P79133,2.9
U110019,P87207,4.0
U110020,P37871,3.2
U110021,P11062,4.0
U110021,P69277,3.6
U110022,P55767,2.6
U110022,P62858,3.5
U110023,P22460,3.0
U110023,P34486,4.6
U110023,P67194,4.3
U110024,P90519,4.0
U110025,P18745,3.9
U110026,P17473,4.3
U110026,P52279,3.5
U110027,P48994,3.6
U110027,P53561,3.9
U110029,P87217,3.5
U110031,P30183,4.0
U110031,P67242,4.0
U110035,P38230,3.8
U110038,P52955,3.5
U110042,P42968,4.2
U110042,P96599,4.1
U110043,P16143,4.1
U110044,P26579,3.7
U110044,P29691,3.9
U110044,P52210,4.0
U110044,P86562,4.1
U110045,P29540,3.1
U110046,P22572,4.3
U110048,P43847,3.0
U110048,P55967,3.9
U110048,P56357,3.7
U110048,P64537,3.4
U110049,P99761,5.0
U110051,P33512,4.4
U110051,P52446,4.4
U110052,P19854,4.9
U110052,P97503,3.4
U110054,P10134,3.4
U110054,P21764,4.1
U110054,P23410,3.4
U110054,P65554,4.0
U110055,P46000,4.3
U110055,P89415,3.4
U110057,P85734,3.7
U110057,P99026,3.9
U110058,P16257,4.1
U110059,P49820,4.2
U110060,P28065,3.0
U110060,P61492,4.8
U110060,P85487,3.7
U110061,P10118,3.9
U110064,P56732,3.3
U110065,P64969,3.7
U110066,P20250,4.1
U110066,P50096,3.5
U110066,P68577,3.6
U110066,P73811,4.2
U110068,P86246,3.4
U110068,P91797,3.8
U110069,P45313,3.5
U110070,P11466,4.1
U110070,P41422,4.7
U110070,P85059,4.3
U110071,P60785,4.1
U110073,P21453,3.9
U110074,P85586,4.1
U110076,P18651,3.4
U110076,P53512,3.6
U110079,P10846,2.7
U110079,P41067,3.5
U110080,P30794,3.7
U110080,P75545,3.6
U110080,P90313,4.0
U110081,P73618,3.4
U110083,P94888,3.9
U110085,P33012,4.1
U110086,P38605,3.5
U110086,P59669,4.2
U110088,P65509,3.3
U110088,P76750,3.7
U110089,P59896,4.4
U110089,P85323,4.7
U110090,P60596,5.0
U110091,P87505,3.4
U110091,P88884,3.4
U110092,P72718,2.8
U110093,P45427,4.4
U110095,P42624,4.4
U110095,P96241,4.2
U110096,P87401,4.6
U110096,P96040,3.6
U110099,P34257,4.0
U110100,P36970,3.4
U110103,P64100,3.9
U110104,P20933,4.0
U110105,P47161,3.8
U110106,P47144,3.3
U110107,P12048,3.4
U110107,P39999,5.0
U110107,P59673,3.4
U110108,P76557,3.2
U110109,P27508,4.0
U110109,P29768,3.6
U110110,P21732,3.0
U110110,P95784,4.2
U110111,P53425,3.3
U110111,P60919,3.1
U110111,P61560,3.9
U110111,P97171,4.0
U110113,P40986,4.5
U110113,P43478,4.1
U110115,P40893,4.2
U110115,P56127,4.9
U110116,P42355,4.8
U110116,P60240,3.7
U110117,P67286,3.9
U110120,P29650,3.2
U110120,P34062,4.0
U110121,P82729,3.7
U110122,P11692,3.8
U110122,P23681,3.7
U110123,P25037,4.2
U110124,P37109,4.0
U110124,P46030,4.6
U110124,P48761,4.0
U110124,P78909,4.5
U110124,P82159,4.1
U110125,P70048,3.3
U110127,P30233,3.9
U110128,P13220,3.9
U110128,P96640,3.7
U110129,P56526,3.6
U110131,P71964,3.5
U110134,P56585,3.7
U110135,P96513,3.3
U110138,P73845,3.3
U110139,P86546,4.6
U110141,P31090,3.8
U110141,P55708,3.5
U110141,P75562,3.9
U110141,P84364,3.4
U110142,P92483,3.7
U110144,P38359,3.7
U110144,P51044,3.5
U110145,P20742,3.8
U110145,P77010,4.3
U110147,P15143,4.0
U110147,P57789,2.9
U110148,P21645,3.6
U110149,P70992,3.7
U110150,P88891,5.0
U110151,P29223,3.4
U110151,P47711,5.0
U110153,P42922,3.6
U110153,P87695,4.3
U110154,P71871,4.1
U110155,P34067,3.9
U110156,P44029,4.0
U110157,P28062,4.5
U110157,P31949,3.1
U110159,P28819,3.3
U110159,P34507,4.6
U110160,P43219,4.2
U110161,P91743,4.7
U110162,P43769,3.6
U110163,P25442,4.9
U110163,P35117,4.2
U110164,P15356,3.4
U110165,P55375,3.2
U110166,P16545,4.4
U110166,P36608,5.0
U110166,P47164,3.6
U110166,P95351,3.7
U110167,P35267,3.4
U110167,P44446,4.3
U110167,P60320,4.3
U110168,P47230,4.2
U110168,P88135,3.2
U110171,P60260,4.2
U110171,P90676,4.6
U110172,P87118,3.9
U110173,P89603,3.8
U110174,P59031,3.6
U110174,P96581,3.2
U110175,P53426,4.5
U110176,P50409,4.1
U110177,P85274,3.0
U110178,P32283,3.8
U110179,P54801,5.0
U110179,P58309,4.1
U110180,P42445,4.3
U110180,P53310,3.6
U110181,P81309,3.9
U110183,P38006,4.3
U110184,P68621,4.1
U110186,P26388,4.0
U110186,P47486,4.1
U110186,P48903,3.8
U110187,P10792,4.0
U110190,P38563,3.8
U110190,P39223,3.6
U110190,P41111,4.0
U110190,P80895,3.8
U110190,P99686,3.5
U110192,P35345,4.4
U110194,P16250,4.1
U110194,P26719,3.2
U110194,P93435,4.4
U110195,P11900,4.3
U110195,P44517,3.4
U110197,P24567,4.0
U110200,P11708,3.6
U110201,P14381,3.9
U110201,P34989,3.3
U110201,P60502,4.4
U110201,P67723,3.8
U110202,P58480,4.1
U110202,P90336,4.4
U110203,P73287,3.9
U110204,P96953,4.2
U110206,P51180,4.1
U110207,P23760,3.4
U110208,P39020,4.5
U110209,P48540,3.8
U110211,P32327,4.7
U110211,P41167,3.7
U110211,P59033,3.8
U110211,P98285,5.0
U110211,P98701,3.4
U110212,P50088,4.0
U110212,P79920,4.3
U110212,P91368,5.0
U110213,P24389,5.0
U110214,P95427,3.8
U110218,P61941,4.2
U110219,P38666,4.1
U110219,P74394,3.2
U110219,P96174,4.8
U110220,P16999,3.7
U110220,P61982,3.4
U110222,P15956,3.7
U110222,P68866,4.1
U110223,P30511,4.0
U110224,P76003,3.9
U110225,P26316,4.3
U110227,P60742,3.0
U110228,P72882,3.2
U110229,P25896,3.5
U110229,P39562,3.2
U110230,P22312,3.1
U110231,P31179,4.1
U110231,P55409,4.4
U110231,P84506,4.3
U110233,P99773,4.3
U110234,P48016,2.9
U110235,P61674,4.0
U110237,P94932,4.0
U110238,P35747,4.6
U110238,P75597,3.3
U110240,P13270,4.3
U110240,P83829,4.3
U110242,P56254,4.0
U110242,P60421,3.2
U110243,P74406,3.9
U110244,P28501,4.4
U110244,P29639,3.9
U110244,P35119,4.2
U110244,P59027,3.2
U110245,P19085,4.6
U110246,P26152,4.8
U110250,P90224,3.5
U110253,P10060,5.0
U110254,P89420,3.4
U110254,P94631,3.9
U110256,P26810,3.9
U110257,P59486,4.2
U110258,P47564,4.1
U110258,P67568,3.8
U110259,P32732,4.2
U110261,P24936,3.4
U110261,P30839,3.2
U110262,P83591,4.1
U110264,P41133,3.5
U110264,P91307,3.5
U110264,P92405,4.5
U110265,P97196,4.0
U110266,P46719,4.6
U110267,P94890,4.4
U110269,P12297,3.9
U110269,P47419,3.0
U110269,P56621,4.7
U110272,P21232,4.4
U110272,P48192,3.9
U110273,P38825,3.8
U110273,P70121,3.3
U110274,P16890,3.1
U110275,P28083,2.8
U110275,P64387,3.9
U110275,P95363,4.5
U110276,P18149,4.0
U110276,P39199,4.3
U110276,P85797,3.8
U110277,P26176,5.0
U110278,P29205,3.6
U110278,P34355,4.7
U110278,P43439,4.3
U110278,P49778,3.5
U110279,P66265,4.2
U110280,P34758,3.4
U110281,P84888,3.6
U110283,P96514,4.3
U110285,P65392,3.9
U110286,P14364,4.1
U110290,P79336,4.3
U110292,P72612,2.8
U110293,P40388,3.2
U110293,P53932,3.8
U110293,P81359,3.2
U110294,P43497,4.4
U110294,P89423,3.0
U110295,P18754,3.0
U110295,P98079,3.8
U110296,P52898,3.8
U110296,P63380,4.3
U110297,P14746,3.5
U110297,P66605,3.4
U110299,P43704,4.8
U110300,P47367,3.9
U110300,P74446,2.9
U110301,P73454,3.9
U110302,P51989,4.4
U110302,P79011,4.2
U110302,P84668,3.3
U110303,P24460,3.8
U110305,P39446,5.0
U110305,P66107,3.2
U110305,P85932,4.7
U110307,P82715,3.2
U110307,P94153,3.4
U110309,P33142,3.7
U110309,P51477,3.7
U110310,P36121,4.3
U110310,P85958,3.3
U110312,P13607,4.0
U110312,P44993,3.6
U110313,P69218,4.7
U110314,P34622,3.7
U110314,P57676,5.0
U110315,P77291,3.1
U110315,P82995,4.9
U110318,P65534,3.5
U110320,P12341,3.7
U110320,P80374,4.0
U110320,P97569,4.2
U110321,P65743,4.4
U110322,P62732,3.9
U110323,P83765,3.1
U110323,P93387,4.2
U110324,P26048,3.5
U110325,P31026,4.7
U110325,P52959,3.6
U110328,P94678,3.3
U110333,P19211,5.0
U110334,P37629,4.1
U110334,P69389,3.6
U110334,P91941,4.5
U110335,P80981,4.5
U110336,P73737,3.6
U110337,P72570,4.1
U110341,P35963,3.7
U110341,P49454,4.6
U110341,P95640,4.1
U110342,P80278,3.6
U110343,P29429,3.1
U110344,P42781,2.9
U110346,P45999,2.9
U110346,P98984,4.1
U110348,P26413,4.5
U110348,P65162,4.1
U110349,P74743,4.2
U110350,P99568,3.2
U110352,P18278,3.3
U110352,P78449,4.4
U110353,P13046,4.4
U110356,P51059,3.7
U110356,P56865,4.0
U110358,P49953,3.8
U110360,P58168,4.7
U110361,P24468,3.5
U110362,P79870,3.8
U110363,P99140,4.2
U110366,P24189,3.6
U110366,P41616,3.6
U110367,P37883,4.3
U110368,P71813,4.0
U110369,P64276,4.1
U110370,P59646,3.6
U110370,P66266,3.8
U110370,P71146,4.1
U110371,P20179,3.6
U110371,P34791,4.3
U110371,P52612,3.9
U110372,P65348,3.2
U110373,P50227,4.3
U110374,P27403,4.6
U110374,P95489,3.5
U110375,P70160,3.5
U110377,P34588,4.7
U110378,P11636,4.2
U110378,P16619,4.6
U110378,P19060,5.0
U110378,P21495,4.0
U110379,P48594,3.6
U110379,P94633,3.3
U110380,P32839,4.0
U110380,P49470,3.6
U110381,P40424,3.2
U110381,P45927,4.0
U110381,P52138,4.0
U110381,P55807,4.2
U110382,P63241,4.2
U110383,P48940,3.4
U110383,P61130,3.7
U110384,P97458,4.4
U110385,P63360,4.1
U110387,P89190,3.8
U110388,P54858,3.4
U110388,P67241,3.7
U110389,P74934,4.4
U110390,P87023,3.1
U110391,P25143,3.8
U110392,P33897,3.7
U110393,P21259,4.2
U110393,P40277,4.5
U110394,P62639,3.8
U110397,P89845,2.5
U110399,P33212,3.7
U110400,P11753,4.0
U110400,P67209,4.0
U110401,P11694,4.1
U110403,P10305,3.2
U110404,P72503,4.3
U110404,P95841,3.0
U110405,P45416,4.5
U110406,P28177,3.9
U110407,P46960,3.7
U110408,P34807,3.6
U110409,P16103,4.1
U110409,P19578,4.4
U110411,P20554,4.4
U110413,P25925,4.5
U110413,P65139,3.1
U110414,P25629,3.3
U110414,P55835,4.8
U110417,P17485,3.3
U110417,P39773,5.0
U110418,P64861,4.2
U110421,P91914,4.2
U110421,P97303,3.9
U110423,P32449,3.8
U110423,P89889,4.0
U110425,P55331,4.4
U110425,P74551,4.0
U110426,P40475,3.0
U110426,P78816,4.1
U110427,P91958,3.6
U110428,P10475,2.7
U110429,P79774,4.8
U110431,P12076,4.3
U110431,P33881,5.0
U110431,P37111,4.3
U110432,P24211,4.1
U110433,P49101,4.7
U110434,P30844,3.7
U110435,P14295,4.4
U110435,P66721,4.5
U110435,P67540,4.1
U110437,P27538,5.0
U110437,P40443,3.9
U110439,P46961,3.9
U110439,P96294,2.6
U110440,P50826,4.1
U110443,P52142,4.0
U110443,P71822,4.3
U110445,P23157,3.9
U110446,P73268,3.9
U110447,P11546,4.1
U110447,P43723,4.5
U110448,P35624,3.4
U110448,P37516,3.6
U110448,P47675,3.7
U110448,P87571,4.5
U110449,P30705,2.8
U110449,P46434,4.3
U110449,P58156,4.4
U110450,P68952,4.7
U110450,P75772,5.0
U110450,P99750,4.1
U110451,P12314,3.8
U110451,P74438,4.1
U110452,P24261,3.3
U110452,P89954,3.2
U110453,P27026,3.6
U110454,P68508,3.8
U110454,P98532,3.7
U110455,P39377,3.7
U110456,P17943,4.4
U110456,P96449,4.2
U110457,P13767,4.3
U110458,P18137,4.0
U110459,P94942,3.9
U110461,P21665,3.7
U110461,P49063,3.8
U110462,P27981,4.4
U110462,P46904,3.5
U110463,P18454,4.2
U110464,P10862,4.7
U110464,P19156,3.5
U110464,P65889,5.0
U110465,P34148,4.2
U110465,P93064,4.0
U110466,P59700,4.6
U110469,P71020,4.7
U110469,P71361,4.6
U110471,P22086,4.6
U110471,P53549,4.6
U110477,P67651,3.3
U110478,P16479,4.4
U110479,P24700,4.1
U110480,P97746,3.9
U110482,P39070,3.6
U110482,P92537,2.9
U110484,P33881,3.7
U110484,P43813,4.1
U110484,P70247,4.0
U110484,P72030,4.2
U110485,P55230,4.9
U110485,P81432,3.5
U110486,P77838,4.7
U110490,P56874,4.5
U110490,P61190,3.9
U110491,P17548,3.9
U110491,P30199,4.7
U110491,P85261,4.1
U110493,P49835,4.0
U110493,P71264,4.4
U110494,P21855,3.9
U110494,P33998,4.7
U110495,P40195,4.1
U110496,P58794,4.1
U110496,P65742,4.1
U110498,P30239,3.5
U110501,P43249,4.1
U110501,P65503,3.9
U110504,P28349,4.9
U110504,P56901,4.3
U110505,P35565,3.8
U110506,P53383,4.2
U110508,P47583,4.5
U110509,P19262,3.4
U110509,P63875,3.7
U110509,P66020,3.4
U110509,P90214,3.5
U110510,P19659,4.4
U110510,P54691,3.9
U110511,P16092,3.3
U110511,P30429,3.8
U110512,P28441,3.3
U110513,P75380,3.6
U110514,P33178,3.6
U110514,P38535,3.6
U110515,P52753,4.2
U110515,P61256,3.9
U110515,P84731,3.4
U110519,P76119,4.5
U110520,P58707,3.7
U110520,P69352,3.5
U110520,P70114,4.9
U110520,P79889,4.2
U110521,P46375,4.0
U110522,P65003,4.9
U110523,P17317,3.8
U110523,P60245,4.2
U110524,P26958,4.1
U110524,P60423,4.2
U110527,P68290,4.3
U110530,P53614,3.4
U110531,P51200,4.2
U110532,P95488,3.8
U110533,P36399,4.3
U110535,P16428,4.4
U110537,P50623,5.0
U110539,P15297,3.5
U110539,P72336,3.8
U110541,P70329,4.1
U110542,P97906,5.0
U110544,P29492,4.0
U110546,P11465,4.5
U110546,P26967,3.5
U110546,P82841,3.5
U110547,P32505,3.8
U110547,P77810,3.8
U110547,P93840,4.1
U110548,P25216,3.7
U110548,P39323,3.9
U110549,P67167,3.5
U110549,P93016,4.3
U110552,P97252,4.2
U110554,P74618,4.0
U110555,P18159,3.8
U110555,P23933,3.3
U110555,P80482,3.5
U110556,P75092,3.2
U110557,P46506,4.2
U110557,P91793,4.4
U110561,P69130,3.8
U110561,P81480,4.2
U110562,P88890,3.8
U110564,P39736,3.9
U110567,P25117,3.5
U110567,P65614,3.8
U110571,P39807,4.0
U110572,P18884,4.4
U110572,P39937,4.2
U110573,P65592,4.2
U110574,P45697,3.3
U110574,P67918,3.7
U110575,P22673,3.5
U110575,P38638,4.5
U110576,P22088,4.6
U110576,P72935,4.1
U110577,P33065,4.0
U110578,P24124,4.2
U110580,P60844,3.3
U110581,P49243,5.0
U110581,P88901,2.6
U110582,P62059,3.6
U110582,P62673,3.5
U110582,P66372,3.6
U110584,P76195,4.4
U110584,P96845,4.3
U110586,P56169,3.4
U110586,P64900,3.4
U110588,P38838,3.2
U110589,P31238,5.0
U110589,P45561,4.1
U110590,P28656,4.1
U110591,P70549,3.8
U110592,P31789,3.9
U110592,P45179,4.1
U110592,P46491,3.4
U110594,P13058,3.6
U110594,P95325,3.8
U110594,P95796,4.1
U110595,P61596,3.5
U110596,P97148,3.8
U110597,P49406,4.7
U110598,P72542,4.2
U110598,P87721,3.6
U110598,P89137,3.6
U110599,P12531,4.7
U110601,P29815,3.7
U110602,P45396,3.8
U110602,P88096,3.4
U110602,P92824,4.0
U110603,P15034,3.6
U110606,P29143,3.6
U110607,P20057,2.8
U110607,P68788,4.3
U110607,P95981,3.5
U110608,P94596,4.1
U110609,P81635,3.9
U110614,P10122,4.4
U110615,P45955,4.5
U110615,P54226,3.6
U110616,P69201,2.8
U110617,P52675,3.8
U110618,P21804,3.7
U110619,P35818,3.7
U110619,P44051,3.9
U110619,P47991,3.8
U110620,P79731,3.0
U110621,P50936,4.4
U110624,P90192,4.5
U110624,P91271,3.8
U110625,P67768,3.5
U110626,P58998,3.8
U110627,P18673,3.9
U110627,P24115,4.1
U110628,P45003,4.4
U110631,P99158,4.3
U110632,P27286,3.4
U110632,P61309,3.8
U110636,P33853,3.8
U110636,P85725,4.2
U110640,P24822,4.4
U110642,P21382,4.4
U110642,P44288,4.0
U110643,P84658,3.6
U110644,P31924,4.2
U110645,P52323,4.3
U110646,P60581,3.7
U110648,P20834,4.2
U110648,P84752,3.9
U110649,P32955,3.8
U110651,P28636,3.5
U110652,P22307,3.1
U110652,P93120,4.6
U110654,P49559,4.1
U110654,P98288,4.3
U110655,P34194,4.1
U110655,P70531,4.8
U110658,P37811,4.4
U110660,P37607,3.2
U110660,P43491,2.6
U110660,P55301,4.1
U110660,P71867,4.2
U110660,P73929,4.4
U110661,P66481,4.1
U110661,P82509,3.3
U110662,P81039,3.4
U110663,P75366,3.6
U110664,P79256,3.8
U110665,P87364,4.8
U110667,P56276,3.6
U110667,P70411,4.2
U110668,P41508,3.8
U110668,P80085,2.8
U110669,P48768,4.2
U110669,P76548,4.3
U110670,P83135,4.1
U110671,P86452,3.8
U110671,P89928,3.9
U110672,P21759,3.0
U110674,P38232,4.4
U110676,P36075,4.8
U110678,P25538,4.0
U110678,P33633,4.2
U110678,P70692,3.4
U110680,P22777,4.0
U110680,P53464,4.3
U110680,P89316,2.9
U110680,P96816,4.3
U110681,P26426,3.6
U110681,P56581,3.7
U110682,P96659,3.6
U110683,P53940,3.7
U110684,P60529,4.5
U110688,P32135,3.3
U110688,P71621,3.1
U110689,P35897,3.5
U110689,P42965,4.3
U110689,P53914,3.9
U110689,P82120,3.6
U110689,P88162,3.8
U110690,P29320,4.5
U110690,P32203,3.0
U110691,P41452,4.3
U110691,P99596,4.2
U110693,P10695,3.2
U110693,P57634,3.6
U110693,P99263,4.4
U110694,P31102,3.7
U110694,P49720,4.1
U110694,P72092,3.5
U110695,P98676,4.1
U110698,P39700,3.6
U110698,P86415,4.6
U110699,P77207,4.1
U110701,P36085,3.6
U110701,P86414,4.1
U110703,P71374,4.2
U110704,P80288,3.6
U110704,P98228,4.5
U110705,P64314,4.1
U110709,P39708,3.0
U110709,P66693,2.8
U110710,P35998,3.1
U110711,P59143,3.9
U110711,P88816,4.1
U110711,P99126,3.7
U110712,P11437,4.4
U110712,P64740,4.5
U110712,P97846,3.6
U110713,P27896,4.2
U110713,P30562,5.0
U110713,P64486,4.3
U110716,P57732,3.7
U110718,P20048,3.8
U110718,P20610,4.3
U110718,P51223,4.4
U110718,P77335,3.4
U110718,P92358,3.7
U110720,P50640,4.9
U110723,P22972,3.5
U110723,P65363,3.3
U110724,P12087,4.4
U110725,P66847,4.4
U110726,P31747,4.3
U110726,P51850,3.8
U110726,P64487,3.8
U110726,P91769,3.5
U110727,P48120,4.4
U110727,P49433,4.3
U110728,P70705,3.5
U110728,P89908,3.6
U110732,P28266,4.5
U110732,P35575,3.7
U110732,P50724,4.4
U110734,P26972,4.0
U110734,P87890,4.4
U110735,P35139,4.1
U110736,P16970,4.1
U110736,P89109,4.0
U110737,P25951,4.2
U110739,P52838,4.0
U110739,P88820,4.2
U110740,P44245,3.7
U110740,P69347,3.9
U110743,P85412,3.4
U110744,P95772,3.8
U110747,P95166,3.3
U110748,P58753,3.4
U110749,P35238,4.9
U110750,P29943,3.4
U110752,P37516,3.9
U110752,P84158,4.6
U110755,P81007,4.8
U110758,P24376,5.0
U110758,P68458,4.1
U110758,P92787,3.4
U110759,P47235,3.7
U110761,P81078,4.2
U110762,P25504,3.6
U110764,P56521,4.0
U110764,P71531,3.5
U110765,P22169,3.9
U110765,P43590,3.8
U110766,P46300,4.4
U110766,P84496,4.0
U110767,P68608,4.2
U110769,P85320,4.8
U110771,P46603,5.0
U110771,P74300,3.9
U110772,P41441,4.2
U110772,P62357,3.7
U110773,P72237,4.0
U110775,P25876,4.0
U110776,P44143,4.1
U110776,P59190,4.2
U110777,P95403,4.9
U110778,P26240,4.2
U110780,P72379,4.1
U110781,P33822,3.8
U110781,P82108,3.5
U110782,P66739,3.5
U110783,P86468,3.8
U110785,P13431,3.1
U110786,P14365,4.0
U110786,P67004,5.0
U110791,P42233,5.0
U110792,P18980,4.5
U110792,P41740,4.3
U110793,P30852,3.4
U110793,P81889,3.7
U110793,P99393,4.2
U110795,P19651,4.2
U110795,P64591,4.5
U110797,P38718,3.6
U110797,P70668,3.8
U110797,P72899,4.6
U110800,P44203,3.2
U110802,P44035,3.9
U110803,P36709,4.8
U110803,P57227,4.2
U110803,P58302,3.8
U110803,P62382,4.1
U110803,P67014,3.1
U110804,P37582,4.6
U110805,P65488,4.7
U110805,P84602,4.9
U110806,P36496,3.0
U110806,P96794,4.5
U110807,P84480,3.7
U110808,P97111,3.5
U110809,P29437,4.1
U110809,P96473,3.6
U110811,P70818,3.6
U110811,P81323,3.3
U110812,P55023,3.8
U110814,P34485,5.0
U110814,P72226,3.9
U110816,P59464,5.0
U110816,P66059,4.5
U110816,P90921,4.7
U110817,P45856,3.0
U110819,P13750,4.1
U110819,P87031,3.6
U110819,P91470,3.5
U110821,P45050,4.8
U110821,P65210,4.0
U110821,P68292,4.2
U110822,P17645,4.0
U110824,P37029,3.2
U110825,P19993,4.4
U110827,P15623,3.5
U110827,P78242,3.8
U110828,P31956,4.7
U110828,P66551,4.3
U110828,P66956,4.5
U110828,P96072,4.4
U110832,P44097,4.3
U110833,P85590,3.8
U110834,P24740,3.8
U110834,P52895,4.2
U110834,P54321,3.1
U110834,P88799,3.6
U110835,P58978,3.8
U110836,P64928,3.9
U110837,P94003,3.8
U110838,P24053,3.2
U110838,P45884,4.0
U110838,P94581,5.0
U110839,P26022,3.5
U110839,P67701,4.0
U110839,P88227,4.4
U110841,P22521,4.3
U110843,P93668,4.1
U110843,P95100,3.2
U110844,P22897,3.3
U110846,P36375,3.9
U110846,P59139,3.9
U110846,P91697,3.6
U110847,P88310,3.9
U110849,P50493,3.7
U110850,P43913,4.7
U110850,P47808,3.9
U110850,P85138,3.7
U110853,P32018,3.9
U110854,P49928,3.3
U110856,P51336,4.3
U110857,P33449,4.5
U110859,P43201,3.7
U110860,P34609,2.7
U110860,P42838,4.1
U110861,P17442,4.1
U110861,P18426,3.4
U110862,P29216,3.4
U110862,P35657,3.8
U110862,P36784,4.7
U110862,P37885,3.4
U110862,P41451,3.7
U110862,P72060,4.2
U110864,P16183,3.6
U110864,P28201,3.9
U110865,P33843,4.1
U110865,P57625,4.2
U110866,P60186,4.4
U110866,P90545,4.7
U110867,P63449,5.0
U110868,P15568,4.2
U110868,P28384,3.3
U110868,P59203,3.9
U110869,P30473,3.9
U110869,P60105,4.1
U110870,P16027,2.7
U110871,P17297,3.6
U110871,P80472,3.3
U110872,P70613,4.0
U110874,P22719,3.9
U110876,P95915,3.8
U110877,P46451,4.0
U110877,P82389,3.9
U110881,P85600,4.4
U110881,P94293,4.8
U110884,P34459,3.8
U110884,P85187,4.2
U110885,P81183,2.9
U110885,P95887,4.3
U110887,P61999,4.3
U110888,P45561,4.0
U110888,P72957,3.9
U110889,P59242,3.5
U110890,P40326,4.3
U110890,P82072,3.5
U110891,P19379,3.8
U110891,P41878,4.3
U110893,P64301,4.1
U110893,P66009,4.7
U110893,P83914,3.3
U110893,P86132,3.5
U110897,P22825,4.4
U110897,P24050,5.0
U110899,P12694,3.6
U110899,P21477,3.7
U110899,P60148,3.0
U110899,P90267,4.2
U110900,P13673,3.0
U110900,P58500,4.1
U110901,P10480,4.0
U110901,P44639,5.0
U110903,P58999,2.8
U110907,P65678,2.5
U110909,P21838,3.1
U110909,P71877,3.2
U110911,P45859,5.0
U110913,P57980,4.6
U110913,P89626,4.1
U110914,P32407,3.8
U110915,P33006,3.7
U110915,P43577,3.8
U110915,P74123,3.7
U110915,P76842,4.1
U110917,P56136,4.2
U110919,P43735,4.2
U110919,P71710,3.7
U110919,P76721,3.9
U110919,P83428,3.5
U110920,P69658,3.7
U110921,P42606,4.2
U110922,P55894,4.2
U110923,P23428,3.6
U110923,P58748,4.4
U110923,P90500,3.8
U110924,P36009,3.1
U110924,P59201,4.3
U110926,P69633,4.2
U110927,P56580,2.6
U110928,P60205,3.8
U110929,P24667,4.9
U110929,P48466,3.8
U110930,P38517,3.5
U110930,P48121,2.7
U110930,P70159,3.8
U110933,P27582,3.5
U110933,P77603,3.8
U110933,P86175,3.8
U110933,P87227,3.9
U110935,P27350,4.0
U110935,P82615,4.9
U110936,P36383,4.5
U110936,P59529,3.5
U110937,P12601,4.8
U110938,P11540,4.4
U110938,P22799,3.9
U110938,P50863,4.0
U110940,P90413,4.1
U110941,P97241,4.3
U110942,P74287,4.4
U110943,P36061,3.3
U110944,P48426,3.7
U110945,P62053,4.5
U110945,P71766,4.2
U110946,P39247,4.2
U110947,P51272,4.2
U110947,P83319,4.1
U110948,P63900,4.1
U110948,P64896,3.2
U110950,P51794,3.5
U110951,P74469,3.1
U110952,P36288,3.1
U110954,P24208,3.9
U110954,P47284,3.3
U110958,P15826,4.3
U110959,P26347,3.5
U110959,P85424,3.8
U110960,P30503,4.3
U110961,P20275,4.3
U110962,P86050,3.9
U110963,P96653,3.3
U110964,P97508,3.9
U110965,P15592,3.4
U110965,P61638,4.2
U110966,P53497,4.3
U110967,P13651,3.5
U110967,P22490,3.9
U110967,P94297,3.3
U110968,P42957,4.7
U110968,P58573,3.9
U110969,P26078,3.7
U110969,P70984,4.0
U110971,P86666,3.3
U110973,P67971,4.5
U110973,P85628,4.6
U110975,P14493,4.8
U110975,P24581,3.7
U110976,P78812,3.3
U110977,P68710,3.7
U110979,P61509,3.4
U110982,P71023,4.1
U110984,P81724,4.3
U110986,P39141,4.2
U110986,P98524,3.9
U110988,P37011,4.6
U110988,P81736,3.0
U110989,P70906,4.4
U110989,P90730,4.3
U110990,P21155,2.9
U110992,P39339,3.3
U110992,P44698,3.1
U110992,P71996,5.0
U110993,P10238,3.6
U110993,P25879,3.5
U110993,P47512,3.0
U110994,P36548,2.5
U110994,P37880,3.2
U110994,P43406,4.4
U110994,P95858,3.9
U110995,P61271,4.5
U110995,P93344,4.2
U110997,P16113,3.1
U110997,P68585,3.5
U110999,P77071,4.4
U111000,P13392,3.6
U111000,P37618,4.1
U111002,P54526,4.1
U111002,P72733,4.9
U111004,P26214,4.0
U111004,P27769,2.9
U111006,P37670,4.1
U111006,P47968,3.1
U111006,P88136,4.2
U111007,P25331,4.4
U111008,P38786,4.7
U111008,P52428,3.8
U111009,P89535,4.1
U111011,P41193,4.4
U111012,P59954,3.5
U111012,P75735,3.2
U111012,P76772,4.1
U111013,P56654,3.4
U111015,P67933,4.6
U111017,P35604,3.1
U111017,P58375,4.3
U111019,P17834,3.9
U111022,P39166,3.8
U111024,P62092,4.0
U111028,P51514,3.5
U111028,P88893,3.4
U111030,P87031,3.9
U111031,P11080,5.0
U111031,P19497,3.9
U111031,P57288,4.0
U111031,P93143,3.8
U111032,P48813,3.8
U111032,P59172,4.0
U111032,P61741,4.5
U111033,P80254,4.1
U111033,P93098,3.6
U111034,P21548,4.4
U111034,P66183,3.5
U111035,P45360,4.1
U111035,P48838,4.9
U111035,P49752,3.6
U111037,P90010,4.6
U111038,P36372,3.5
U111038,P80472,3.4
U111038,P89775,4.1
U111039,P79245,3.5
U111042,P23454,4.0
U111042,P64634,4.2
U111043,P36775,3.7
U111043,P56900,3.8
U111044,P55143,3.6
U111046,P48701,3.7
U111046,P64103,3.0
U111047,P29690,4.6
U111047,P92451,4.0
U111047,P98086,4.1
U111048,P59807,3.6
U111048,P77338,3.9
U111049,P60770,3.3
U111051,P20629,4.0
U111051,P28520,3.6
U111053,P44622,4.0
U111053,P47135,4.5
U111054,P49693,3.9
U111054,P95728,3.2
U111055,P12761,3.7
U111057,P15851,4.2
U111057,P82079,3.7
U111058,P44922,3.4
U111059,P31546,5.0
U111059,P56485,3.5
U111060,P25867,4.4
U111060,P86294,4.6
U111063,P56418,3.6
U111064,P23510,3.5
U111064,P29040,3.1
U111064,P75538,4.1
U111066,P38305,4.9
U111067,P41311,4.3
U111069,P22605,4.1
U111069,P66833,4.4
U111071,P25047,3.8
U111071,P52372,4.4
U111071,P53189,3.6
U111071,P62300,4.1
U111072,P83148,4.1
U111072,P88411,4.6
U111073,P12247,3.6
U111073,P13001,4.4
U111074,P14292,3.6
U111074,P82250,4.6
U111075,P13755,4.2
U111075,P60456,3.6
U111075,P98055,4.5
U111076,P24935,3.6
U111077,P65609,4.6
U111078,P25116,3.3
U111079,P28101,3.4
U111081,P56203,3.3
U111082,P51150,4.0
U111082,P90054,3.1
U111084,P26428,4.1
U111087,P77642,3.5
U111088,P40912,3.7
U111088,P80654,4.4
U111089,P40827,4.0
U111089,P46012,4.3
U111091,P17501,4.4
U111092,P43127,4.3
U111093,P46624,3.3
U111094,P82826,4.3
U111094,P97454,3.8
U111098,P23562,5.0
U111098,P47220,4.2
U111099,P27694,3.4
U111100,P68614,3.4
U111100,P79923,3.8
U111100,P82331,3.7
U111100,P88598,2.3
U111103,P83879,3.9
U111105,P10047,4.5
U111106,P33781,4.4
U111106,P96650,4.8
U111107,P98523,3.1
U111108,P91730,4.2
U111110,P18902,2.8
U111110,P23739,3.8
U111112,P14537,3.2
U111113,P95101,4.5
U111118,P10542,3.2
U111118,P42038,4.8
U111119,P39278,5.0
U111120,P54893,4.2
U111121,P47353,2.6
U111121,P85612,4.7
U111122,P39770,3.0
U111124,P11153,4.6
U111124,P42678,3.9
U111125,P83226,4.8
U111125,P95843,3.6
U111126,P82479,4.1
U111127,P67293,3.3
U111128,P27541,3.4
U111129,P67160,3.9
U111129,P90259,3.0
U111130,P45117,4.0
U111130,P76489,4.2
U111130,P93062,4.3
U111131,P18030,3.4
U111132,P85585,3.2
U111133,P56314,4.1
U111134,P87025,3.2
U111135,P12604,3.7
U111137,P22955,4.1
U111137,P50329,4.3
U111139,P29871,3.6
U111139,P73046,3.6
U111140,P57972,4.5
U111140,P77077,4.0
U111141,P49178,3.8
U111141,P53992,4.8
U111143,P47522,4.8
U111144,P33796,3.6
U111145,P45133,3.7
U111146,P20187,2.7
U111149,P11630,4.3
U111152,P62640,3.4
U111154,P11069,4.5
U111154,P31092,3.6
U111155,P54068,4.2
U111156,P22647,3.4
U111156,P27665,3.4
U111156,P41727,3.2
U111158,P37513,4.4
U111159,P73999,3.0
U111160,P24178,3.9
U111161,P12321,4.2
U111161,P33104,4.5
U111161,P81888,4.2
U111162,P41971,4.2
U111162,P58473,4.7
U111163,P10095,4.0
U111163,P65153,4.5
U111166,P53656,4.1
U111168,P63254,4.5
U111169,P46623,4.3
U111169,P73285,4.7
U111170,P61650,4.3
U111170,P99681,3.5
U111175,P37860,3.7
U111175,P54689,3.4
U111175,P83536,4.5
U111177,P24722,3.8
U111178,P20529,3.8
U111178,P86046,4.3
U111179,P50456,4.8
U111180,P14629,3.2
U111180,P31793,3.8
U111181,P55885,3.0
U111181,P77399,4.4
U111181,P85606,3.7
U111182,P79438,3.5
U111183,P65196,3.6
U111185,P72766,3.8
U111187,P98843,4.2
U111187,P98965,3.0
U111188,P63303,4.0
U111189,P11697,3.7
U111189,P30106,4.0
U111189,P35334,5.0
U111189,P47952,4.2
U111189,P67149,4.5
U111191,P88244,5.0
U111192,P44235,3.9
U111193,P56783,3.8
U111193,P92376,4.1
U111194,P51174,3.7
U111194,P82925,4.2
U111196,P85189,3.6
U111198,P81106,3.8
U111199,P97614,3.4
U111200,P82655,4.3
U111202,P31866,4.6
U111203,P52762,4.4
U111204,P90048,3.9
U111205,P93623,3.9
U111206,P37101,3.3
U111208,P93374,3.9
U111209,P10305,3.6
U111212,P36834,4.4
U111212,P42896,2.9
U111212,P76847,3.9
U111213,P34841,3.0
U111213,P40021,3.9
U111213,P46124,4.0
U111216,P13737,3.8
U111216,P18253,4.1
U111216,P39060,3.9
U111216,P56717,3.9
U111216,P59946,3.9
U111216,P63636,3.9
U111218,P12306,3.5
U111218,P89584,3.8
U111220,P74806,3.3
U111220,P85519,3.4
U111221,P19313,3.9
U111222,P47034,5.0
U111222,P91817,4.5
U111223,P29399,3.7
U111223,P38595,3.6
U111223,P82516,3.2
U111223,P85774,4.2
U111225,P65427,4.1
U111229,P33184,4.1
U111231,P65188,4.0
U111231,P97407,3.8
U111234,P55550,4.0
U111236,P81863,4.3
U111236,P95170,3.5
U111238,P27477,4.3
U111238,P33295,3.4
U111238,P87006,5.0
U111239,P53716,3.5
U111239,P78666,4.6
U111240,P17571,4.5
U111241,P49147,4.3
U111241,P83224,3.5
U111241,P92740,2.9
U111245,P63805,3.9
U111247,P97321,3.2
U111248,P23516,4.3
U111250,P28200,3.6
U111251,P28008,3.6
U111251,P35267,4.5
U111252,P90066,3.9
U111255,P58461,3.9
U111255,P77576,4.8
U111256,P28028,3.3
U111256,P52783,3.2
U111256,P80825,4.1
U111257,P10159,4.6
U111257,P37082,4.2
U111260,P34065,3.6
U111262,P22439,3.6
U111263,P15561,3.9
U111263,P28808,4.2
U111264,P30014,3.6
U111266,P30401,3.7
U111266,P41896,3.9
U111267,P21107,3.4
U111270,P38931,3.8
U111272,P11553,4.3
U111272,P37885,3.7
U111272,P48341,3.1
U111273,P87684,3.5
U111275,P60513,3.6
U111277,P87310,3.8
U111277,P97874,3.5
U111278,P76920,3.3
U111279,P18918,3.3
U111279,P29470,3.3
U111281,P10246,4.3
U111283,P14359,3.7
U111284,P53949,4.2
U111284,P77183,4.9
U111285,P13142,4.1
U111285,P31302,3.6
U111285,P75483,4.3
U111286,P23785,3.6
U111286,P85288,4.4
U111287,P97788,3.7
U111288,P17838,3.6
U111288,P36391,4.0
U111288,P44896,4.4
U111288,P58018,4.3
U111290,P57409,4.2
U111291,P33621,3.8
U111291,P96494,3.9
U111295,P93123,3.8
U111296,P85989,4.6
U111296,P86177,4.1
U111298,P42701,4.5
U111298,P61662,4.4
U111298,P64049,4.3
U111299,P30566,3.6
U111300,P80455,2.5
U111301,P37536,3.1
U111305,P92805,4.4
U111307,P46021,4.3
U111308,P12465,4.6
U111309,P36293,3.7
U111311,P32610,3.7
U111314,P16946,4.0
U111314,P59937,4.8
U111314,P71656,3.8
U111315,P33505,3.2
U111315,P34197,5.0
U111316,P74773,4.4
U111316,P81018,5.0
U111317,P11826,3.7
U111317,P67459,4.2
U111318,P20493,3.8
U111319,P31913,4.2
U111319,P47066,3.3
U111319,P49128,4.0
U111320,P37026,4.2
U111321,P45140,4.2
U111321,P53391,4.7
U111321,P57742,4.6
U111321,P74948,4.6
U111321,P99023,3.5
U111323,P18910,4.4
U111323,P30932,4.2
U111323,P45746,2.9
U111323,P59973,3.6
U111324,P49827,4.4
U111325,P14581,4.2
U111325,P85155,4.6
U111327,P55450,2.8
U111328,P51484,4.1
U111329,P18381,4.8
U111329,P20905,3.9
U111329,P28117,4.1
U111330,P17639,3.6
U111330,P43730,4.0
U111330,P80247,3.1
U111330,P93794,4.3
U111331,P57573,3.2
U111332,P23059,4.0
U111335,P88437,3.8
U111336,P77482,4.5
U111339,P98536,3.6
U111340,P29318,2.8
U111340,P53312,3.3
U111340,P68216,3.5
U111341,P72922,3.9
U111341,P85344,4.0
U111342,P67572,5.0
U111342,P81739,3.8
U111343,P23524,4.2
U111344,P25595,3.2
U111344,P40596,3.8
U111346,P34906,4.3
U111348,P47510,3.4
U111348,P73053,4.5
U111349,P29381,4.3
U111352,P79416,5.0
U111353,P36911,4.3
U111354,P41403,4.4
U111355,P49287,3.5
U111355,P62155,4.2
U111355,P96705,4.5
U111355,P97699,5.0
U111357,P68674,3.4
U111357,P71239,3.1
U111357,P93802,3.5
U111358,P44546,4.5
U111358,P63582,3.9
U111359,P29221,4.0
U111359,P96343,3.0
U111360,P38601,2.5
U111360,P81618,3.9
U111361,P57147,3.7
U111362,P52021,3.9
U111362,P93907,4.5
U111363,P16405,3.5
U111363,P95087,3.7
U111366,P61708,4.3
U111366,P88032,3.6
U111367,P86364,3.6
U111371,P45961,3.6
U111372,P86618,3.8
U111373,P58214,4.1
U111373,P83068,5.0
U111373,P97506,3.5
U111374,P68738,3.8
U111374,P72282,4.4
U111374,P79351,3.6
U111375,P92730,3.4
U111379,P51905,4.9
U111379,P83851,2.4
U111380,P78429,5.0
U111381,P72266,3.3
U111382,P49946,4.5
U111382,P52501,3.3
U111382,P56605,4.9
U111382,P59901,3.7
U111382,P75366,3.9
U111383,P48943,3.9
U111383,P83859,2.9
U111384,P51612,3.9
U111386,P80112,4.2
U111387,P14171,4.2
U111391,P54366,3.9
U111392,P45968,4.1
U111392,P47984,4.4
U111393,P30434,3.8
U111393,P38196,3.8
U111394,P90978,4.5
U111395,P78350,4.0
U111397,P29270,3.8
U111399,P16401,3.1
U111400,P17130,5.0
U111401,P56639,3.7
U111401,P99906,4.2
U111402,P37116,3.6
U111403,P62941,4.6
U111404,P21229,3.5
U111406,P91587,4.3
U111406,P97115,4.2
U111407,P82125,3.8
U111408,P26183,4.4
U111408,P61926,5.0
U111408,P78744,3.5
U111410,P12964,4.1
U111411,P27331,3.6
U111411,P61572,3.3
U111412,P19667,4.5
U111413,P11325,4.4
U111413,P36476,5.0
U111413,P79501,5.0
U111415,P21968,4.0
U111415,P46408,3.4
U111415,P90229,3.7
U111416,P90463,4.0
U111418,P18557,3.3
U111418,P41603,3.8
U111418,P80462,4.0
U111419,P24548,4.0
U111421,P57309,3.6
U111423,P27305,3.8
U111424,P55377,4.4
U111424,P93089,3.4
U111425,P62917,4.0
U111425,P72138,3.6
U111425,P76491,3.4
U111425,P87901,3.6
U111425,P89232,5.0
U111426,P21285,4.5
U111428,P27172,3.4
U111428,P47847,4.3
U111428,P61559,3.9
U111428,P64062,4.2
U111428,P82663,4.5
U111429,P87323,3.6
U111430,P24134,4.3
U111432,P28825,4.1
U111433,P60827,3.9
U111435,P62656,4.1
U111437,P80867,4.6
U111438,P12852,3.3
U111439,P40193,4.4
U111439,P45826,3.5
U111439,P60879,4.5
U111443,P29675,4.4
U111446,P80859,4.0
U111447,P37871,3.3
U111449,P28877,4.6
U111449,P42036,4.3
U111451,P30463,3.2
U111452,P34661,3.6
U111453,P68912,3.3
U111453,P84466,4.6
U111454,P69868,4.2
U111457,P48746,3.6
U111458,P56768,4.3
U111458,P83197,3.8
U111458,P92975,4.2
U111461,P12439,3.2
U111461,P61149,4.2
U111461,P82696,3.5
U111463,P82614,3.6
U111463,P98612,3.6
U111465,P50474,3.5
U111466,P50241,4.6
U111466,P62387,3.8
U111468,P45835,4.1
U111468,P66664,2.5
U111469,P91330,4.7
U111470,P15069,4.2
U111472,P76731,3.5
U111473,P43416,3.4
U111473,P61139,3.0
U111473,P71038,4.3
U111473,P88386,4.7
U111474,P67212,4.4
U111475,P74587,4.4
U111477,P95409,4.3
U111478,P72259,3.3
U111478,P89854,3.6
U111479,P40946,3.2
U111479,P78374,3.7
U111479,P85647,4.2
U111480,P31074,3.2
U111481,P31045,3.7
U111481,P49562,3.0
U111481,P61962,3.9
U111481,P64675,4.2
U111482,P48795,3.9
U111483,P41894,5.0
U111484,P82209,3.4
U111484,P91826,4.5
U111485,P22683,4.1
U111486,P59403,4.1
U111487,P18694,3.6
U111487,P37502,4.4
U111487,P77599,3.4
U111488,P62481,3.7
U111489,P34285,3.4
U111489,P36638,4.4
U111489,P41451,3.7
U111490,P46070,4.1
U111491,P18005,4.0
U111492,P11888,3.9
U111492,P55901,3.7
U111493,P40742,3.6
U111493,P70597,4.1
U111493,P88701,3.5
U111494,P26707,3.6
U111495,P20296,3.4
U111496,P81894,3.8
U111497,P48718,3.3
U111498,P13688,4.7
U111499,P61921,4.4
U111500,P95483,4.5
U111501,P35382,4.1
U111501,P59705,4.9
U111504,P18458,3.9
U111504,P36004,3.9
U111505,P85287,3.6
U111506,P47725,3.8
U111508,P49980,4.3
U111508,P71508,4.1
U111508,P74646,4.3
U111509,P60988,3.7
U111509,P75659,4.5
U111510,P28182,3.7
U111510,P84977,3.8
U111512,P62863,3.8
U111514,P32493,3.7
U111515,P81407,3.5
U111517,P48649,4.8
U111517,P50457,3.4
U111520,P10025,4.6
U111520,P23537,2.8
U111521,P36397,3.2
U111521,P81405,3.8
U111522,P82648,3.5
U111523,P91414,3.5
U111524,P32956,4.6
U111526,P62138,3.8
U111527,P50620,3.7
U111528,P48072,4.1
U111531,P16966,3.3
U111532,P64841,5.0
U111533,P64317,3.4
U111533,P86327,3.3
U111534,P41466,3.4
U111534,P98191,4.4
U111536,P23753,3.4
U111537,P95574,3.6
U111538,P81609,4.1
U111539,P40137,4.0
U111539,P54355,4.6
U111541,P15920,4.4
U111542,P39788,3.7
U111543,P42398,3.9
U111543,P76654,4.1
U111544,P92912,4.0
U111545,P99596,3.5
U111546,P28371,3.8
U111547,P68986,4.8
U111547,P76647,3.6
U111547,P86915,4.4
U111548,P31043,4.0
U111548,P45363,4.4
U111549,P75834,3.7
U111550,P93207,3.8
U111551,P15276,3.2
U111551,P45407,2.4
U111551,P89965,3.8
U111552,P54292,3.7
U111553,P16965,4.1
U111554,P16767,3.7
U111555,P77613,3.8
U111556,P20536,3.3
U111556,P60676,4.8
U111557,P38080,3.9
U111557,P64990,3.7
U111557,P99823,4.4
U111558,P76402,3.9
U111560,P93649,3.3
U111562,P38382,3.2
U111563,P33252,4.5
U111563,P40145,3.6
U111564,P24126,5.0
U111565,P45846,3.8
U111567,P46947,3.4
U111567,P60248,3.4
U111567,P88446,4.6
U111570,P38590,3.3
U111570,P49177,3.9
U111570,P62962,3.7
U111571,P43270,3.4
U111573,P53473,3.8
U111574,P80732,3.6
U111575,P15325,3.9
U111575,P33526,3.3
U111575,P42983,3.2
U111577,P48085,3.7
U111578,P59803,3.7
U111579,P13747,3.9
U111580,P30944,4.3
U111581,P69117,4.0
U111582,P21734,4.2
U111583,P66557,3.7
U111584,P13382,4.0
U111584,P27635,4.6
U111585,P22511,3.9
U111585,P49077,3.8
U111585,P82036,4.0
U111586,P50918,4.5
U111590,P64197,4.0
U111591,P30549,3.9
U111591,P56473,4.1
U111592,P30783,3.7
U111593,P43076,4.2
U111593,P52975,4.5
U111593,P57230,4.1
U111593,P63354,4.0
U111594,P52297,4.1
U111594,P78167,4.1
U111595,P32326,4.4
U111596,P41276,3.3
U111596,P81092,3.9
U111599,P31864,3.5
U111599,P83571,4.3
U111600,P15063,3.9
U111602,P32744,3.4
U111602,P54246,4.1
U111603,P40295,4.1
U111603,P60764,4.0
U111604,P79755,3.4
U111605,P23577,5.0
U111606,P71812,3.1
U111607,P21265,2.8
U111607,P36241,4.3
U111607,P38224,3.9
U111609,P27795,3.7
U111611,P44276,4.1
U111611,P89052,4.0
U111614,P30132,4.1
U111615,P32406,3.7
U111616,P11378,3.6
U111616,P18561,3.6
U111616,P87071,3.4
U111617,P30587,3.7
U111618,P50198,3.3
U111619,P67719,4.0
U111621,P14289,3.9
U111621,P34932,4.1
U111621,P47643,3.6
U111623,P21915,3.9
U111623,P31514,3.0
U111628,P17610,4.1
U111628,P60626,3.3
U111629,P57018,4.2
U111630,P57970,4.0
U111631,P29764,3.5
U111632,P17871,4.2
U111637,P14369,4.3
U111637,P50536,3.1
U111640,P96090,3.0
U111642,P99715,4.1
U111644,P65412,4.8
U111644,P67344,2.7
U111644,P89302,4.3
U111645,P50117,3.5
U111646,P35566,4.2
U111646,P35799,3.8
U111646,P60968,3.4
U111647,P23131,4.4
U111647,P47938,3.5
U111648,P27801,3.8
U111649,P54438,4.5
U111649,P64114,3.3
U111649,P94070,4.2
U111650,P52405,3.5
U111652,P28282,4.9
U111653,P13856,4.9
U111653,P58503,4.0
U111653,P77497,4.0
U111654,P33856,3.6
U111654,P35015,4.7
U111655,P24559,3.7
U111656,P37066,4.4
U111656,P94435,3.4
U111657,P51635,4.2
U111658,P55808,4.1
U111659,P28357,3.7
U111659,P33314,3.9
U111659,P61025,3.9
U111659,P61906,4.1
U111660,P90368,3.5
U111661,P46366,4.3
U111664,P73587,3.4
U111667,P59735,3.6
U111667,P62021,4.7
U111668,P46881,4.2
U111669,P29531,4.1
U111669,P30476,3.1
U111669,P37734,4.1
U111669,P50605,4.3
U111670,P38310,4.2
U111670,P87792,4.8
U111671,P88866,3.5
U111672,P60576,4.3
U111673,P70532,5.0
U111674,P11035,3.1
U111674,P48352,3.7
U111674,P81881,4.2
U111675,P55584,4.1
U111675,P79598,3.2
U111677,P47062,3.7
U111677,P51752,4.1
U111678,P56243,3.4
U111679,P52400,4.1
U111681,P16523,4.0
U111681,P45009,4.9
U111681,P52318,3.2
U111684,P21745,3.0
U111686,P43158,3.7
U111686,P84840,4.2
U111687,P46212,4.3
U111687,P66688,3.8
U111687,P77642,3.9
U111688,P83093,4.6
U111688,P97847,3.4
U111689,P21565,4.6
U111689,P46382,4.7
U111690,P90585,4.2
U111692,P79585,4.8
U111693,P28511,4.2
U111694,P13717,3.5
U111694,P94057,4.7
U111695,P11746,4.3
U111695,P77130,3.9
U111696,P84322,3.6
U111701,P80564,4.3
U111704,P43226,4.2
U111705,P65425,3.6
U111705,P69877,4.6
U111705,P79578,4.1
U111706,P12729,4.6
U111706,P25316,3.5
U111707,P65338,3.8
U111707,P87001,4.2
U111710,P17997,4.8
U111710,P74398,5.0
U111711,P60542,3.7
U111712,P57262,3.9
U111713,P13647,3.9
U111713,P61155,4.5
U111714,P23853,3.2
U111714,P66578,3.9
U111720,P29897,3.6
U111720,P43665,4.7
U111722,P28520,3.5
U111723,P26043,4.7
U111723,P44858,3.6
U111723,P87868,3.9
U111725,P41338,3.4
U111725,P67878,3.2
U111727,P57079,3.2
U111730,P26302,3.2
U111731,P22245,4.6
U111732,P40802,3.6
U111732,P63637,3.6
U111732,P85810,4.4
U111733,P44938,3.3
U111734,P33862,4.1
U111737,P92330,3.9
U111738,P39389,3.5
U111739,P40339,5.0
U111739,P67885,4.3
U111741,P81937,3.9
U111742,P13632,3.3
U111742,P30735,3.6
U111743,P39397,4.3
U111746,P91437,3.4
U111747,P19016,3.6
U111747,P69035,4.4
U111747,P71713,3.2
U111748,P39846,4.0
U111749,P17167,4.5
U111749,P65976,4.1
U111751,P46583,3.9
U111751,P93190,3.7
U111753,P98067,3.8
U111754,P24823,4.2
U111754,P24924,4.3
U111755,P68093,3.4
U111756,P42138,4.3
U111757,P15479,4.5
U111759,P99622,3.9
U111760,P61775,4.0
U111760,P70634,4.9
U111761,P71806,4.1
U111762,P19561,4.8
U111762,P82294,4.0
U111764,P16586,2.9
U111764,P24560,2.9
U111765,P23189,3.8
U111765,P44614,3.4
U111765,P50318,3.7
U111765,P74184,4.4
U111766,P26124,3.7
U111767,P11722,4.5
U111768,P63730,4.2
U111770,P63257,3.8
U111771,P93627,4.4
U111772,P48399,4.2
U111772,P67354,4.2
U111772,P77156,4.2
U111773,P51921,4.1
U111774,P36531,4.0
U111775,P23988,3.4
U111776,P33630,3.5
U111776,P88017,3.7
U111776,P90769,4.9
U111777,P87106,4.5
U111778,P64864,4.7
U111778,P99447,4.9
U111779,P31261,4.3
U111779,P49156,3.6
U111780,P25675,4.4
U111782,P74312,3.5
U111785,P37700,4.7
U111786,P14200,5.0
U111786,P63911,4.0
U111786,P72003,4.0
U111786,P79697,3.5
U111787,P50569,3.7
U111787,P98313,4.2
U111789,P14791,4.7
U111789,P89018,4.2
U111790,P78775,3.5
U111790,P96910,3.4
U111793,P10280,4.0
U111793,P27424,4.8
U111794,P71395,4.6
U111795,P91522,4.5
U111797,P26260,4.2
U111797,P90787,4.3
U111799,P21256,3.7
U111799,P91998,4.6
U111800,P34122,5.0
U111800,P69670,5.0
U111800,P82677,3.2
U111801,P46350,4.0
U111801,P59904,4.3
U111801,P79153,4.1
U111802,P99091,5.0
U111802,P99709,3.9
U111803,P56675,4.5
U111803,P87835,3.7
U111805,P13034,3.4
U111807,P75316,2.9
U111809,P12830,3.2
U111809,P74819,2.8
U111811,P40502,4.6
U111814,P30209,3.1
U111814,P44053,4.1
U111814,P89757,4.3
U111815,P21849,3.2
U111815,P83733,3.8
U111816,P54755,4.6
U111817,P92855,4.5
U111817,P98281,3.8
U111818,P96787,3.6
U111819,P13612,3.8
U111819,P64004,4.1
U111819,P78653,4.0
U111820,P90388,3.8
U111821,P14359,4.4
U111824,P23024,3.3
U111824,P46224,3.9
U111826,P35746,3.5
U111827,P14859,4.9
U111827,P37637,4.2
U111827,P82034,4.5
U111827,P85137,3.8
U111827,P99222,4.3
U111829,P20053,5.0
U111829,P50529,3.5
U111830,P76753,2.9
U111831,P48071,4.1
U111832,P60103,4.7
U111833,P99869,4.2
U111835,P81083,4.7
U111835,P86189,3.0
U111837,P73535,2.8
U111837,P81632,4.8
U111838,P83432,3.2
U111839,P40822,4.6
U111839,P44483,4.3
U111842,P16732,3.9
U111844,P35141,4.1
U111844,P74093,3.7
U111845,P30471,4.0
U111846,P32463,3.1
U111846,P65649,3.5
U111848,P30462,3.7
U111848,P42681,3.5
U111848,P71034,4.0
U111849,P42039,3.4
U111849,P61389,3.3
U111850,P35882,3.5
U111851,P41758,3.3
U111851,P44105,4.4
U111851,P81653,3.6
U111853,P78241,3.3
U111854,P77128,4.1
U111857,P72472,4.8
U111858,P77003,3.1
U111861,P61006,3.8
U111861,P65435,4.8
U111862,P18225,3.9
U111863,P33897,3.8
U111863,P96475,4.0
U111866,P52379,3.6
U111869,P87106,5.0
U111870,P23178,4.5
U111870,P49988,4.0
U111870,P60445,2.5
U111871,P14662,4.2
U111871,P45357,4.4
U111874,P35148,3.2
U111874,P99577,3.8
U111876,P61642,4.0
U111877,P63428,4.4
U111879,P32249,5.0
U111879,P67468,4.0
U111880,P13506,4.2
U111881,P88121,4.0
U111884,P11721,3.8
U111884,P77299,3.9
U111885,P20723,3.2
U111885,P78584,4.7
U111886,P51468,3.5
U111886,P67217,3.7
U111887,P96357,3.7
U111888,P16395,3.4
U111888,P28316,3.9
U111890,P51229,4.6
U111890,P72483,4.3
U111890,P92155,4.5
U111891,P24214,4.2
U111891,P49705,3.3
U111891,P74405,3.4
U111891,P76589,3.9
U111893,P15841,3.3
U111893,P41940,3.9
U111893,P77098,4.3
U111893,P93878,4.1
U111894,P71668,4.6
U111895,P54038,4.5
U111895,P61133,3.7
U111896,P16295,4.1
U111897,P30479,4.7
U111898,P66816,3.8
U111899,P41667,3.3
U111901,P39156,5.0
U111901,P89601,3.6
U111903,P40971,5.0
U111903,P41931,4.7
U111904,P52235,4.7
U111904,P61265,2.7
U111904,P69207,3.4
U111907,P14702,3.5
U111907,P19257,3.1
U111907,P79068,5.0
U111908,P22858,3.6
U111908,P24234,3.7
U111908,P43473,3.6
U111909,P21709,3.7
U111910,P56429,4.1
U111914,P53298,3.4
U111914,P57350,3.6
U111915,P10540,3.3
U111916,P89810,5.0
U111917,P51084,3.7
U111918,P83359,4.7
U111921,P69140,4.4
U111922,P41788,3.3
U111922,P88957,4.8
U111923,P26420,4.5
U111923,P34839,4.3
U111924,P70520,4.3
U111927,P72637,4.6
U111928,P34323,3.9
U111928,P61728,3.8
U111928,P76659,4.4
U111930,P37056,4.1
U111931,P64207,3.4
U111932,P32848,3.9
U111932,P38849,3.4
U111932,P93170,3.7
U111935,P11713,3.5
U111937,P47069,3.5
U111937,P80827,4.4
U111939,P90232,4.1
U111940,P39154,4.4
U111940,P68909,3.8
U111940,P92115,4.7
U111941,P42304,3.6
U111941,P73523,4.6
U111943,P81749,4.3
U111944,P44409,3.6
U111945,P32438,4.7
U111946,P41436,4.1
U111946,P62988,5.0
U111947,P32580,3.5
U111947,P51987,2.8
U111948,P52292,3.8
U111949,P39675,3.6
U111949,P87159,3.1
U111950,P60151,2.8
U111951,P41025,4.0
U111951,P93186,3.1
U111952,P85455,2.8
U111953,P63751,3.2
U111954,P20723,4.4
U111954,P54934,4.1
U111954,P65732,4.4
U111956,P85188,3.1
U111959,P98769,3.3
U111962,P39775,4.1
U111962,P72461,3.5
U111962,P77477,3.7
U111966,P39859,3.4
U111967,P34246,3.7
U111967,P53250,3.3
U111969,P10586,3.1
U111969,P27267,4.5
U111971,P16223,3.8
U111971,P94080,4.3
U111972,P94353,3.7
U111973,P30344,2.5
U111973,P79925,3.0
U111975,P70570,4.7
U111976,P41020,4.1
U111977,P48563,3.8
U111981,P35444,3.6
U111981,P86411,4.2
U111983,P85746,3.7
U111988,P80898,3.8
U111988,P92143,3.3
U111990,P25398,4.8
U111990,P87625,4.7
U111991,P44282,4.2
U111992,P84799,3.6
U111994,P84484,4.8
U111995,P46460,3.8
U111995,P97488,4.5
U111996,P88729,3.9
U111997,P86046,4.7
U111998,P49858,4.2
U112001,P13128,4.1
U112001,P23766,3.5
U112001,P32224,4.2
U112001,P47311,4.0
U112001,P84109,4.3
U112003,P85422,3.3
U112004,P47322,3.2
U112004,P89842,2.8
U112004,P93010,2.9
U112005,P87349,3.0
U112008,P20792,4.1
U112008,P45999,3.9
U112008,P60184,3.1
U112008,P79386,4.9
U112009,P17255,2.9
U112009,P79462,4.2
U112011,P93516,4.3
U112012,P35530,4.2
U112012,P37807,4.2
U112012,P39251,3.5
U112012,P57862,4.0
U112013,P60682,4.1
U112014,P32593,4.4
U112014,P63097,4.5
U112020,P33445,4.4
U112021,P69906,3.8
U112021,P75050,3.8
U112024,P23499,5.0
U112024,P24468,3.7
U112026,P15850,3.3
U112026,P87278,3.8
U112026,P96010,3.4
U112027,P27237,3.7
U112028,P12420,4.4
U112028,P84768,3.5
U112029,P82328,3.6
U112033,P99671,4.7
U112034,P45938,3.5
U112035,P56484,3.9
U112035,P79359,2.1
U112035,P83968,3.9
U112036,P48935,3.6
U112036,P87585,3.4
U112036,P97451,3.3
U112037,P43187,3.8
U112037,P52969,4.1
U112037,P87509,4.3
U112037,P91128,4.6
U112038,P65717,3.4
U112039,P58305,4.6
U112040,P95256,3.9
U112042,P35698,3.1
U112043,P98194,3.8
U112044,P64933,3.4
U112048,P82186,4.3
U112051,P49842,4.2
U112052,P86050,4.2
U112053,P34439,4.0
U112053,P53458,4.0
U112055,P64828,3.1
U112056,P70147,4.0
U112056,P84212,4.6
U112057,P64217,3.3
U112057,P71839,4.2
U112057,P73189,3.8
U112058,P66096,4.8
U112059,P51143,3.6
U112060,P38667,3.9
U112060,P58170,4.1
U112064,P38143,3.4
U112064,P44386,4.2
U112065,P29793,3.3
U112065,P87175,4.3
U112070,P62336,3.9
U112070,P74163,3.4
U112071,P25407,3.4
U112071,P71824,4.0
U112072,P69082,3.9
U112073,P55406,4.6
U112074,P42866,3.5
U112074,P51777,3.5
U112074,P91800,3.7
U112074,P98671,3.6
U112078,P25671,4.3
U112079,P24076,3.1
U112079,P84797,3.3
U112080,P32676,4.9
U112080,P67619,4.3
U112081,P56743,4.9
U112083,P75973,4.0
U112084,P34248,3.0
U112084,P42845,4.4
U112086,P23743,3.8
U112087,P32874,3.0
U112087,P94919,3.3
U112088,P95490,4.0
U112089,P19795,4.8
U112093,P37382,4.0
U112093,P45195,4.5
U112096,P20458,3.4
U112096,P40109,4.4
U112097,P29641,3.5
U112097,P53007,3.8
U112097,P78157,3.6
U112100,P35341,3.2
U112100,P51975,4.6
U112101,P52721,4.5
U112102,P21054,3.9
U112103,P77690,4.0
U112104,P28287,3.2
U112104,P78934,3.4
U112105,P86413,4.0
U112106,P35893,3.6
U112106,P71774,4.2
U112107,P31964,4.7
U112107,P77946,3.4
U112108,P58449,4.4
U112110,P24382,3.0
U112110,P84808,4.1
U112111,P85524,3.4
U112113,P91407,5.0
U112114,P30324,3.5
U112114,P60575,4.1
U112114,P95046,4.3
U112115,P76234,3.8
U112116,P72695,3.7
U112117,P51248,4.3
U112117,P88129,3.7
U112118,P31443,3.2
U112118,P33538,4.9
U112120,P47693,3.9
U112120,P59602,4.7
U112120,P71704,5.0
U112121,P95253,3.4
U112123,P16697,4.7
U112123,P16981,5.0
U112124,P18911,4.5
U112124,P23867,4.4
U112125,P17082,4.6
U112125,P29688,3.8
U112126,P66250,4.4
U112128,P18801,4.5
U112128,P59368,4.6
U112129,P12399,4.2
U112129,P71433,4.2
U112130,P45964,3.5
U112130,P87222,3.4
U112130,P88617,4.1
U112130,P91255,4.2
U112132,P10846,3.7
U112132,P70305,4.1
U112133,P95605,4.3
U112134,P13992,3.8
U112135,P52868,3.4
U112135,P94127,4.9
U112136,P33748,3.5
U112138,P98085,4.6
U112140,P15372,4.7
U112140,P30951,4.0
U112140,P35741,3.4
U112141,P19742,4.1
U112141,P99261,3.8
U112142,P65796,4.9
U112142,P77243,4.3
U112143,P58152,3.5
U112143,P77835,3.4
U112144,P60574,3.4
U112144,P86088,3.6
U112145,P16397,3.3
U112145,P73508,4.2
U112146,P40403,3.9
U112147,P37865,3.1
U112147,P50054,4.1
U112148,P44511,3.9
U112149,P33113,3.4
U112149,P96770,3.8
U112151,P86058,4.1
U112152,P27525,3.2
U112153,P44043,4.1
U112156,P31002,4.0
U112156,P57318,3.4
U112158,P63792,3.9
U112159,P61345,4.6
U112161,P39391,3.9
U112161,P55240,4.0
U112161,P98579,4.5
U112162,P31791,3.4
U112162,P43940,3.7
U112163,P14435,4.5
U112163,P42525,4.8
U112164,P17605,3.1
U112164,P96901,3.6
U112166,P19403,4.0
U112166,P89998,3.4
U112167,P41107,3.7
U112168,P41308,3.9
U112169,P11256,3.4
U112169,P42124,2.6
U112169,P43728,4.6
U112169,P81682,3.8
U112169,P84254,4.8
U112170,P92204,3.7
U112171,P23170,4.6
U112172,P12032,4.2
U112173,P93873,3.4
U112174,P19963,3.1
U112175,P98646,5.0
U112180,P80935,4.4
U112180,P87732,3.8
U112181,P65708,3.1
U112183,P50018,3.8
U112184,P31865,3.6
U112186,P39095,3.7
U112186,P73518,4.2
U112188,P60969,4.3
U112188,P79880,4.1
U112190,P38035,5.0
U112190,P72668,3.7
U112191,P46366,3.4
U112192,P13214,3.8
U112194,P36963,3.0
U112194,P56414,3.5
U112195,P32180,4.1
U112197,P37374,5.0
U112198,P32425,4.3
U112198,P66263,3.3
U112198,P78586,3.6
U112199,P16029,3.8
U112199,P24186,4.1
U112199,P31927,3.8
U112199,P33368,4.1
U112200,P55350,4.1
U112200,P81086,3.7
U112201,P23676,4.2
U112201,P93594,4.1
U112202,P51705,4.1
U112202,P55047,3.5
U112203,P21749,4.4
U112203,P22522,4.3
U112204,P56571,4.4
U112205,P13481,3.7
U112205,P64822,3.8
U112205,P69914,4.9
U112205,P71829,4.4
U112206,P69869,3.4
U112207,P28444,3.6
U112208,P98918,4.2
U112209,P68528,4.7
U112210,P52071,3.2
U112210,P63579,3.8
U112212,P13235,3.8
U112212,P19704,4.3
U112213,P45051,3.9
U112213,P86847,4.9
U112213,P92111,4.2
U112214,P19587,3.6
U112217,P79863,4.4
U112218,P28727,4.0
U112218,P47360,3.9
U112218,P71633,4.5
U112218,P92622,3.9
U112218,P92744,4.0
U112219,P23153,4.3
U112219,P25079,4.0
U112220,P65652,3.4
U112221,P25601,3.7
U112221,P63879,4.0
U112221,P89865,3.9
U112222,P87606,4.1
U112224,P39265,4.4
U112224,P43956,3.2
U112225,P24420,4.5
U112225,P94192,3.6
U112228,P60491,3.2
U112228,P74495,3.6
U112229,P83356,3.9
U112232,P53600,3.9
U112232,P80261,3.9
U112233,P37824,3.5
U112234,P13784,4.0
U112235,P33402,4.6
U112235,P56763,4.9
U112237,P54755,3.1
U112238,P81218,4.4
U112238,P91441,4.4
U112240,P55804,4.2
U112242,P74577,3.4
U112243,P12495,3.0
U112243,P53134,4.0
U112243,P56768,4.1
U112244,P24509,3.2
U112244,P56690,3.8
U112244,P57064,4.3
U112244,P75663,4.6
U112244,P84760,3.4
U112245,P47384,3.6
U112246,P53994,4.9
U112248,P30664,4.7
U112249,P48667,3.8
U112250,P19250,2.7
U112252,P11206,4.2
U112253,P46654,4.3
U112253,P92107,4.4
U112256,P88981,4.9
U112256,P91588,3.4
U112257,P69717,3.7
U112257,P78142,4.3
U112260,P40199,4.5
U112261,P42186,4.8
U112262,P92144,3.4
U112263,P11099,3.3
U112263,P21062,3.7
U112263,P69266,3.8
U112263,P92439,3.9
U112264,P93267,5.0
U112265,P13107,4.2
U112265,P44924,5.0
U112266,P83580,4.3
U112266,P90237,4.6
U112270,P68729,3.5
U112270,P83613,4.2
U112271,P41174,3.5
U112271,P49172,3.7
U112271,P71049,2.8
U112271,P97660,5.0
U112272,P70511,3.6
U112273,P21869,3.2
U112274,P11110,4.3
U112274,P25310,4.0
U112276,P81327,4.0
U112277,P56694,3.2
U112284,P16043,3.6
U112285,P55214,4.7
U112285,P88950,3.9
U112286,P10565,4.7
U112286,P62464,3.5
U112287,P48238,4.7
U112289,P55449,3.7
U112289,P75978,4.5
U112290,P83748,4.2
U112291,P22926,3.9
U112291,P24791,4.9
U112291,P99148,3.9
U112292,P82009,4.4
U112292,P97193,3.8
U112294,P19085,4.4
U112294,P41745,3.2
U112294,P57346,3.1
U112294,P64378,3.6
U112296,P27184,3.9
U112296,P83061,4.3
U112297,P56601,4.2
U112297,P78241,3.4
U112299,P11245,3.5
U112299,P58608,3.7
U112300,P29311,4.6
U112300,P30996,4.1
U112300,P41699,4.3
U112300,P69986,4.3
U112301,P18351,3.8
U112301,P95800,3.7
U112302,P13316,4.1
U112303,P42798,3.3
U112303,P62820,4.4
U112304,P77880,4.3
U112305,P47573,3.3
U112307,P56014,4.2
U112308,P29269,3.3
U112308,P42224,4.1
U112308,P51405,4.1
U112310,P84352,3.8
U112311,P46956,3.3
U112311,P51357,3.9
U112312,P57583,4.4
U112315,P17834,3.1
U112315,P46145,4.2
U112316,P79135,3.5
U112319,P40071,3.5
U112319,P50581,4.1
U112319,P58482,3.0
U112320,P30416,3.4
U112320,P49110,3.9
U112320,P66928,4.0
U112321,P61829,4.2
U112323,P39248,2.7
U112323,P80071,4.5
U112324,P44791,4.9
U112325,P27090,4.2
U112327,P50233,4.6
U112327,P79866,3.9
U112329,P30038,4.3
U112330,P43384,4.0
U112330,P66557,5.0
U112330,P96350,4.2
U112331,P74631,4.6
U112331,P93673,2.9
U112331,P96612,3.8
U112332,P41580,4.1
U112334,P92183,3.2
U112334,P97764,3.9
U112336,P25427,4.5
U112336,P32444,3.6
U112336,P39458,3.4
U112338,P90379,3.4
U112339,P74750,4.4
U112339,P89831,3.6
U112341,P71593,3.5
U112343,P18148,3.0
U112343,P58771,3.9
U112344,P26525,3.6
U112346,P44244,4.2
U112348,P10554,4.4
U112348,P61553,4.3
U112348,P97523,4.8
U112349,P24640,4.4
U112351,P26067,4.0
U112352,P62556,2.9
U112353,P22517,4.2
U112354,P99352,4.4
U112355,P74165,3.4
U112356,P27090,3.6
U112356,P41596,4.2
U112356,P54002,4.5
U112356,P87116,3.7
U112357,P43706,3.6
U112358,P39355,4.3
U112358,P70397,3.8
U112358,P74208,3.4
U112359,P55447,4.8
U112359,P90083,4.2
U112360,P39470,4.4
U112360,P79585,4.0
U112360,P86869,4.7
U112360,P88949,4.1
U112362,P25501,4.3
U112362,P92350,4.2
U112363,P45005,4.4
U112363,P76371,4.2
U112365,P28725,4.7
U112366,P96161,3.9
U112368,P53089,3.6
U112370,P42320,4.8
U112371,P32544,3.8
U112372,P14690,3.6
U112372,P23491,3.2
U112373,P23090,4.3
U112374,P22084,4.5
U112375,P94985,3.4
U112377,P49455,4.3
U112377,P85290,3.6
U112378,P28245,4.3
U112378,P42409,3.7
U112378,P72270,3.6
U112379,P40430,4.2
U112379,P74395,3.7
U112380,P94239,3.0
U112381,P12140,3.3
U112381,P65365,3.8
U112383,P31878,3.0
U112383,P99680,3.2
U112384,P10546,3.7
U112384,P66856,3.3
U112385,P29181,3.9
U112386,P11531,3.6
U112386,P77126,4.9
U112389,P35824,4.5
U112389,P36737,4.5
U112393,P14873,3.1
U112393,P50038,4.6
U112394,P17466,4.3
U112394,P74744,4.1
U112395,P11813,3.8
U112395,P61026,3.6
U112395,P90533,3.4
U112396,P66690,4.0
U112397,P79855,2.9
U112400,P92447,3.4
U112403,P62226,3.5
U112403,P66722,4.7
U112405,P68813,3.3
U112406,P14308,4.4
U112406,P98194,3.7
U112406,P98533,3.3
U112408,P12832,4.0
U112408,P47277,4.4
U112408,P67796,4.3
U112409,P70813,3.1
U112411,P70781,3.4
U112413,P74133,3.6
U112414,P80370,3.7
U112415,P37846,4.6
U112417,P22353,3.8
U112419,P54303,3.9
U112420,P19346,4.6
U112420,P55630,3.8
U112424,P96684,3.3
U112426,P24707,4.2
U112426,P71634,3.8
U112426,P86340,3.8
U112428,P79289,4.7
U112429,P64691,3.2
U112429,P69778,3.8
U112429,P71251,5.0
U112429,P87622,4.5
U112429,P94022,5.0
U112430,P27665,4.5
U112431,P32411,4.1
U112431,P53973,3.6
U112433,P74136,3.1
U112435,P34270,4.0
U112435,P81112,3.8
U112435,P94730,4.5
U112438,P12953,3.7
U112438,P18923,3.8
U112439,P47650,3.8
U112439,P63447,4.1
U112439,P96018,4.4
U112440,P37536,4.1
U112440,P80131,3.9
U112441,P68663,3.3
U112441,P96924,3.8
U112442,P22243,4.7
U112442,P53472,3.9
U112442,P82989,3.8
U112443,P82541,4.1
U112444,P46371,3.9
U112444,P94960,3.8
U112445,P12367,4.0
U112446,P71058,3.9
U112447,P50160,4.4
U112447,P78742,3.6
U112449,P77257,3.7
U112451,P44724,3.4
U112451,P85992,3.8
U112452,P67605,3.8
U112453,P42096,3.2
U112455,P28848,3.5
U112455,P36974,3.6
U112455,P83334,3.4
U112456,P63201,4.1
U112457,P35416,4.3
U112457,P75840,2.7
U112458,P16906,3.6
U112458,P73889,4.5
U112459,P10915,3.8
U112459,P77989,4.4
U112460,P53855,3.0
U112461,P59635,3.9
U112465,P95212,4.7
U112466,P20310,3.8
U112466,P38807,4.0
U112466,P84179,4.0
U112467,P20311,3.5
U112467,P91695,4.1
U112470,P17248,4.2
U112470,P64422,4.7
U112470,P78127,4.2
U112471,P43204,4.2
U112473,P68048,4.9
U112474,P36636,4.2
U112474,P66814,3.2
U112474,P75347,3.5
U112477,P74582,4.0
U112478,P17694,3.4
U112479,P32332,4.3
U112481,P17891,3.6
U112481,P18050,3.9
U112482,P41940,4.2
U112484,P55199,3.6
U112486,P73299,4.3
U112487,P24892,3.9
U112487,P77935,4.3
U112488,P14144,3.9
U112488,P82763,3.5
U112490,P28442,4.7
U112492,P58830,4.2
U112493,P12170,4.2
U112494,P71941,3.8
U112495,P15129,4.0
U112498,P38803,3.7
U112498,P82566,4.7
U112502,P34968,5.0
U112506,P43970,4.3
U112506,P48253,4.1
U112508,P29342,3.3
U112508,P88207,4.0
U112509,P48576,3.1
U112510,P15570,3.5
U112511,P61375,4.6
U112513,P40573,3.1
U112513,P81279,2.9
U112513,P84347,4.2
U112514,P13875,4.3
U112514,P38866,4.3
U112514,P63511,4.4
U112514,P72155,4.7
U112514,P72733,3.2
U112514,P87702,3.0
U112516,P34545,4.0
U112516,P49322,3.8
U112517,P38443,4.3
U112519,P85519,3.6
U112520,P76088,3.5
U112520,P87350,4.9
U112522,P23419,4.4
U112522,P34275,2.6
U112522,P93321,4.2
U112523,P85210,3.8
U112526,P48391,3.6
U112527,P24180,2.8
U112528,P37581,3.8
U112529,P93714,4.4
U112530,P80690,4.0
U112531,P87348,4.1
U112533,P84367,4.0
U112533,P92009,3.8
U112534,P10978,3.2
U112534,P97532,3.6
U112535,P69829,3.8
U112535,P81091,4.6
U112536,P19130,3.1
U112536,P38281,4.3
U112536,P67815,3.0
U112536,P70986,4.2
U112537,P64193,4.1
U112537,P70158,4.3
U112538,P98889,3.6
U112540,P59618,3.9
U112540,P86849,3.9
U112542,P14315,4.7
U112542,P18665,4.3
U112542,P78476,4.2
U112542,P96378,4.2
U112544,P17124,3.6
U112544,P87222,4.5
U112549,P98125,4.1
U112550,P13296,3.7
U112550,P68905,4.4
U112552,P11307,3.6
U112553,P32304,5.0
U112553,P70775,3.5
U112554,P57230,4.7
U112556,P24900,2.9
U112557,P23680,2.9
U112557,P41775,3.0
U112558,P73994,4.0
U112559,P31316,3.4
U112559,P61300,3.6
U112559,P77262,3.5
U112560,P99819,4.3
U112561,P52116,4.5
U112564,P76805,3.6
U112565,P97301,3.7
U112565,P98445,3.4
U112567,P28847,3.4
U112567,P41761,4.2
U112567,P90835,3.1
U112568,P11561,4.3
U112569,P43075,4.0
U112569,P78419,4.6
U112569,P92445,3.4
U112570,P77308,4.2
U112571,P30115,3.7
U112571,P83949,4.7
U112572,P73299,4.6
U112576,P46297,2.9
U112577,P98349,3.7
U112579,P56788,3.7
U112580,P55098,4.1
U112580,P73889,4.7
U112580,P97639,4.3
U112581,P98408,4.7
U112582,P32162,3.9
U112583,P17202,3.2
U112583,P18553,4.7
U112583,P47265,3.5
U112583,P51627,4.8
U112584,P39834,3.7
U112585,P95807,3.5
U112586,P18988,4.6
U112587,P13839,3.7
U112587,P18595,3.4
U112587,P23820,4.3
U112587,P29813,3.6
U112587,P77505,4.0
U112587,P98556,3.2
U112590,P18643,3.7
U112593,P20251,3.4
U112593,P33938,3.5
U112594,P19635,3.6
U112595,P40339,4.0
U112597,P15764,3.4
U112597,P69851,3.1
U112601,P94214,3.3
U112601,P99050,4.3
U112603,P68155,4.2
U112604,P77030,3.2
U112604,P87968,3.9
U112606,P40626,3.7
U112606,P85407,4.0
U112607,P80386,4.2
U112607,P85783,3.5
U112607,P87777,3.3
U112608,P15177,4.7
U112609,P11146,4.4
U112609,P55177,4.2
U112611,P73792,3.5
U112611,P83094,4.1
U112614,P14979,4.4
U112615,P14403,4.3
U112615,P41160,3.3
U112615,P95377,4.4
U112615,P98776,3.7
U112616,P64342,3.0
U112617,P61312,4.1
U112617,P83001,4.0
U112619,P39696,3.4
U112619,P46957,4.1
U112619,P54897,3.8
U112621,P15952,3.5
U112622,P34827,5.0
U112622,P61815,4.9
U112622,P89104,3.3
U112624,P10673,3.8
U112624,P59504,3.8
U112624,P62988,3.9
U112625,P68657,3.4
U112626,P15211,4.2
U112626,P71504,3.6
U112627,P10105,3.7
U112628,P66059,4.7
U112631,P37366,3.6
U112631,P55446,3.1
U112631,P88438,3.7
U112636,P17326,4.1
U112639,P35893,3.2
U112640,P15763,4.3
U112640,P42319,3.4
U112641,P20902,4.2
U112641,P37098,3.3
U112641,P46615,4.5
U112641,P53518,4.3
U112642,P38104,3.7
U112643,P13401,3.6
U112643,P44852,3.6
U112645,P59156,3.0
U112645,P88966,3.7
U112648,P92947,4.3
U112651,P15408,4.1
U112651,P78114,3.9
U112651,P84624,4.0
U112652,P52899,3.9
U112653,P24079,4.5
U112653,P88533,3.7
U112653,P99245,3.3
U112654,P29706,4.7
U112654,P82023,4.0
U112655,P44210,4.7
U112655,P74349,4.0
U112657,P46300,3.2
U112658,P90179,2.8
U112659,P11579,3.6
U112659,P16170,4.0
U112659,P31439,3.6
U112659,P96958,4.0
U112660,P19378,3.3
U112663,P88189,3.8
U112668,P89698,3.6
U112673,P98999,3.2
U112674,P18736,3.3
U112675,P23697,4.2
U112675,P76873,4.3
U112678,P63512,4.7
U112679,P12990,4.5
U112679,P79556,4.2
U112679,P83600,3.2
U112679,P88665,2.9
U112681,P47564,3.5
U112681,P72889,4.1
U112682,P29688,4.1
U112682,P68528,3.6
U112682,P84491,4.7
U112683,P35762,3.7
U112685,P87223,3.9
U112686,P23393,4.2
U112687,P49782,4.8
U112691,P72192,3.6
U112692,P80245,2.9
U112693,P51736,3.9
U112693,P55864,3.2
U112693,P97200,4.1
U112694,P62013,4.5
U112695,P30754,3.0
U112696,P17874,4.3
U112696,P80100,4.0
U112697,P21791,4.8
U112698,P74565,3.9
U112699,P53341,4.4
U112702,P78880,3.3
U112702,P92396,3.7
U112703,P73780,3.6
U112704,P86530,4.3
U112704,P86617,3.2
U112704,P98083,4.2
U112704,P98400,4.2
U112705,P13000,3.2
U112705,P95148,4.3
U112706,P50067,4.9
U112708,P61297,3.8
U112709,P20751,3.8
U112709,P21125,5.0
U112709,P45826,3.5
U112709,P59480,3.8
U112710,P11489,4.8
U112711,P32936,5.0
U112712,P44791,4.7
U112712,P46721,3.5
U112712,P93332,4.0
U112713,P20764,4.5
U112713,P50567,3.1
U112713,P92186,4.4
U112717,P68098,3.8
U112718,P13504,3.7
U112718,P63900,3.2
U112719,P20254,3.7
U112719,P69698,4.2
U112719,P79885,4.3
U112720,P48404,3.7
U112720,P98086,3.5
U112722,P58015,2.9
U112723,P52712,4.3
U112723,P56858,3.8
U112724,P53495,4.6
U112725,P23867,4.0
U112725,P46152,4.1
U112725,P81439,3.9
U112727,P20115,3.9
U112730,P10563,3.8
U112730,P21157,4.0
U112730,P83541,4.2
U112731,P50572,3.8
U112731,P99306,3.1
U112732,P24553,3.9
U112732,P88883,4.1
U112733,P45931,3.8
U112733,P95631,3.7
U112734,P36613,3.2
U112734,P46067,3.3
U112735,P56323,4.7
U112735,P82916,4.2
U112737,P18794,3.8
U112737,P26623,4.3
U112737,P39777,4.0
U112738,P29433,4.3
U112738,P53524,3.6
U112739,P43405,4.4
U112740,P90750,3.3
U112741,P56957,5.0
U112744,P40555,3.4
U112745,P71950,4.3
U112746,P32925,3.8
U112747,P25712,3.0
U112747,P41985,3.1
U112747,P80789,3.9
U112748,P43558,4.0
U112748,P54526,3.5
U112749,P13482,2.8
U112751,P27175,3.9
U112752,P35814,4.2
U112753,P59929,4.2
U112753,P76867,3.5
U112755,P27165,3.7
U112756,P14906,3.0
U112756,P31073,4.1
U112756,P96484,3.9
U112757,P26711,3.4
U112757,P38822,3.3
U112757,P40026,3.7
U112757,P85648,3.2
U112759,P49855,4.4
U112760,P59307,3.4
U112761,P88334,3.4
U112764,P12558,3.9
U112764,P34232,2.4
U112764,P61583,3.8
U112766,P83082,3.6
U112768,P20675,3.6
U112768,P76508,3.1
U112769,P68232,4.1
U112769,P85286,3.8
U112772,P30745,4.2
U112773,P37781,3.8
U112775,P91072,4.0
U112780,P66981,4.1
U112781,P98291,5.0
U112782,P47309,2.8
U112782,P52525,5.0
U112783,P14636,4.8
U112783,P37735,4.3
U112783,P67391,5.0
U112785,P92506,4.7
U112790,P23807,3.9
U112790,P32682,3.1
U112790,P71960,3.5
U112792,P41303,4.3
U112792,P70304,4.4
U112793,P52712,3.5
U112793,P58695,4.1
U112794,P83996,4.2
U112796,P13614,3.6
U112796,P37783,4.3
U112796,P44282,3.7
U112797,P27481,3.7
U112797,P51816,5.0
U112798,P22059,3.6
U112798,P62361,3.9
U112798,P86323,3.9
U112799,P66052,3.7
U112799,P67845,4.1
U112801,P93572,3.9
U112802,P71513,3.7
U112802,P99875,4.0
U112803,P54342,4.3
U112804,P28997,3.4
U112804,P97843,4.4
U112806,P47329,3.3
U112807,P31440,5.0
U112807,P62058,4.5
U112809,P57125,4.1
U112811,P77808,3.2
U112813,P34000,4.4
U112813,P62746,4.0
U112814,P13196,3.6
U112814,P36421,3.9
U112816,P26066,4.2
U112818,P22741,4.5
U112819,P49970,4.0
U112820,P33839,4.7
U112820,P44470,4.7
U112820,P85283,3.2
U112821,P17875,4.1
U112821,P65577,3.9
U112823,P19672,4.0
U112823,P50559,4.3
U112823,P71135,4.3
U112823,P74740,3.9
U112824,P69483,4.1
U112824,P84118,3.5
U112825,P37406,3.6
U112826,P50430,3.8
U112827,P19687,5.0
U112827,P49140,4.4
U112827,P57204,4.4
U112827,P74703,4.5
U112828,P71394,4.1
U112829,P39213,4.1
U112829,P51493,4.3
U112829,P60367,3.6
U112830,P12870,3.5
U112832,P91219,4.0
U112833,P36679,3.5
U112836,P51758,4.2
U112836,P77220,3.1
U112837,P54366,4.6
U112838,P79784,4.1
U112838,P87208,3.2
U112839,P60534,4.8
U112839,P78984,4.1
U112840,P67037,4.8
U112840,P69245,4.5
U112840,P72496,4.1
U112843,P59626,3.3
U112844,P34240,5.0
U112845,P16491,3.8
U112846,P77318,4.4
U112848,P77112,3.6
U112850,P42395,4.3
U112850,P50119,4.0
U112856,P11421,4.1
U112856,P24422,3.8
U112860,P10185,4.0
U112860,P76735,4.2
U112861,P65898,4.5
U112861,P80083,3.7
U112864,P47881,4.0
U112866,P31700,3.9
U112866,P62826,4.1
U112868,P36569,3.9
U112869,P15554,3.8
U112870,P16744,4.4
U112870,P19143,4.3
U112870,P61132,4.5
U112870,P76274,3.6
U112872,P27879,4.1
U112873,P69335,4.2
U112874,P12647,3.6
U112874,P14830,3.8
U112875,P69331,4.2
U112876,P24214,4.5
U112878,P77390,4.8
U112883,P29414,4.3
U112883,P65244,3.6
U112884,P14078,3.0
U112886,P73731,4.0
U112886,P83802,3.6
U112887,P95293,4.2
U112888,P40780,3.0
U112888,P45211,3.6
U112889,P23039,3.5
U112889,P72639,4.0
U112890,P77948,4.5
U112892,P51902,3.8
U112893,P55322,3.4
U112893,P91069,4.2
U112894,P65675,3.3
U112896,P73876,4.3
U112896,P75314,3.7
U112897,P20455,3.3
U112897,P90911,3.6
U112898,P86455,3.1
U112898,P99776,4.8
U112899,P37196,3.5
U112899,P90619,2.7
U112900,P51068,3.3
U112900,P65713,2.8
U112900,P89643,3.6
U112901,P20319,3.9
U112901,P23298,4.4
U112901,P27460,4.0
U112902,P12909,5.0
U112902,P30486,4.3
U112903,P42225,3.5
U112903,P84356,3.6
U112904,P65552,4.6
U112906,P28022,3.3
U112906,P62405,3.3
U112908,P75268,3.6
U112909,P89896,4.6
U112910,P50668,4.0
U112912,P25905,3.6
U112913,P24782,3.9
U112916,P81722,4.5
U112917,P76243,4.3
U112920,P60494,3.6
U112921,P91343,4.1
U112922,P82973,3.2
U112923,P46200,4.0
U112923,P60122,4.0
U112924,P23380,4.0
U112926,P94135,3.5
U112927,P53173,4.0
U112927,P72313,4.9
U112928,P70491,3.8
U112928,P98793,4.6
U112929,P64846,3.1
U112931,P19632,4.3
U112931,P27906,4.1
U112932,P36654,4.2
U112933,P56172,4.1
U112934,P36294,4.4
U112935,P20132,4.1
U112936,P17642,4.5
U112936,P63520,4.4
U112936,P96807,5.0
U112938,P54875,3.7
U112939,P14506,4.4
U112939,P98517,4.4
U112940,P60476,3.0
U112941,P15915,4.7
U112941,P36760,3.1
U112942,P26677,4.2
U112943,P77549,4.1
U112946,P40680,3.6
U112946,P42360,3.9
U112946,P54916,3.5
U112947,P16321,3.4
U112947,P74455,4.4
U112949,P91971,4.4
U112952,P56585,3.5
U112952,P77170,3.8
U112953,P52814,3.8
U112953,P83308,4.3
U112955,P85037,4.3
U112956,P10147,4.4
U112956,P33071,3.8
U112956,P43410,4.2
U112957,P65412,3.6
U112957,P97980,4.3
U112958,P40299,2.9
U112959,P16743,3.8
U112959,P90482,4.1
U112961,P56069,4.2
U112964,P27865,3.5
U112964,P30373,4.6
U112965,P61757,4.1
U112965,P64225,3.3
U112967,P59906,4.4
U112968,P21658,3.6
U112968,P49956,4.2
U112969,P39660,3.9
U112969,P87381,3.0
U112970,P18325,3.7
U112970,P35873,4.1
U112970,P64617,3.9
U112970,P76460,3.2
U112970,P82866,3.9
U112971,P30026,5.0
U112971,P41047,3.7
U112973,P11459,4.0
U112974,P83016,4.0
U112974,P99211,4.0
U112975,P33710,4.2
U112975,P52592,3.5
U112975,P90828,4.2
U112976,P10705,3.7
U112976,P97662,4.4
U112978,P31737,3.8
U112980,P39971,4.5
U112980,P79701,4.0
U112981,P10438,3.6
U112983,P54013,3.1
U112984,P11924,4.6
U112984,P53017,4.7
U112986,P82712,4.1
U112987,P22928,4.3
U112987,P65802,4.2
U112987,P88015,4.3
U112990,P72619,4.1
U112991,P55479,4.0
U112993,P28752,4.3
U112993,P71601,4.8
U112996,P81211,3.6
U112998,P34579,3.5
U112998,P84550,3.7
U112999,P50799,4.6
U113000,P80524,4.2
U113001,P14976,3.7
U113001,P36024,4.2
U113003,P68995,3.5
U113005,P80669,3.4
U113005,P85186,3.4
U113006,P45772,4.5
U113006,P72826,3.9
U113006,P79449,3.3
U113011,P19062,3.9
U113011,P63423,4.4
U113011,P92445,3.5
U113012,P98729,4.2
U113013,P86753,4.5
U113014,P66095,4.7
U113015,P99100,3.9
U113016,P26620,4.4
U113017,P64634,3.6
U113020,P57757,3.6
U113022,P68808,4.3
U113024,P37288,3.9
U113024,P70968,3.4
U113026,P71045,3.6
U113027,P84402,3.7
U113029,P15714,3.2
U113029,P21979,4.4
U113030,P41660,4.2
U113031,P37760,3.7
U113031,P44309,4.0
U113032,P76489,4.0
U113033,P20016,3.5
U113034,P30857,3.3
U113035,P44280,3.9
U113036,P18154,3.7
U113036,P27428,4.2
U113036,P31483,3.9
U113038,P40617,3.7
U113038,P47523,3.2
U113039,P22125,3.4
U113040,P15739,3.6
U113040,P31300,3.6
U113040,P72641,4.3
U113041,P61130,4.0
U113042,P45221,3.3
U113044,P40548,3.4
U113044,P82160,4.1
U113046,P37290,3.0
U113046,P61881,4.7
U113047,P38533,2.4
U113049,P67971,3.1
U113050,P33880,4.4
U113050,P90640,4.0
U113053,P21533,4.6
U113053,P91608,4.2
U113055,P10871,4.0
U113056,P36665,3.6
U113056,P97174,3.7
U113057,P52585,4.1
U113061,P14451,3.6
U113063,P12838,3.9
U113063,P14508,3.8
U113064,P55232,4.7
U113064,P93049,4.6
U113065,P93042,4.5
U113067,P57092,3.6
U113068,P97093,4.0
U113070,P47672,3.8
U113070,P58164,3.8
U113073,P59132,2.8
U113073,P89223,3.3
U113076,P27827,4.1
U113076,P43796,3.6
U113076,P63368,3.6
U113076,P80144,3.9
U113077,P34148,3.6
U113077,P44805,4.3
U113077,P73662,4.1
U113078,P47861,4.4
U113078,P86322,4.3
U113079,P19300,3.6
U113079,P59721,4.6
U113079,P61545,4.0
U113079,P64350,4.5
U113080,P12005,4.8
U113081,P96284,4.0
U113082,P24169,4.6
U113083,P11800,4.2
U113083,P78456,2.6
U113084,P68123,3.2
U113084,P94038,3.9
U113085,P12936,4.4
U113085,P40932,3.6
U113086,P30591,4.0
U113087,P26456,4.1
U113087,P55629,4.1
U113087,P64121,3.8
U113087,P90372,3.5
U113089,P27361,4.4
U113089,P73832,3.2
U113091,P60699,3.3
U113091,P65052,4.2
U113093,P87590,4.1
U113094,P26573,3.9
U113095,P10557,4.0
U113095,P62939,4.7
U113096,P37844,5.0
U113096,P52906,4.4
U113097,P21255,3.5
U113097,P31206,4.7
U113098,P13813,3.9
U113098,P88070,3.7
U113101,P55836,4.3
U113102,P49148,4.2
U113102,P87899,4.6
U113103,P36298,4.3
U113103,P88749,3.5
U113103,P94195,3.5
U113105,P60910,4.4
U113108,P66207,3.4
U113108,P71333,4.1
U113109,P75597,3.8
U113111,P26286,3.8
U113111,P89545,3.6
U113113,P39513,3.9
U113114,P32879,3.9
U113114,P34933,3.3
U113117,P16556,3.7
U113117,P78182,4.1
U113118,P27201,3.3
U113118,P50566,4.8
U113118,P87345,3.3
U113119,P78415,3.9
U113120,P32785,4.1
U113121,P28697,3.7
U113121,P52210,3.7
U113123,P77698,4.7
U113124,P10353,3.0
U113124,P74537,3.7
U113125,P70047,4.0
U113125,P81746,3.5
U113127,P14188,4.0
U113127,P15808,4.9
U113128,P95246,3.8
U113129,P80396,3.8
U113129,P82946,4.4
U113130,P22729,4.4
U113130,P66369,4.8
U113132,P27187,4.2
U113132,P50845,4.3
U113132,P90780,3.5
U113134,P60586,4.2
U113134,P77959,4.5
U113136,P90064,3.2
U113138,P63912,3.4
U113139,P19399,5.0
U113139,P31834,2.9
U113139,P76272,4.3
U113140,P14406,4.2
U113140,P35495,4.3
U113140,P67610,4.1
U113141,P90051,4.1
U113148,P52436,3.8
U113149,P64132,4.2
U113151,P60307,4.4
U113152,P14870,3.9
U113152,P41663,4.1
U113152,P79158,3.1
U113153,P77955,4.0
U113154,P29188,3.9
U113157,P24345,3.6
U113157,P27413,4.0
U113158,P77150,4.2
U113158,P77190,3.3
U113159,P35410,4.7
U113159,P67363,3.2
U113159,P80176,3.1
U113161,P79043,3.4
U113162,P72609,3.7
U113164,P74532,3.5
U113168,P65582,4.9
U113169,P41815,4.3
U113169,P83037,3.5
U113170,P20701,3.5
U113170,P64432,3.6
U113172,P36736,3.5
U113172,P76076,3.4
U113173,P38196,4.6
U113173,P81079,4.4
U113174,P11309,4.0
U113174,P17239,4.0
U113174,P76275,4.4
U113175,P13465,3.0
U113175,P86266,3.6
U113176,P67606,5.0
U113177,P41863,4.1
U113177,P56436,3.7
U113178,P12317,4.2
U113178,P26688,3.8
U113178,P34383,4.8
U113178,P90544,4.4
U113179,P11735,3.3
U113180,P48232,3.5
U113181,P50290,4.1
U113182,P40010,4.2
U113182,P65245,3.8
U113182,P86861,3.5
U113183,P13403,3.3
U113183,P19869,4.4
U113184,P19836,4.4
U113185,P24379,4.1
U113186,P26129,4.3
U113187,P73874,4.0
U113188,P69277,4.2
U113190,P52464,4.3
U113191,P92201,3.5
U113192,P24697,3.3
U113196,P43117,4.7
U113197,P71686,3.1
U113198,P66348,4.6
U113200,P17955,3.7
U113200,P38071,4.4
U113201,P18412,3.1
U113201,P31818,4.2
U113201,P45853,3.9
U113203,P18413,3.3
U113204,P12758,3.6
U113204,P27709,3.7
U113204,P50514,4.3
U113205,P31444,3.6
U113206,P84560,5.0
U113207,P87115,4.2
U113208,P88786,4.2
U113211,P30589,4.6
U113213,P76752,4.1
U113214,P33835,4.0
U113214,P84621,3.8
U113215,P74397,3.9
U113216,P14482,4.9
U113216,P24521,5.0
U113218,P76251,4.0
U113219,P18182,4.8
U113220,P74506,3.5
U113220,P81691,4.0
U113221,P14599,4.8
U113222,P20378,3.6
U113222,P77839,3.8
U113223,P83399,3.4
U113224,P47071,5.0
U113227,P72303,3.8
U113227,P95656,3.9
U113228,P23565,3.8
U113229,P49690,3.3
U113230,P16869,4.0
U113231,P44130,3.5
U113232,P34287,4.1
U113232,P72200,4.1
U113232,P72882,4.6
U113235,P10733,3.4
U113237,P24581,3.7
U113237,P51754,4.4
U113237,P84230,4.4
U113238,P16921,2.8
U113238,P31088,4.1
U113239,P26903,4.0
U113239,P55525,4.2
U113240,P45506,3.2
U113240,P97585,4.1
U113241,P14981,4.0
U113242,P86200,3.8
U113243,P31550,4.0
U113243,P48992,3.6
U113243,P80612,3.2
U113245,P39344,4.8
U113246,P20870,4.1
U113248,P37969,3.5
U113248,P87781,3.9
U113249,P96881,4.6
U113249,P97563,4.2
U113251,P43634,3.6
U113252,P96012,4.7
U113253,P24499,4.1
U113253,P73297,3.6
U113254,P65043,3.2
U113255,P17256,3.5
U113255,P22679,4.0
U113255,P77828,3.2
U113257,P53359,3.7
U113261,P20211,4.2
U113262,P76187,4.6
U113266,P88116,3.8
U113267,P43926,4.0
U113271,P75372,3.7
U113273,P83933,4.0
U113274,P46321,3.3
U113274,P95807,4.9
U113279,P31881,3.9
U113280,P62587,2.6
U113282,P63765,3.3
U113283,P55283,4.7
U113284,P44070,4.4
U113284,P98931,3.7
U113285,P22994,3.9
U113285,P30659,3.4
U113286,P18161,3.6
U113286,P90925,3.1
U113287,P70289,3.4
U113291,P74008,2.8
U113292,P33402,3.8
U113292,P39308,4.5
U113293,P16854,3.7
U113293,P39765,3.7
U113293,P69832,3.9
U113295,P54611,3.1
U113298,P36548,3.1
U113298,P45909,3.7
U113298,P58942,3.2
U113299,P45990,5.0
U113299,P72378,4.7
U113300,P24583,3.0
U113302,P76407,3.9
U113304,P16766,4.1
U113305,P34822,4.6
U113306,P38503,3.9
U113309,P24260,3.6
U113309,P38656,4.4
U113314,P10918,4.1
U113314,P82141,4.6
U113315,P31746,3.5
U113315,P39072,4.4
U113316,P29150,3.9
U113317,P75596,3.7
U113318,P81528,3.5
U113319,P51494,4.0
U113319,P51818,3.2
U113319,P57096,4.1
U113320,P20108,3.7
U113320,P48546,3.2
U113324,P79726,3.6
U113325,P68457,4.1
U113327,P50534,2.7
U113328,P20991,3.1
U113328,P27832,4.6
U113328,P87301,3.0
U113332,P21914,3.9
U113333,P35378,3.8
U113334,P24698,3.9
U113334,P83077,4.0
U113338,P65534,4.9
U113338,P76487,3.6
U113339,P43642,3.7
U113340,P32091,3.6
U113341,P14238,4.6
U113341,P15909,4.6
U113342,P64547,3.7
U113344,P61483,3.6
U113347,P57671,3.1
U113348,P40945,4.1
U113348,P95486,5.0
U113349,P20154,4.3
U113349,P43570,2.8
U113350,P73803,3.8
U113351,P12065,4.9
U113353,P80030,4.8
U113353,P96946,4.1
U113354,P50889,3.9
U113355,P46583,2.8
U113355,P49153,3.9
U113355,P53434,3.0
U113355,P70051,3.2
U113356,P97666,4.1
U113357,P46298,4.1
U113358,P40481,4.4
U113359,P23507,3.6
U113360,P39448,4.5
U113360,P66201,3.8
U113361,P39034,4.1
U113362,P38959,3.9
U113365,P38972,4.2
U113365,P74766,4.5
U113368,P98032,3.9
U113369,P36461,3.2
U113369,P73149,4.0
U113370,P20989,4.1
U113370,P23155,4.4
U113372,P27165,3.1
U113372,P43205,3.5
U113372,P80616,3.9
U113374,P72639,4.1
U113374,P83008,3.9
U113375,P19071,4.7
U113375,P40620,3.4
U113377,P22831,4.2
U113377,P75227,3.4
U113378,P17479,3.5
U113379,P54284,3.7
U113379,P64729,4.1
U113380,P36758,3.8
U113383,P15970,3.9
U113384,P55023,4.6
U113385,P55352,4.3
U113386,P16932,4.7
U113388,P56665,4.2
U113390,P34306,4.0
U113390,P35133,5.0
U113390,P67730,3.8
U113391,P25856,4.4
U113392,P14567,4.5
U113392,P16015,4.4
U113392,P66204,3.1
U113393,P14665,2.9
U113395,P16872,3.3
U113395,P39807,4.4
U113396,P86316,3.9
U113398,P45047,3.6
U113399,P73195,3.3
U113400,P92306,3.1
U113402,P44423,3.6
U113402,P59904,3.7
U113402,P84745,4.9
U113403,P35947,2.9
U113403,P55324,4.2
U113403,P82880,3.6
U113407,P29884,3.3
U113407,P86827,3.8
U113408,P80519,4.3
U113411,P22484,4.5
U113411,P35951,3.1
U113411,P42725,4.2
U113411,P72343,4.0
U113412,P51085,3.5
U113412,P99481,3.3
U113416,P13276,4.0
U113416,P25986,3.8
U113416,P27103,4.5
U113417,P65856,3.8
U113418,P51886,4.0
U113419,P30952,4.1
U113420,P59424,4.6
U113421,P19171,4.9
U113422,P42540,4.0
U113425,P35681,4.2
U113426,P29728,3.8
U113427,P49681,3.9
U113428,P28562,3.8
U113428,P75305,3.4
U113428,P94875,4.3
U113430,P18481,3.5
U113430,P87738,3.9
U113433,P71783,2.8
U113439,P57951,3.9
U113440,P40961,4.0
U113440,P57014,4.3
U113444,P16678,2.8
U113444,P59093,3.9
U113444,P82005,3.6
U113444,P93855,3.7
U113444,P95003,3.8
U113445,P46318,3.7
U113447,P52092,4.0
U113448,P86438,4.5
U113449,P41542,3.7
U113450,P28010,4.4
U113450,P37403,5.0
U113451,P32804,4.3
U113451,P53846,3.8
U113451,P59560,3.3
U113453,P76205,4.4
U113453,P89511,4.4
U113454,P20443,3.5
U113454,P71702,4.2
U113454,P93994,3.7
U113455,P55197,2.6
U113455,P55659,4.0
U113456,P52004,4.5
U113457,P25022,3.9
U113457,P80124,3.8
U113459,P88893,3.4
U113459,P93543,4.3
U113460,P73403,3.5
U113461,P24634,3.7
U113461,P27269,3.7
U113461,P38480,4.2
U113464,P54925,4.1
U113464,P61382,4.3
U113465,P78912,3.8
U113465,P97090,3.8
U113466,P76743,4.6
U113466,P81660,3.1
U113466,P85075,3.9
U113466,P90699,4.1
U113469,P15977,3.6
U113469,P60086,3.7
U113471,P29412,3.5
U113471,P30118,4.3
U113471,P84823,3.8
U113472,P68972,3.1
U113474,P11316,3.5
U113476,P73245,4.1
U113478,P30278,4.3
U113481,P92937,4.5
U113482,P43449,3.8
U113482,P80785,4.3
U113483,P37639,3.4
U113484,P77543,4.0
U113484,P93933,4.3
U113486,P25345,4.5
U113487,P41952,4.3
U113488,P40998,4.4
U113489,P37499,4.0
U113489,P77083,4.0
U113490,P28994,4.6
U113490,P39964,4.0
U113490,P45490,3.7
U113490,P94529,4.3
U113493,P25769,2.5
U113493,P36632,3.3
U113493,P41085,3.6
U113493,P61363,3.2
U113494,P31279,3.2
U113495,P32388,3.9
U113495,P40222,3.4
U113495,P55653,3.8
U113498,P68924,4.3
U113499,P37076,3.0
U113499,P71684,4.2
U113500,P48333,4.1
U113501,P11546,3.6
U113501,P57806,3.9
U113501,P67511,3.6
U113501,P74026,4.0
U113503,P16052,3.5
U113503,P84440,4.2
U113504,P32036,3.9
U113504,P42419,3.5
U113504,P73966,3.8
U113504,P79632,3.4
U113504,P91468,4.4
U113505,P71298,3.4
U113505,P75463,4.2
U113507,P59157,4.4
U113508,P81484,4.6
U113509,P68065,3.6
U113509,P84959,4.3
U113510,P23959,4.0
U113510,P35750,4.2
U113511,P27136,3.6
U113512,P69542,2.9
U113513,P78550,3.8
U113515,P45217,4.1
U113515,P58123,4.3
U113516,P35861,3.9
U113516,P53275,4.4
U113516,P69500,4.3
U113517,P89059,3.9
U113519,P14669,3.3
U113520,P64285,3.0
U113522,P58044,4.2
U113522,P58857,4.7
U113522,P78030,4.8
U113522,P89798,4.9
U113524,P22718,3.4
U113524,P45420,3.3
U113525,P79629,4.7
U113525,P94708,4.0
U113527,P66471,3.8
U113529,P79637,2.7
U113529,P89934,3.9
U113531,P19520,4.2
U113531,P74953,4.4
U113532,P30863,4.3
U113532,P79577,3.8
U113533,P62844,3.6
U113535,P98637,4.6
U113536,P83774,3.9
U113537,P11092,3.4
U113537,P37283,3.3
U113537,P43283,4.1
U113537,P59145,4.1
U113537,P84580,4.2
U113538,P12183,3.7
U113538,P31160,3.8
U113539,P36046,4.2
U113540,P69107,4.1
U113541,P40528,3.5
U113541,P56301,5.0
U113541,P68871,4.3
U113541,P71804,3.2
U113543,P26990,4.5
U113547,P90004,3.1
U113548,P29359,3.3
U113549,P88307,3.8
U113550,P58228,4.7
U113551,P27252,3.4
U113552,P16597,3.5
U113553,P91655,3.4
U113554,P25783,4.2
U113554,P30001,4.1
U113554,P39365,3.6
U113556,P25230,4.2
U113560,P62653,4.3
U113561,P30024,4.3
U113561,P51521,4.6
U113561,P65640,3.8
U113562,P78831,3.4
U113562,P93021,4.6
U113564,P63692,4.9
U113565,P39465,3.1
U113565,P59248,4.0
U113566,P43074,3.8
U113567,P58757,4.6
U113568,P23229,3.4
U113569,P55686,4.1
U113571,P83675,4.5
U113572,P37722,3.5
U113572,P74101,3.2
U113572,P91986,3.5
U113572,P93869,3.9
U113573,P15272,5.0
U113573,P15634,5.0
U113573,P25706,3.7
U113573,P90961,3.8
U113576,P51026,2.8
U113576,P68835,3.6
U113576,P94713,3.0
U113578,P37899,4.2
U113578,P61274,4.1
U113578,P76941,4.1
U113579,P36409,4.4
U113580,P53493,3.4
U113582,P19641,4.5
U113582,P23957,3.5
U113582,P61855,3.4
U113582,P67253,4.2
U113582,P83155,3.7
U113583,P15149,4.4
U113583,P42451,4.0
U113583,P79094,4.1
U113583,P87258,3.9
U113586,P81022,4.2
U113586,P84330,2.8
U113588,P68460,4.7
U113589,P25553,3.4
U113591,P35650,3.5
U113591,P73157,4.1
U113592,P75737,3.4
U113593,P19870,4.3
U113596,P51934,3.7
U113597,P73818,3.6
U113598,P87279,3.7
U113599,P31884,4.3
U113599,P76950,3.0
U113600,P15000,4.2
U113602,P25970,3.6
U113603,P46648,3.6
U113605,P15937,4.3
U113605,P31972,2.5
U113605,P63833,3.8
U113606,P44294,3.8
U113606,P73335,3.9
U113607,P15475,3.1
U113607,P59569,3.2
U113608,P34441,4.1
U113611,P81939,3.2
U113611,P99371,4.1
U113612,P63257,4.0
U113612,P74853,5.0
U113612,P83504,3.4
U113613,P47922,2.8
U113613,P64516,3.4
U113613,P82657,3.9
U113618,P70739,4.6
U113619,P12951,3.4
U113619,P77875,3.8
U113620,P57926,4.8
U113622,P19983,4.3
U113622,P40317,4.2
U113622,P46315,4.3
U113623,P36250,4.4
U113625,P92512,3.5
U113626,P21779,4.3
U113627,P18777,3.1
U113628,P37976,3.3
U113628,P41666,3.4
U113628,P47511,3.9
U113628,P62438,3.7
U113628,P96904,2.7
U113629,P30556,4.4
U113629,P35895,3.1
U113629,P48331,5.0
U113631,P73718,5.0
U113632,P58823,4.8
U113632,P93315,4.2
U113633,P17261,3.9
U113633,P75569,3.7
U113634,P96334,3.8
U113635,P86189,4.6
U113635,P93415,4.3
U113636,P89191,3.6
U113639,P65379,3.7
U113639,P69527,3.8
U113640,P80002,4.6
U113641,P96952,3.4
U113642,P37960,4.4
U113642,P65544,3.8
U113642,P68944,3.0
U113643,P50603,3.6
U113644,P78644,4.8
U113646,P88635,4.2
U113646,P91774,4.0
U113647,P50926,3.3
U113648,P21837,3.5
U113648,P43065,4.2
U113648,P52736,4.2
U113649,P97461,4.6
U113651,P93271,4.0
U113652,P15106,4.2
U113652,P50003,3.5
U113653,P43763,4.8
U113654,P44482,4.3
U113655,P59115,3.7
U113655,P80582,3.9
U113655,P89807,4.0
U113657,P82347,3.9
U113659,P15448,3.8
U113660,P26231,4.9
U113661,P42351,4.6
U113661,P81965,4.3
U113661,P86450,3.2
U113663,P74217,4.5
U113665,P69640,3.9
U113665,P82095,3.9
U113666,P38140,4.4
U113666,P42765,4.5
U113667,P59255,3.8
U113670,P66690,3.6
U113671,P10180,3.8
U113671,P96954,3.5
U113672,P72516,4.4
U113673,P48558,3.4
U113674,P92200,4.5
U113675,P36206,3.7
U113676,P80808,3.7
U113677,P14599,3.5
U113677,P89959,4.4
U113678,P19051,3.8
U113678,P70913,3.7
U113679,P64523,4.2
U113680,P18040,3.9
U113680,P28154,4.4
U113681,P31501,4.8
U113682,P64316,4.6
U113682,P76051,4.5
U113683,P32352,3.3
U113684,P79570,3.7
U113684,P95543,3.9
U113685,P21746,3.1
U113685,P31903,3.9
U113686,P64209,4.2
U113688,P87724,3.4
U113688,P99081,4.6
U113689,P24483,4.1
U113690,P86924,4.1
U113692,P51687,3.1
U113692,P56186,3.2
U113693,P30097,2.3
U113694,P96167,4.0
U113698,P34672,3.6
U113698,P62565,4.0
U113698,P78162,3.7
U113699,P20961,2.6
U113699,P53735,4.1
U113700,P29719,4.0
U113702,P12953,4.3
U113702,P66517,3.3
U113705,P37148,3.7
U113705,P86187,3.2
U113708,P21623,4.7
U113708,P51499,4.3
U113708,P73358,4.5
U113708,P96656,3.7
U113710,P32421,5.0
U113710,P35654,4.8
U113712,P34072,4.1
U113713,P63554,4.4
U113715,P84397,3.9
U113715,P89771,4.9
U113716,P21787,4.1
U113717,P41371,3.2
U113718,P54896,4.3
U113718,P85699,4.4
U113721,P18086,4.2
U113722,P50479,4.1
U113724,P16058,4.4
U113724,P95950,4.4
U113725,P71477,3.8
U113725,P81029,3.8
U113726,P33266,4.2
U113729,P67138,3.1
U113731,P14479,4.7
U113731,P90329,4.2
U113732,P23733,4.9
U113732,P76189,4.4
U113733,P44120,3.6
U113734,P43335,3.3
U113734,P95067,3.7
U113735,P50775,4.1
U113736,P44670,3.8
U113739,P78552,3.1
U113740,P55035,4.1
U113740,P77948,4.5
U113740,P99407,4.1
U113741,P50378,4.0
U113742,P42092,3.2
U113742,P57348,3.1
U113743,P53092,4.9
U113744,P87465,4.1
U113745,P30236,3.7
U113746,P27138,3.9
U113748,P65246,4.4
U113749,P46173,4.0
U113750,P37189,3.2
U113750,P37236,4.0
U113751,P16331,4.6
U113753,P35627,3.8
U113756,P20741,3.4
U113756,P66073,3.9
U113757,P91563,4.1
U113758,P19260,3.9
U113758,P34208,3.9
U113759,P34715,4.3
U113760,P11414,3.8
U113761,P43249,4.1
U113761,P98233,4.1
U113764,P15439,4.8
U113764,P28044,3.8
U113764,P85238,4.5
U113766,P10461,3.9
U113766,P46195,3.4
U113768,P36789,4.2
U113770,P58911,4.6
U113771,P90808,4.2
U113774,P14358,3.2
U113774,P28559,3.6
U113775,P15275,3.5
U113776,P55345,4.2
U113776,P56539,4.3
U113777,P63526,4.7
U113778,P70471,3.9
U113778,P79965,5.0
U113780,P70232,4.8
U113780,P85705,4.0
U113781,P31632,3.2
U113782,P73908,4.5
U113782,P80303,3.5
U113782,P97813,3.8
U113783,P44404,5.0
U113783,P82170,3.1
U113783,P93800,3.1
U113787,P71316,3.5
U113788,P45366,3.7
U113788,P48959,3.5
U113788,P59686,4.0
U113789,P23670,3.6
U113790,P46484,4.2
U113790,P48422,4.2
U113791,P17851,4.3
U113791,P75086,4.5
U113792,P31269,4.3
U113792,P94733,5.0
U113793,P57189,3.8
U113793,P88211,4.1
U113794,P49295,2.8
U113794,P74814,4.3
U113794,P96251,3.6
U113795,P62472,3.6
U113798,P32905,3.9
U113799,P31996,4.0
U113799,P96389,3.7
U113801,P95075,4.5
U113804,P30518,4.5
U113805,P35053,3.3
U113805,P68731,4.4
U113806,P57238,3.9
U113806,P70623,4.4
U113807,P74628,3.5
U113808,P61774,3.7
U113810,P36438,2.7
U113811,P25470,4.5
U113811,P32833,4.5
U113811,P79099,4.7
U113812,P45320,3.8
U113812,P74371,4.4
U113813,P25763,4.4
U113813,P54814,4.2
U113815,P15497,5.0
U113817,P53894,3.5
U113818,P29103,4.1
U113818,P84634,3.7
U113818,P88601,4.3
U113820,P16741,3.5
U113820,P21599,3.4
U113820,P23177,4.4
U113820,P87695,3.4
U113822,P15650,4.8
U113823,P53816,3.5
U113825,P89044,3.1
U113829,P59562,3.3
U113829,P74616,3.7
U113830,P25511,2.8
U113831,P29162,3.7
U113834,P14064,3.9
U113834,P57467,3.6
U113835,P31108,4.0
U113835,P73937,4.4
U113837,P49169,3.8
U113838,P19177,3.8
U113838,P90021,4.0
U113840,P12657,4.0
U113841,P46016,3.8
U113842,P60484,5.0
U113843,P62903,3.9
U113844,P22684,3.3
U113844,P77449,3.9
U113845,P85076,5.0
U113846,P18361,4.6
U113846,P84380,4.2
U113846,P90004,3.6
U113846,P92013,4.3
U113847,P60988,3.8
U113847,P90175,3.6
U113848,P31135,3.8
U113849,P38765,3.7
U113850,P77034,4.1
U113851,P31803,4.8
U113852,P31309,4.0
U113854,P96824,4.4
U113856,P38388,4.0
U113856,P75532,3.8
U113858,P20436,4.9
U113858,P33902,4.1
U113858,P47710,4.6
U113858,P81828,4.4
U113859,P15551,4.1
U113860,P97096,4.8
U113861,P83656,4.2
U113865,P29049,3.5
U113866,P12905,4.2
U113866,P41235,4.5
U113868,P11438,3.5
U113869,P16219,3.7
U113869,P32373,4.2
U113873,P15288,3.7
U113874,P42911,3.7
U113874,P81720,3.8
U113875,P44083,3.4
U113875,P44879,4.1
U113875,P84763,4.4
U113876,P30721,4.6
U113876,P87606,4.0
U113876,P89344,3.7
U113877,P51464,3.4
U113877,P93700,3.6
U113878,P55138,4.9
U113883,P48257,3.0
U113883,P64241,3.7
U113885,P44855,4.3
U113885,P91976,4.7
U113888,P16569,4.2
U113888,P27736,3.7
U113888,P92454,3.7
U113889,P65807,4.6
U113890,P94960,3.8
U113891,P22348,3.4
U113892,P83515,3.3
U113893,P22512,4.1
U113893,P48768,3.7
U113894,P77652,4.6
U113895,P67644,4.1
U113896,P30642,4.3
U113896,P30791,4.2
U113898,P58797,4.0
U113898,P85175,3.1
U113899,P17135,3.5
U113901,P78983,4.2
U113902,P30005,4.9
U113905,P52003,3.5
U113905,P91861,3.9
U113907,P36728,3.0
U113907,P77325,3.2
U113908,P74365,4.1
U113908,P80610,5.0
U113910,P19381,3.9
U113910,P25032,2.7
U113910,P59021,3.8
U113911,P53105,3.6
U113911,P76788,4.2
U113912,P12210,2.4
U113913,P46954,2.9
U113913,P85597,4.3
U113914,P15901,3.4
U113914,P68707,4.5
U113914,P73810,3.8
U113915,P80585,3.1
U113917,P29603,4.2
U113917,P51424,4.6
U113917,P82570,4.5
U113918,P40827,4.6
U113918,P69211,3.5
U113919,P42186,4.4
U113920,P64687,4.1
U113920,P93581,3.8
U113922,P48311,3.8
U113923,P97412,3.1
U113924,P52058,4.0
U113924,P73392,3.7
U113925,P26122,4.2
U113926,P46882,3.6
U113928,P20779,4.4
U113928,P29518,4.4
U113928,P36298,4.1
U113928,P42426,4.1
U113928,P80054,4.0
U113929,P19067,4.2
U113930,P15034,3.7
U113930,P32257,3.3
U113933,P47766,2.9
U113937,P21889,4.4
U113941,P10128,4.2
U113941,P29281,4.0
U113942,P27178,3.8
U113943,P24635,4.4
U113944,P30470,4.0
U113944,P34399,4.3
U113945,P30791,3.3
U113945,P32569,4.9
U113946,P10948,3.8
U113946,P24498,4.2
U113949,P24473,4.3
U113949,P36031,3.6
U113949,P37357,3.4
U113949,P46605,3.9
U113951,P71810,3.2
U113953,P26050,3.6
U113954,P13642,3.5
U113955,P15044,3.4
U113955,P30363,2.8
U113956,P45206,3.5
U113956,P67232,3.4
U113957,P77288,3.9
U113957,P79056,3.1
U113957,P81772,5.0
U113957,P95067,4.6
U113960,P37539,4.1
U113961,P26522,3.5
U113962,P59629,4.0
U113962,P79584,4.2
U113964,P39930,3.7
U113964,P58093,3.4
U113965,P16904,4.6
U113965,P22742,4.1
U113966,P66087,2.8
U113967,P44519,4.0
U113968,P45672,3.9
U113969,P26360,4.1
U113969,P42419,4.8
U113969,P46216,4.0
U113970,P48238,4.4
U113970,P75933,3.4
U113971,P43765,4.3
U113971,P84378,4.2
U113972,P96294,4.6
U113973,P43092,4.2
U113973,P96725,3.7
U113974,P57521,4.0
U113975,P73156,4.5
U113976,P18041,3.5
U113977,P11049,3.5
U113978,P13402,4.4
U113979,P11368,3.7
U113979,P36856,3.5
U113979,P69868,3.7
U113979,P71608,3.5
U113979,P92952,4.6
U113980,P31222,3.9
U113982,P55580,4.1
U113982,P56373,3.6
U113982,P89325,3.8
U113983,P16009,3.1
U113983,P66172,4.3
U113983,P77674,4.2
U113984,P10572,3.3
U113984,P12205,3.7
U113984,P83192,4.7
U113985,P47976,3.7
U113987,P30255,3.3
U113987,P55756,4.1
U113988,P57164,3.6
U113988,P83557,4.1
U113989,P13261,4.4
U113989,P37263,4.0
U113989,P54831,4.3
U113990,P73558,2.8
U113991,P36386,3.6
U113994,P20150,3.4
U113995,P52102,3.7
U113996,P28522,3.9
U113996,P42543,3.2
U113996,P80194,4.2
U113996,P81315,4.4
U113996,P83072,4.1
U113998,P38902,4.0
U113998,P52175,3.3
U113998,P83130,4.2
U113998,P99042,4.3
U113999,P58490,4.0
U113999,P98870,4.5
U114000,P15781,2.7
U114000,P95417,3.3
U114002,P72123,4.2
U114002,P93880,3.9
U114003,P57414,4.7
U114004,P94409,3.7
U114004,P98677,4.9
U114005,P46348,3.5
U114012,P95405,4.8
U114013,P27614,4.9
U114013,P51741,3.6
U114013,P81790,4.6
U114014,P40265,3.8
U114016,P94909,3.9
U114017,P43519,3.9
U114017,P46930,4.0
U114018,P45315,3.5
U114018,P54621,4.3
U114018,P72736,3.8
U114018,P77780,3.5
U114019,P25962,3.7
U114019,P93540,4.8
U114020,P56213,3.9
U114020,P71599,4.0
U114020,P84516,4.3
U114022,P43052,3.3
U114022,P85517,2.8
U114023,P23177,4.5
U114023,P74630,3.9
U114024,P13682,2.9
U114025,P80596,3.4
U114025,P88339,3.7
U114025,P91317,3.5
U114027,P78186,3.1
U114028,P82669,3.5
U114030,P39600,4.6
U114031,P91582,4.1
U114032,P42060,4.6
U114033,P20043,3.3
U114033,P62023,4.1
U114034,P69444,4.6
U114035,P14347,3.9
U114035,P44813,4.7
U114035,P52331,3.9
U114036,P28510,3.7
U114037,P36458,4.3
U114037,P56151,3.3
U114038,P36195,4.6
U114040,P24663,3.4
U114041,P33215,4.0
U114041,P33949,2.8
U114042,P93043,4.1
U114044,P35595,4.2
U114044,P65587,3.6
U114045,P39574,3.9
U114046,P60195,3.3
U114047,P31143,3.8
U114048,P31928,4.8
U114050,P17939,3.7
U114050,P78470,4.6
U114051,P38597,5.0
U114053,P16121,3.2
U114053,P63840,3.9
U114054,P17887,4.3
U114056,P36661,3.9
U114056,P83128,3.6
U114059,P27510,3.5
U114059,P40802,4.1
U114061,P41296,3.4
U114061,P78317,3.9
U114062,P90509,5.0
U114065,P75509,3.7
U114066,P47209,4.0
U114067,P59128,4.5
U114068,P13557,3.5
U114071,P53640,3.6
U114072,P28997,4.1
U114072,P89076,3.6
U114073,P29289,4.8
U114073,P92494,4.2
U114074,P81854,3.8
U114078,P87417,4.1
U114079,P75452,4.5
U114079,P93054,4.2
U114080,P78515,3.6
U114081,P44871,4.5
U114082,P26488,3.5
U114082,P87474,5.0
U114083,P95471,4.2
U114084,P41074,4.6
U114085,P18009,3.5
U114085,P57314,3.4
U114086,P62500,4.8
U114087,P19219,3.5
U114087,P19869,3.3
U114088,P86548,4.0
U114089,P40088,3.7
U114089,P74254,3.9
U114092,P64260,3.1
U114093,P17679,3.3
U114093,P42669,4.3
U114094,P10968,3.9
U114094,P15944,5.0
U114095,P83995,3.1
U114099,P26862,3.6
U114099,P33108,4.1
U114099,P58293,4.1
U114099,P72766,3.8
U114101,P52313,3.7
U114102,P20425,3.5
U114102,P81616,3.5
U114104,P44596,3.6
U114104,P54153,3.3
U114104,P73632,3.8
U114105,P40037,4.3
U114105,P74012,3.6
U114111,P24295,3.1
U114112,P88128,3.7
U114113,P45523,4.1
U114117,P56002,3.6
U114118,P77614,4.2
U114121,P11235,3.8
U114121,P75735,4.2
U114123,P65884,3.4
U114124,P16138,3.4
U114125,P70288,4.6
U114126,P53449,4.4
U114128,P45707,3.8
U114130,P82733,3.5
U114131,P45710,3.8
U114131,P59038,3.7
U114131,P81282,3.8
U114131,P91857,4.7
U114131,P97357,4.7
U114133,P64681,4.4
U114134,P53443,3.8
U114134,P56575,3.8
U114135,P43728,4.1
U114136,P87621,3.7
U114138,P49194,4.3
U114138,P97140,4.0
U114139,P32583,5.0
U114140,P39085,3.7
U114140,P75196,4.3
U114140,P84575,4.1
U114140,P98304,3.2
U114141,P40172,4.0
U114141,P48606,4.2
U114143,P91822,3.8
U114144,P80039,3.8
U114145,P62139,5.0
U114146,P48432,3.3
U114146,P95549,3.9
U114147,P44701,3.8
U114147,P71144,4.0
U114148,P19650,3.9
U114148,P94659,3.2
U114149,P12381,3.2
U114150,P35110,4.3
U114150,P97248,3.6
U114151,P21187,3.1
U114151,P60502,3.6
U114152,P11231,4.3
U114152,P12178,3.4
U114152,P86568,4.1
U114153,P32217,3.2
U114153,P41482,4.2
U114155,P64214,3.6
U114155,P87131,4.1
U114156,P10739,4.6
U114156,P30203,3.4
U114157,P76641,4.7
U114158,P87693,2.9
U114158,P93314,4.3
U114159,P20137,3.8
U114159,P44184,3.6
U114159,P76355,4.1
U114160,P47013,4.3
U114161,P61384,3.9
U114162,P28331,3.5
U114164,P72247,3.7
U114165,P54767,4.4
U114166,P38472,3.3
U114167,P98240,4.8
U114169,P24250,3.1
U114172,P19984,3.9
U114172,P47506,3.6
U114172,P90047,3.6
U114173,P18667,4.6
U114173,P73266,4.0
U114173,P82068,3.0
U114173,P82929,3.9
U114173,P88240,3.6
U114174,P39645,3.9
U114174,P56263,3.8
U114174,P64254,4.0
U114174,P72401,3.5
U114175,P23700,4.3
U114176,P84440,3.5
U114177,P36460,3.4
U114177,P39860,4.5
U114177,P96243,3.9
U114178,P12761,3.7
U114179,P60961,3.9
U114181,P14709,3.2
U114181,P36462,4.2
U114181,P95557,4.5
U114181,P97946,3.4
U114182,P91406,4.5
U114183,P85642,3.2
U114183,P96808,3.8
U114184,P48989,3.7
U114184,P53912,3.6
U114185,P28634,3.5
U114185,P48583,3.9
U114188,P71958,3.5
U114188,P82087,3.8
U114188,P99660,3.7
U114189,P11553,5.0
U114190,P43985,3.4
U114191,P10788,4.1
U114192,P81092,3.6
U114194,P29033,3.1
U114194,P44774,3.7
U114195,P31543,3.8
U114195,P32993,4.0
U114196,P18136,4.7
U114198,P97985,4.3
U114200,P90541,3.8
U114207,P22688,3.9
U114207,P35718,4.6
U114207,P93949,3.7
U114208,P54369,3.6
U114209,P15269,3.8
U114209,P43135,4.8
U114210,P26427,3.6
U114211,P48397,4.7
U114212,P51624,4.5
U114212,P52213,4.6
U114212,P54287,4.6
U114213,P58447,4.3
U114215,P50069,4.6
U114216,P77467,3.1
U114217,P18457,4.1
U114218,P88366,3.3
U114219,P58270,4.3
U114220,P61962,3.1
U114221,P28470,3.7
U114223,P58927,4.2
U114224,P27715,3.8
U114224,P89237,3.9
U114225,P10270,3.5
U114225,P80491,3.4
U114226,P87771,3.9
U114228,P41403,4.1
U114229,P18640,3.1
U114229,P22044,3.6
U114230,P15681,3.6
U114230,P59180,3.5
U114230,P94234,4.3
U114233,P59185,3.2
U114234,P52703,4.0
U114234,P75942,3.4
U114235,P13322,3.9
U114235,P16409,4.2
U114236,P36467,4.0
U114236,P50971,4.3
U114236,P77445,3.7
U114236,P77646,4.2
U114238,P90206,4.5
U114239,P98456,4.7
U114241,P38773,3.9
U114241,P58845,4.3
U114243,P45888,3.8
U114244,P78937,4.2
U114245,P59583,3.0
U114245,P92089,4.1
U114245,P95245,3.7
U114247,P36840,3.7
U114247,P95523,4.9
U114247,P97576,4.2
U114248,P85501,3.1
U114251,P77113,3.9
U114253,P60615,3.3
U114253,P72365,3.4
U114253,P90456,3.4
U114254,P51670,4.5
U114256,P72915,3.1
U114256,P80940,3.7
U114256,P96851,3.9
U114258,P95222,3.6
U114261,P73003,3.5
U114262,P13213,3.7
U114262,P75477,3.7
U114263,P10210,3.9
U114263,P84518,4.6
U114264,P72176,4.0
U114266,P29768,3.9
U114267,P11699,4.2
U114268,P19131,4.2
U114268,P42902,4.2
U114268,P66268,3.5
U114268,P84286,4.2
U114268,P89970,3.7
U114269,P39826,4.4
U114270,P19343,4.0
U114270,P44665,3.1
U114272,P39761,4.0
U114274,P98664,3.6
U114276,P61172,3.9
U114277,P50223,4.1
U114277,P58451,3.7
U114277,P93923,4.7
U114279,P89170,4.1
U114280,P34590,3.9
U114280,P90626,3.4
U114281,P42250,4.2
U114281,P74058,3.2
U114281,P78352,3.8
U114282,P16875,4.5
U114282,P35788,3.0
U114283,P73742,4.0
U114284,P19524,3.7
U114284,P22894,4.6
U114286,P34694,4.8
U114289,P53966,3.9
U114289,P91328,4.1
U114290,P54112,4.1
U114291,P62701,4.0
U114291,P79998,3.9
U114292,P58878,3.7
U114293,P80872,5.0
U114293,P91396,2.7
U114294,P55984,4.2
U114297,P12403,4.7
U114297,P13167,3.1
U114297,P40219,3.8
U114297,P61977,3.8
U114303,P14728,3.5
U114304,P81084,3.2
U114305,P28177,3.2
U114306,P24266,3.8
U114306,P27129,3.7
U114306,P74340,4.2
U114306,P74623,3.7
U114307,P91842,3.8
U114308,P14454,3.3
U114308,P46134,4.3
U114308,P85329,3.8
U114311,P14213,4.2
U114315,P54680,3.9
U114316,P63983,5.0
U114317,P73496,2.9
U114317,P89864,3.6
U114318,P49876,4.1
U114320,P20695,3.3
U114320,P97609,4.7
U114320,P98523,4.0
U114321,P97886,4.0
U114322,P16594,4.6
U114323,P33086,4.1
U114323,P52062,4.9
U114324,P28449,3.7
U114325,P58795,3.9
U114325,P92117,3.1
U114326,P46768,3.0
U114327,P39781,3.8
U114328,P64523,3.3
U114329,P63696,3.4
U114332,P38874,4.1
U114335,P20812,3.7
U114337,P28875,4.9
U114337,P29739,4.0
U114337,P95155,4.2
U114339,P57182,4.9
U114340,P29053,4.7
U114341,P66971,3.6
U114342,P17952,3.4
U114342,P31570,3.8
U114343,P48039,4.1
U114343,P54944,4.5
U114344,P95088,3.7
U114346,P34448,3.6
U114347,P36305,2.9
U114349,P39412,3.1
U114350,P68099,3.9
U114352,P57318,4.2
U114353,P70808,3.9
U114353,P95385,4.1
U114354,P85869,4.6
U114355,P87020,3.9
U114357,P22157,3.5
U114357,P52438,4.1
U114359,P64537,4.4
U114360,P11478,3.4
U114361,P75001,3.8
U114362,P61853,3.5
U114363,P45608,3.6
U114363,P86639,2.9
U114363,P99036,3.1
U114364,P31038,4.0
U114364,P40233,4.5
U114365,P14011,4.5
U114366,P39916,4.8
U114368,P11945,4.3
U114368,P17242,3.6
U114369,P14066,3.4
U114369,P59895,3.9
U114370,P77365,4.1
U114371,P36069,4.5
U114371,P39034,5.0
U114371,P74985,4.6
U114373,P25814,3.7
U114374,P63144,4.4
U114376,P45294,5.0
U114378,P10156,3.5
U114378,P36631,4.0
U114379,P91236,4.8
U114380,P88236,4.1
U114382,P15689,4.1
U114383,P54370,4.4
U114384,P11280,4.4
U114385,P27706,4.4
U114385,P82708,4.2
U114387,P34741,3.7
U114387,P82448,3.7
U114388,P44718,4.3
U114388,P50998,4.5
U114388,P91282,4.5
U114389,P35607,3.0
U114392,P17913,4.2
U114397,P24688,4.0
U114397,P25675,5.0
U114397,P60622,3.7
U114398,P90863,4.1
U114399,P34564,3.4
U114399,P46552,4.3
U114399,P51608,4.7
U114399,P54882,4.0
U114400,P87816,3.8
U114404,P67367,4.3
U114405,P46446,3.6
U114407,P37522,2.0
U114408,P80702,4.5
U114409,P10233,3.9
U114409,P42877,3.2
U114409,P71130,4.0
U114410,P20930,3.8
U114410,P66651,4.5
U114411,P56221,4.3
U114411,P64079,3.7
U114412,P77270,4.1
U114413,P23995,4.2
U114414,P52698,4.5
U114415,P40334,4.4
U114415,P96892,5.0
U114417,P11454,4.3
U114417,P22207,4.0
U114419,P73152,3.5
U114421,P51145,3.5
U114421,P92312,4.6
U114422,P50393,3.4
U114423,P47477,4.2
U114424,P71436,4.5
U114424,P87139,3.5
U114424,P92502,4.2
U114426,P45408,3.4
U114426,P59462,4.7
U114426,P83254,4.8
U114427,P23142,5.0
U114427,P28391,4.3
U114428,P42299,4.1
U114428,P44156,3.4
U114432,P15037,4.5
U114432,P76936,4.9
U114433,P92001,3.9
U114434,P60909,3.9
U114438,P58250,3.6
U114439,P16985,4.5
U114439,P69868,4.1
U114440,P31999,4.6
U114442,P89317,4.1
U114443,P56747,3.5
U114443,P57646,3.7
U114443,P89773,4.4
U114443,P92149,4.2
U114444,P28407,3.8
U114444,P33873,3.9
U114444,P36053,3.1
U114445,P15251,3.6
U114445,P92166,3.6
U114446,P94094,3.3
U114448,P23133,3.9
U114451,P16054,3.4
U114451,P23672,3.5
U114452,P65933,4.0
U114453,P64551,4.3
U114455,P81916,4.8
U114456,P56354,3.5
U114456,P92222,4.2
U114457,P52530,4.1
U114459,P99382,3.2
U114460,P68805,4.6
U114460,P99236,4.4
U114462,P19278,2.4
U114463,P15244,4.1
U114463,P21697,3.6
U114463,P61635,3.0
U114464,P56683,3.7
U114464,P88672,4.8
U114465,P69048,3.7
U114465,P70238,3.8
U114469,P21200,3.8
U114469,P52076,4.0
U114470,P41198,4.0
U114472,P78536,4.1
U114474,P16354,4.1
U114474,P97684,3.6
U114475,P92156,4.2
U114476,P61370,3.1
U114478,P21676,4.2
U114480,P19259,3.6
U114482,P89133,3.7
U114483,P64505,4.2
U114484,P69482,4.2
U114485,P86004,4.6
U114486,P21980,4.6
U114487,P33852,4.3
U114487,P80745,4.1
U114489,P33259,3.5
U114489,P51084,3.6
U114489,P74302,4.1
U114489,P99635,3.4
U114492,P86464,3.7
U114493,P44395,3.4
U114494,P34880,3.4
U114495,P88077,4.7
U114495,P89579,4.8
U114496,P84772,4.0
U114497,P83698,3.4
U114498,P67825,4.9
U114498,P85182,3.7
U114500,P16269,4.0
U114500,P59041,3.7
U114500,P66910,3.6
U114501,P62660,4.1
U114501,P65855,3.9
U114502,P12650,4.2
U114504,P42223,4.4
U114504,P72952,3.5
U114505,P87964,3.9
U114506,P31197,4.9
U114506,P62158,3.9
U114507,P13978,4.6
U114508,P10179,4.4
U114509,P10787,4.4
U114509,P91894,4.3
U114510,P42268,4.5
U114513,P85352,3.8
U114514,P31160,4.4
U114516,P23947,3.3
U114516,P71362,4.2
U114518,P89422,4.0
U114518,P98976,3.9
U114519,P27073,3.1
U114519,P31073,4.4
U114519,P99001,3.2
U114523,P94036,4.3
U114524,P41851,2.9
U114524,P47922,4.3
U114525,P43586,4.0
U114525,P51702,3.3
U114525,P96744,3.6
U114526,P17778,4.1
U114526,P62660,3.0
U114530,P55266,3.7
U114532,P51224,4.8
U114532,P75261,3.9
U114532,P90991,3.2
U114534,P18866,3.8
U114534,P26567,3.7
U114534,P79927,3.2
U114535,P17348,4.0
U114535,P88992,3.7
U114536,P56714,2.9
U114536,P70049,4.5
U114537,P77453,2.6
U114537,P92526,4.0
U114538,P11033,3.6
U114538,P38604,3.5
U114538,P61468,3.1
U114539,P27504,4.1
U114539,P91214,3.5
U114543,P67766,3.5
U114544,P38242,3.5
U114544,P83178,4.2
U114546,P75142,4.3
U114547,P64914,4.5
U114549,P32682,3.7
U114549,P49342,4.0
U114549,P50454,3.3
U114553,P26653,3.2
U114553,P59651,4.3
U114555,P82001,4.2
U114556,P41954,3.2
U114556,P67520,4.2
U114556,P78700,4.5
U114558,P72123,3.4
U114562,P99424,4.1
U114563,P29642,4.2
U114563,P67581,4.9
U114563,P90725,3.5
U114564,P74058,3.8
U114564,P96363,3.9
U114565,P33685,3.8
U114565,P48047,3.8
U114566,P45922,3.3
U114567,P28926,4.1
U114570,P24011,3.8
U114570,P34870,4.3
U114570,P40430,4.2
U114571,P45604,4.3
U114571,P56171,3.7
U114572,P65934,4.6
U114576,P53552,4.1
U114578,P94860,4.0
U114579,P42470,3.6
U114579,P87069,4.1
U114580,P44721,3.6
U114580,P65424,4.5
U114580,P68227,4.3
U114580,P89912,3.8
U114581,P25977,4.8
U114583,P58215,4.2
U114584,P49524,4.5
U114588,P29184,3.4
U114591,P67744,4.8
U114592,P80463,3.8
U114593,P88487,4.2
U114595,P17034,4.4
U114595,P64001,4.9
U114595,P99912,4.3
U114596,P24345,4.0
U114597,P13936,4.6
U114598,P11578,3.9
U114598,P58405,3.4
U114598,P90053,3.8
U114601,P21187,3.8
U114602,P58389,3.9
U114602,P77371,4.0
U114603,P43606,3.6
U114605,P77471,4.6
U114607,P12669,4.5
U114608,P31459,4.1
U114609,P12911,4.4
U114609,P38860,3.8
U114610,P16238,3.8
U114610,P26273,3.6
U114610,P85965,3.8
U114611,P62069,3.3
U114613,P85173,3.7
U114614,P27048,3.7
U114616,P97343,4.1
U114618,P84323,2.4
U114619,P16021,4.3
U114619,P99384,4.7
U114620,P11050,4.4
U114622,P97122,4.6
U114622,P98513,4.2
U114623,P63205,4.3
U114624,P56369,3.9
U114627,P28930,4.2
U114627,P52506,4.8
U114628,P60919,4.1
U114629,P12526,4.2
U114629,P22448,3.6
U114629,P79701,3.7
U114630,P68050,3.8
U114630,P80851,4.5
U114630,P91777,3.2
U114631,P21671,3.8
U114631,P37769,3.2
U114631,P60110,4.3
U114632,P46640,3.6
U114634,P19842,3.4
U114634,P37391,4.3
U114635,P36936,3.9
U114635,P86619,3.5
U114635,P90645,4.1
U114635,P95414,3.5
U114640,P76613,3.8
U114641,P12868,3.2
U114641,P36003,4.5
U114641,P69642,4.0
U114642,P85533,3.8
U114643,P46097,3.7
U114643,P46347,4.0
U114643,P55268,2.8
U114644,P57527,4.3
U114645,P13525,4.1
U114645,P62837,4.6
U114647,P19470,4.1
U114647,P21877,4.1
U114647,P31216,3.9
U114647,P71610,3.4
U114647,P92261,4.4
U114648,P76428,4.0
U114648,P83351,4.3
U114650,P35063,4.5
U114650,P38743,3.9
U114652,P52000,3.6
U114653,P67726,4.3
U114653,P81022,3.5
U114654,P26011,4.2
U114655,P50518,4.4
U114655,P80427,3.9
U114657,P23378,3.0
U114657,P56197,3.9
U114657,P76131,3.6
U114658,P21306,4.4
U114658,P33101,3.6
U114659,P15685,3.4
U114659,P71731,3.2
U114660,P83856,4.3
U114661,P11947,4.3
U114661,P40690,4.3
U114661,P67477,3.6
U114662,P32363,3.9
U114666,P28539,3.5
U114667,P88067,4.4
U114669,P63741,3.3
U114670,P32104,3.6
U114670,P36476,3.3
U114670,P86200,4.2
U114672,P79748,3.5
U114673,P10108,4.1
U114673,P31837,3.6
U114673,P70356,3.2
U114673,P88742,4.1
U114676,P50574,3.4
U114676,P95129,4.2
U114677,P58442,4.5
U114678,P14787,3.2
U114679,P48818,3.5
U114679,P89564,3.6
U114679,P93786,4.1
U114681,P58623,3.7
U114681,P87315,4.1
U114682,P54049,3.5
U114682,P66285,3.8
U114684,P19757,3.9
U114684,P81359,3.3
U114685,P92034,4.1
U114687,P88856,3.9
U114688,P90448,3.9
U114689,P12527,3.9
U114689,P78964,4.1
U114692,P58009,3.1
U114692,P60724,5.0
U114692,P92382,4.2
U114692,P96412,3.6
U114693,P75971,3.7
U114693,P92657,4.2
U114694,P31165,4.2
U114694,P89133,3.1
U114697,P13313,4.6
U114697,P24280,3.9
U114698,P55777,3.4
U114699,P10068,3.9
U114699,P21080,4.7
U114701,P86304,3.2
U114702,P85151,4.4
U114703,P53194,3.1
U114705,P31814,4.2
U114705,P36693,3.8
U114706,P77424,3.9
U114706,P99820,3.3
U114707,P32530,3.7
U114707,P34250,3.9
U114708,P20975,4.5
U114708,P41562,4.1
U114709,P44123,3.1
U114709,P68707,4.1
U114710,P43719,3.6
U114711,P86754,4.4
U114712,P46532,3.8
U114712,P78310,5.0
U114712,P96701,3.2
U114713,P54009,3.4
U114714,P86418,3.7
U114716,P11718,3.9
U114716,P42356,3.6
U114716,P52629,3.8
U114717,P31545,3.9
U114718,P45456,4.9
U114719,P21083,3.2
U114719,P27109,4.7
U114719,P72525,4.3
U114722,P50263,3.7
U114723,P35570,4.1
U114724,P53903,3.4
U114726,P53942,3.4
U114726,P65890,4.3
U114729,P45674,3.2
U114729,P79577,3.9
U114730,P33608,4.1
U114731,P22570,4.5
U114731,P91090,3.1
U114732,P50430,4.2
U114734,P55817,3.7
U114736,P45940,4.1
U114736,P91065,3.8
U114736,P93098,3.9
U114737,P89622,5.0
U114737,P95507,4.1
U114738,P16465,4.0
U114741,P84703,4.8
U114743,P11257,3.1
U114743,P53341,3.8
U114743,P83264,4.7
U114744,P41866,3.7
U114744,P64391,3.9
U114745,P36100,3.4
U114745,P69915,4.0
U114746,P57952,3.3
U114746,P64010,3.9
U114746,P90463,4.0
U114749,P16804,4.4
U114749,P60743,3.7
U114750,P26322,4.1
U114750,P80864,4.4
U114751,P61536,3.7
U114752,P90389,3.7
U114753,P15527,3.6
U114753,P23606,3.0
U114756,P66554,3.2
U114756,P89283,3.3
U114757,P94009,4.8
U114758,P19527,4.1
U114758,P74822,3.5
U114759,P58547,4.3
U114761,P72768,3.3
U114761,P79083,3.8
U114761,P85918,4.5
U114762,P32074,4.5
U114763,P19374,3.0
U114763,P99161,4.0
U114765,P91467,3.8
U114769,P36259,4.6
U114769,P57227,3.7
U114771,P34162,4.5
U114772,P88314,3.8
U114772,P98699,3.5
U114773,P74222,2.9
U114775,P31757,4.9
U114777,P11424,4.3
U114778,P76167,5.0
U114778,P81163,5.0
U114778,P81980,4.6
U114779,P23772,5.0
U114779,P84930,3.8
U114780,P35424,4.0
U114780,P49084,4.2
U114781,P48294,3.6
U114781,P86930,4.0
U114782,P63786,3.7
U114782,P87883,3.5
U114783,P50692,4.2
U114784,P37779,3.8
U114784,P75223,4.2
U114786,P90369,3.8
U114787,P62153,4.2
U114787,P86707,3.1
U114788,P51373,3.7
U114788,P91584,3.9
U114789,P16137,4.8
U114789,P69817,4.0
U114789,P82342,4.0
U114791,P18983,4.2
U114792,P98735,3.9
U114794,P48888,4.1
U114796,P42958,4.3
U114796,P61305,3.9
U114796,P83123,4.1
U114797,P83666,3.7
U114797,P91142,3.3
U114798,P12559,4.5
U114799,P39123,3.8
U114800,P32864,4.3
U114800,P76507,4.5
U114801,P63174,4.3
U114801,P80484,3.6
U114801,P86797,3.7
U114802,P30821,4.6
U114802,P37421,4.1
U114802,P44949,4.0
U114802,P71862,5.0
U114803,P23919,3.3
U114804,P30032,3.6
U114804,P35950,4.5
U114804,P42814,3.7
U114804,P82519,3.6
U114805,P33357,3.1
U114806,P63620,3.6
U114808,P31941,3.6
U114808,P53639,2.5
U114809,P11399,3.2
U114809,P85527,3.7
U114809,P89857,4.2
U114810,P33768,3.4
U114810,P38332,3.2
U114810,P53158,4.1
U114810,P57100,4.2
U114813,P58497,3.7
U114814,P98662,3.5
U114815,P20344,3.4
U114815,P57763,4.4
U114815,P90233,4.3
U114817,P19076,4.2
U114818,P54899,4.9
U114819,P82253,3.7
U114821,P52256,4.5
U114821,P86974,3.8
U114822,P93163,3.9
U114823,P57898,4.0
U114824,P57028,3.7
U114824,P60595,4.2
U114825,P83875,3.1
U114827,P15074,5.0
U114828,P48590,3.6
U114830,P30060,4.5
U114832,P71053,3.7
U114832,P83874,4.0
U114834,P12414,4.4
U114834,P38367,4.0
U114834,P69231,3.2
U114835,P52404,4.4
U114835,P91718,4.0
U114835,P95641,3.9
U114836,P73344,4.1
U114837,P18481,3.4
U114838,P13616,3.7
U114838,P20133,4.2
U114838,P87032,4.4
U114840,P33991,4.0
U114840,P40113,3.3
U114840,P54933,3.7
U114841,P36816,3.9
U114842,P29849,3.5
U114842,P35329,4.6
U114843,P73644,3.8
U114844,P36098,3.8
U114844,P45694,4.3
U114845,P89457,4.5
U114846,P60520,3.9
U114847,P54518,5.0
U114847,P71144,3.4
U114848,P77140,3.5
U114849,P34984,4.0
U114850,P13712,3.6
U114850,P88882,4.0
U114851,P63400,3.3
U114851,P65718,3.3
U114852,P50963,4.0
U114853,P70453,4.2
U114854,P11937,2.9
U114855,P22121,4.3
U114855,P44857,3.7
U114856,P28894,4.0
U114856,P31815,4.6
U114858,P11751,2.8
U114859,P36004,4.2
U114859,P79575,4.3
U114860,P96063,4.4
U114861,P44403,5.0
U114862,P17778,3.3
U114862,P24330,4.3
U114862,P48737,3.7
U114863,P30019,4.9
U114865,P84159,3.5
U114866,P31574,4.3
U114867,P32078,3.7
U114869,P21274,3.6
U114869,P36566,3.3
U114871,P72838,4.4
U114871,P79755,3.1
U114871,P89239,3.8
U114873,P17788,5.0
U114873,P22997,4.3
U114873,P64974,4.0
U114873,P82016,3.6
U114875,P29727,3.4
U114876,P47621,4.2
U114876,P97210,2.8
U114881,P26510,3.8
U114881,P80314,4.4
U114882,P50914,4.0
U114882,P52499,4.1
U114883,P59848,3.3
U114884,P38608,4.6
U114884,P39222,3.4
U114884,P49626,3.0
U114885,P74799,4.4
U114886,P78278,4.3
U114887,P16782,3.7
U114887,P38520,3.9
U114889,P18404,4.1
U114889,P48843,4.6
U114889,P85620,3.9
U114891,P11162,5.0
U114892,P90661,3.8
U114893,P63771,3.9
U114894,P63934,3.4
U114895,P18035,4.2
U114895,P74667,4.6
U114895,P86340,3.9
U114895,P91218,3.5
U114896,P23978,4.2
U114898,P38650,3.2
U114899,P60804,3.9
U114899,P79588,3.1
U114901,P18455,3.2
U114902,P10626,4.3
U114902,P42675,4.1
U114903,P11452,3.5
U114903,P57313,4.2
U114903,P81003,3.9
U114903,P82960,3.9
U114904,P33596,3.9
U114905,P37384,3.7
U114908,P63702,4.1
U114908,P85911,4.0
U114908,P97189,2.8
U114911,P18164,4.2
U114912,P95157,4.5
U114914,P23342,3.9
U114916,P77356,4.0
U114920,P12397,4.9
U114920,P83916,3.6
U114921,P33515,3.8
U114921,P66189,4.0
U114921,P70526,3.7
U114921,P84592,3.2
U114922,P13062,4.4
U114923,P15810,3.8
U114924,P26516,4.4
U114924,P44086,2.7
U114925,P91961,3.6
U114926,P77408,5.0
U114928,P69676,3.6
U114929,P45570,3.9
U114931,P21520,3.5
U114931,P30679,4.7
U114931,P94539,5.0
U114933,P28444,3.7
U114934,P30692,3.7
U114934,P56043,4.2
U114935,P20830,4.1
U114937,P17382,3.9
U114937,P73667,4.5
U114938,P24665,3.5
U114939,P70297,3.3
U114939,P82605,4.3
U114940,P75656,4.8
U114942,P21248,4.1
U114943,P26010,3.9
U114944,P79203,4.2
U114946,P97674,3.9
U114947,P28292,5.0
U114947,P64216,3.8
U114947,P73545,4.0
U114948,P27661,4.5
U114948,P38900,3.3
U114949,P10315,4.1
U114949,P53840,3.4
U114950,P12881,4.2
U114951,P19318,4.1
U114951,P47964,3.8
U114951,P68301,4.0
U114951,P74060,4.7
U114951,P80300,3.2
U114952,P65032,3.5
U114952,P96735,2.8
U114954,P37117,3.1
U114954,P40043,4.9
U114954,P79187,3.9
U114955,P21710,3.9
U114955,P32423,3.8
U114956,P29137,4.9
U114956,P79456,3.1
U114957,P86925,4.2
U114958,P43039,3.8
U114958,P75165,3.5
U114959,P78824,3.5
U114959,P93365,4.9
U114960,P47257,3.7
U114961,P45151,4.1
U114963,P41937,5.0
U114964,P72509,3.8
U114965,P87989,3.4
U114966,P31005,4.6
U114967,P23224,3.5
U114967,P48287,4.6
U114968,P86275,4.5
U114969,P61710,2.9
U114971,P93069,4.3
U114973,P27053,4.1
U114975,P89703,4.6
U114977,P72474,3.9
U114977,P76171,4.6
U114981,P64184,4.2
U114985,P22642,3.3
U114985,P50987,4.5
U114986,P30805,4.5
U114987,P72308,3.5
U114991,P30372,3.9
U114993,P11835,4.6
U114993,P26611,3.2
U114994,P11914,4.1
U114995,P11427,4.0
U114996,P14404,4.1
U114996,P74645,3.8
U114998,P82172,5.0
U114999,P47929,3.8
U115000,P74428,4.6
U115001,P12620,4.1
U115001,P71804,4.3
U115001,P76888,3.6
U115002,P76789,3.9
U115002,P76820,3.9
U115003,P68123,3.9
U115003,P79543,3.3
U115005,P23914,4.0
U115006,P61703,4.2
U115007,P14356,4.1
U115007,P81588,5.0
U115008,P59600,3.3
U115009,P45441,3.9
U115011,P43197,3.5
U115012,P97867,3.1
U115015,P34374,4.9
U115016,P35784,3.7
U115016,P93058,3.3
U115018,P12475,4.0
U115018,P49452,4.4
U115021,P16121,3.4
U115022,P26218,3.9
U115022,P31902,4.2
U115022,P63521,3.6
U115022,P78565,3.5
U115025,P68128,3.5
U115026,P13693,4.0
U115028,P48440,4.2
U115030,P43717,4.2
U115030,P53984,4.3
U115031,P21543,4.5
U115031,P28005,4.6
U115031,P60508,4.2
U115033,P82466,4.1
U115035,P62805,2.7
U115036,P42401,4.2
U115036,P67825,4.3
U115037,P13221,3.7
U115038,P85707,4.4
U115039,P34082,3.6
U115039,P37166,4.4
U115039,P51187,4.1
U115040,P33407,4.2
U115040,P59785,3.4
U115042,P51742,4.3
U115043,P24929,4.6
U115043,P93355,3.8
U115044,P54494,3.6
U115044,P96601,3.5
U115045,P93858,3.6
U115048,P45169,3.5
U115050,P87017,3.4
U115053,P33553,4.6
U115054,P47705,4.4
U115054,P87133,4.0
U115055,P24289,3.6
U115056,P98774,4.2
U115058,P24176,4.2
U115058,P50220,5.0
U115059,P39867,3.9
U115059,P54982,3.4
U115060,P29248,3.6
U115060,P33307,3.5
U115061,P54179,3.9
U115063,P32577,3.6
U115063,P92667,4.8
U115065,P34058,4.3
U115067,P54476,4.0
U115068,P38260,4.2
U115069,P58530,3.1
U115070,P46837,4.0
U115071,P21501,3.6
U115072,P81177,4.1
U115073,P10520,3.8
U115073,P24101,3.5
U115073,P33065,3.4
U115074,P14533,4.1
U115074,P31743,3.7
U115074,P63866,3.4
U115074,P82416,2.6
U115075,P32895,3.5
U115076,P21990,4.0
U115076,P32458,3.7
U115076,P43765,3.8
U115077,P96110,4.6
U115078,P37866,3.8
U115079,P18346,3.9
U115079,P79370,3.6
U115080,P52053,3.4
U115080,P96131,4.1
U115081,P45993,3.9
U115082,P60473,4.2
U115084,P39728,4.1
U115084,P59537,3.6
U115084,P88621,4.0
U115084,P97928,3.5
U115087,P27258,3.7
U115088,P15561,3.5
U115088,P50922,4.1
U115089,P54339,4.5
U115092,P21341,3.3
U115092,P26134,3.5
U115092,P46643,3.6
U115092,P67627,3.5
U115093,P37016,3.9
U115093,P89066,4.4
U115094,P56455,4.0
U115094,P69103,3.9
U115095,P40203,3.6
U115095,P79929,3.4
U115099,P27995,3.6
U115099,P49647,4.1
U115100,P29037,3.6
U115101,P53060,4.0
U115101,P90153,3.6
U115103,P10939,3.9
U115103,P27021,5.0
U115103,P35959,4.4
U115103,P71496,3.3
U115104,P12981,4.1
U115104,P25433,4.7
U115104,P46344,3.2
U115105,P19468,4.4
U115106,P68349,3.4
U115107,P66760,3.3
U115107,P72494,5.0
U115108,P79871,4.7
U115109,P88261,4.2
U115109,P90607,3.2
U115110,P46147,4.1
U115111,P80124,3.5
U115112,P34645,3.5
U115112,P61167,3.8
U115113,P16173,3.6
U115113,P31334,3.2
U115113,P42625,3.4
U115113,P68759,4.2
U115114,P49682,4.3
U115115,P56532,4.0
U115116,P34260,3.7
U115116,P68153,4.0
U115117,P38840,4.6
U115118,P26853,3.3
U115118,P36495,4.9
U115122,P61219,4.6
U115123,P62715,2.6
U115123,P69076,3.3
U115124,P10451,3.8
U115125,P20416,4.4
U115125,P83525,4.8
U115125,P86765,3.8
U115127,P40317,3.6
U115128,P26362,3.8
U115129,P21520,4.5
U115129,P25508,3.7
U115129,P74477,3.0
U115130,P20195,3.9
U115131,P70043,4.5
U115131,P85888,4.5
U115132,P68382,3.3
U115132,P80292,3.9
U115132,P94387,3.7
U115133,P96268,3.8
U115134,P22836,4.3
U115134,P24926,3.6
U115135,P91243,4.3
U115136,P55289,3.2
U115137,P79799,3.2
U115138,P26285,3.6
U115138,P26385,3.7
U115138,P27227,4.4
U115138,P29015,3.4
U115138,P48949,4.1
U115139,P16677,5.0
U115139,P64724,3.6
U115139,P69743,4.8
U115140,P12935,3.9
U115140,P59361,3.3
U115141,P33011,4.6
U115141,P48972,2.5
U115143,P24968,3.9
U115145,P18115,3.1
U115145,P93651,3.8
U115147,P64148,3.7
U115148,P44511,3.0
U115149,P57295,5.0
U115149,P66028,4.9
U115149,P94272,4.2
U115150,P44357,3.6
U115150,P97891,3.1
U115152,P91117,3.8
U115153,P34632,4.1
U115155,P28287,3.8
U115156,P32403,2.9
U115157,P35009,4.3
U115157,P56567,3.1
U115159,P54335,4.3
U115160,P47042,4.1
U115160,P68153,3.5
U115161,P32071,4.3
U115161,P34553,4.6
U115163,P40866,3.9
U115163,P50431,4.4
U115164,P81644,3.1
U115165,P57072,3.7
U115166,P97133,3.9
U115167,P28823,3.2
U115167,P37856,3.9
U115167,P78085,3.7
U115168,P36091,3.7
U115169,P80278,3.9
U115170,P15006,3.7
U115170,P23927,4.9
U115170,P92432,4.5
U115171,P47419,3.2
U115172,P54251,5.0
U115173,P39999,3.3
U115174,P64389,3.8
U115175,P34375,4.6
U115175,P43985,4.2
U115177,P26378,4.2
U115177,P27908,3.8
U115178,P91671,3.5
U115180,P20762,3.2
U115180,P87990,3.9
U115183,P46442,4.3
U115183,P89029,3.8
U115184,P52553,4.7
U115185,P19271,4.9
U115185,P70020,2.0
U115185,P83555,3.6
U115186,P14684,3.1
U115186,P21375,3.9
U115186,P32676,5.0
U115186,P82165,3.5
U115187,P61738,4.9
U115188,P12612,3.8
U115188,P89223,3.0
U115189,P99163,4.1
U115190,P19486,4.3
U115190,P50103,3.7
U115191,P85401,3.7
U115193,P29973,3.8
U115193,P48077,5.0
U115194,P44259,3.8
U115195,P30339,3.8
U115195,P50476,4.3
U115195,P94380,3.6
U115197,P15952,3.3
U115197,P67078,3.6
U115198,P17611,4.3
U115198,P61094,3.3
U115199,P59670,3.3
U115199,P91006,3.9
U115200,P16295,4.1
U115201,P40695,3.8
U115201,P96347,4.6
U115202,P32548,4.8
U115202,P73443,3.4
U115202,P76836,4.0
U115205,P77159,3.6
U115206,P32546,2.3
U115206,P92634,4.0
U115207,P27163,4.6
U115207,P35943,3.7
U115208,P45860,3.0
U115210,P64748,3.6
U115211,P92696,3.9
U115212,P22431,4.1
U115212,P41819,4.6
U115212,P66646,4.0
U115212,P75917,4.2
U115212,P80419,4.1
U115213,P17308,4.0
U115213,P39921,3.2
U115214,P31906,4.2
U115216,P70987,3.8
U115216,P93446,3.5
U115218,P14880,3.9
U115218,P41709,3.9
U115219,P41507,3.4
U115221,P60717,4.7
U115223,P92740,5.0
U115224,P69494,4.3
U115225,P54147,3.9
U115225,P65629,3.4
U115227,P73601,3.4
U115227,P88553,3.8
U115229,P32949,3.4
U115230,P27073,3.9
U115230,P73371,5.0
U115231,P68904,4.7
U115231,P98967,5.0
U115233,P49296,3.8
U115234,P22938,3.9
U115235,P44617,3.3
U115237,P29407,4.1
U115237,P41968,4.0
U115237,P86026,3.9
U115239,P80094,4.0
U115240,P70193,3.7
U115243,P58462,3.8
U115244,P48618,3.5
U115245,P10128,4.0
U115245,P78710,4.1
U115246,P10510,3.8
U115247,P93000,3.9
U115249,P28138,4.8
U115249,P33127,3.6
U115251,P53397,3.9
U115252,P19821,3.6
U115252,P86357,4.8
U115257,P17749,3.7
U115257,P98941,4.6
U115259,P20028,3.5
U115259,P68868,4.1
U115259,P72265,3.8
U115259,P99031,3.8
U115260,P55026,3.9
U115260,P74102,3.9
U115261,P20104,3.4
U115261,P81458,2.9
U115262,P77228,4.1
U115263,P22392,4.0
U115263,P54962,4.3
U115264,P62253,3.8
U115264,P94967,4.1
U115266,P11101,4.4
U115266,P56406,4.2
U115266,P87728,4.4
U115267,P17638,3.5
U115267,P39034,4.4
U115268,P11251,3.9
U115269,P50038,5.0
U115270,P86735,3.2
U115271,P19405,3.6
U115272,P41556,3.6
U115274,P31244,3.5
U115274,P43924,4.2
U115275,P59756,4.3
U115275,P60874,4.1
U115275,P71094,4.1
U115276,P29579,4.3
U115276,P60794,4.6
U115276,P71058,4.1
U115279,P85199,4.4
U115279,P97844,3.4
U115281,P16657,4.2
U115281,P64591,3.1
U115281,P70809,4.6
U115283,P62724,3.2
U115284,P36454,4.6
U115284,P65035,4.3
U115285,P71093,3.8
U115288,P68362,3.4
U115288,P91084,3.3
U115289,P62564,4.5
U115290,P40069,4.3
U115290,P54035,3.7
U115291,P10699,3.6
U115291,P64363,4.2
U115291,P68715,3.2
U115292,P98833,3.4
U115293,P21824,4.0
U115294,P49777,3.8
U115295,P20785,5.0
U115296,P15245,4.3
U115296,P18743,4.1
U115297,P45788,4.1
U115297,P73267,3.9
U115297,P90113,3.8
U115299,P18986,4.5
U115299,P82439,3.3
U115300,P57216,4.0
U115300,P62559,3.4
U115301,P16085,4.8
U115301,P70554,3.6
U115302,P40995,4.2
U115303,P24677,4.0
U115303,P77792,3.8
U115304,P38673,3.8
U115306,P84333,4.7
U115306,P93186,4.4
U115307,P79226,3.7
U115308,P42085,3.6
U115309,P11532,4.8
U115311,P60956,3.9
U115312,P94508,4.3
U115314,P22815,4.5
U115314,P77518,3.5
U115315,P15235,5.0
U115315,P32344,3.9
U115315,P60397,3.7
U115315,P63280,3.7
U115316,P79634,4.0
U115317,P68367,3.5
U115318,P15230,4.0
U115318,P51395,3.0
U115319,P88548,3.8
U115320,P19759,4.6
U115320,P21516,5.0
U115321,P96250,3.0
U115325,P22320,4.0
U115326,P69223,2.5
U115328,P20277,3.6
U115328,P31217,2.9
U115329,P17378,3.4
U115329,P61027,4.0
U115330,P41465,3.3
U115331,P17428,3.7
U115331,P24262,2.7
U115331,P63014,4.1
U115333,P23753,3.8
U115333,P72946,3.9
U115333,P95524,3.6
U115334,P45457,3.7
U115334,P73612,4.2
U115336,P17311,4.4
U115337,P48670,3.9
U115337,P73444,3.6
U115339,P61909,3.8
U115341,P46444,3.9
U115342,P42034,4.3
U115342,P49730,4.0
U115342,P93813,4.5
U115343,P33997,4.1
U115345,P45931,3.8
U115345,P92469,3.9
U115346,P62495,3.7
U115346,P84104,4.5
U115349,P18788,3.5
U115349,P76270,4.0
U115350,P51383,3.6
U115350,P78233,3.6
U115350,P79269,3.4
U115351,P85105,4.3
U115351,P89851,3.7
U115352,P11793,3.0
U115354,P78129,3.9
U115355,P29962,4.5
U115355,P94932,4.2
U115357,P57780,4.0
U115359,P55582,4.0
U115359,P66601,3.8
U115359,P68996,4.6
U115359,P97124,3.9
U115360,P55159,4.1
U115360,P86031,4.1
U115361,P63253,4.0
U115362,P47121,4.4
U115363,P44774,3.9
U115363,P96062,4.9
U115364,P82745,4.2
U115365,P93196,3.9
U115365,P97317,3.6
U115366,P71991,5.0
U115369,P20702,4.4
U115372,P72490,3.9
U115375,P45435,4.4
U115375,P90883,4.5
U115376,P86120,4.0
U115377,P28456,3.6
U115377,P82768,4.2
U115377,P93624,3.8
U115378,P15581,4.6
U115378,P71050,3.6
U115378,P74734,4.0
U115379,P12931,3.3
U115380,P57187,2.8
U115380,P84973,3.8
U115380,P92028,4.0
U115381,P61390,4.6
U115383,P64102,4.4
U115385,P20946,3.2
U115385,P35940,4.1
U115386,P41002,4.3
U115386,P56284,4.7
U115387,P99654,4.2
U115388,P58008,4.2
U115389,P81968,3.5
U115389,P94814,3.9
U115390,P10120,3.7
U115390,P60927,3.6
U115390,P98955,4.4
U115391,P36552,3.9
U115392,P10210,3.6
U115394,P69321,4.3
U115395,P62843,3.6
U115396,P12980,3.6
U115396,P71908,3.4
U115396,P83161,3.8
U115396,P83938,3.3
U115396,P90371,5.0
U115397,P63137,3.8
U115399,P48038,5.0
U115399,P96555,4.9
U115400,P67348,3.2
U115400,P76773,3.6
U115401,P34284,3.8
U115401,P99181,3.3
U115402,P74603,4.9
U115403,P67677,4.9
U115404,P83403,3.0
U115407,P52829,3.6
U115407,P72350,3.9
U115407,P74537,3.7
U115408,P95446,4.6
U115409,P10623,3.6
U115410,P24888,3.9
U115411,P39370,3.5
U115411,P77363,4.8
U115411,P91291,3.0
U115412,P21608,4.1
U115413,P83564,4.0
U115414,P95333,4.9
U115417,P20333,3.7
U115419,P34172,4.3
U115419,P90643,4.0
U115420,P89929,4.4
U115421,P43376,3.8
U115421,P57658,4.0
U115421,P78814,4.1
U115423,P69111,4.4
U115423,P84752,3.5
U115427,P15851,4.4
U115428,P25653,4.0
U115428,P39093,4.6
U115429,P35526,4.1
U115429,P71067,3.5
U115430,P44842,3.7
U115430,P62307,3.9
U115431,P29414,4.1
U115431,P38739,4.3
U115433,P21989,3.4
U115433,P42157,4.4
U115433,P86978,4.0
U115434,P91982,4.5
U115436,P86946,3.5
U115437,P99125,3.7
U115439,P96727,4.8
U115441,P14726,3.7
U115441,P52400,4.2
U115441,P90207,3.6
U115442,P51801,3.8
U115443,P56867,4.2
U115444,P31085,3.3
U115444,P80839,3.7
U115445,P94903,4.4
U115446,P61187,4.0
U115447,P43044,4.0
U115449,P66853,3.7
U115450,P43453,3.4
U115450,P74838,4.5
U115450,P78272,4.3
U115451,P34858,4.2
U115451,P46898,3.5
U115451,P72861,2.2
U115451,P87736,3.9
U115453,P17497,4.4
U115453,P22165,4.1
U115453,P53736,4.2
U115453,P80016,3.5
U115454,P20363,3.2
U115454,P66601,3.6
U115455,P52456,4.9
U115459,P33581,3.7
U115459,P56678,5.0
U115459,P74550,3.0
U115461,P10721,3.6
U115462,P65785,3.6
U115462,P83035,4.1
U115463,P37626,3.2
U115465,P87391,4.2
U115466,P89089,4.0
U115467,P70789,4.5
U115470,P51794,3.5
U115472,P89215,4.1
U115473,P16686,4.3
U115473,P40993,3.3
U115474,P58462,3.1
U115475,P24600,4.3
U115475,P28176,4.4
U115475,P32293,3.7
U115475,P59720,3.7
U115476,P17288,4.0
U115476,P40294,3.8
U115477,P90483,2.8
U115478,P56360,4.0
U115479,P16793,3.4
U115479,P76286,3.4
U115480,P15703,3.4
U115480,P96234,4.1
U115481,P73796,3.6
U115482,P48568,3.0
U115483,P82096,3.6
U115484,P32888,3.6
U115484,P78979,4.9
U115485,P90591,3.2
U115486,P55728,4.4
U115488,P23603,3.8
U115490,P46221,3.6
U115491,P12224,3.7
U115492,P73579,3.8
U115492,P89196,3.5
U115493,P61410,3.8
U115494,P97906,3.3
U115496,P83023,5.0
U115497,P18729,4.2
U115497,P98988,3.2
U115498,P38907,4.7
U115500,P76751,4.2
U115501,P34652,3.3
U115503,P28225,3.5
U115505,P15664,4.4
U115505,P38079,3.3
U115506,P49065,3.6
U115512,P14658,4.2
U115512,P42905,4.0
U115512,P57607,3.1
U115512,P82961,3.9
U115513,P37538,3.6
U115513,P51348,4.4
U115513,P70895,4.4
U115513,P86997,3.9
U115513,P96857,4.3
U115515,P12445,3.2
U115517,P67924,4.6
U115519,P23964,5.0
U115519,P44519,4.4
U115520,P36591,4.8
U115523,P41704,4.1
U115525,P99846,4.6
U115527,P19300,4.2
U115528,P19070,3.4
U115528,P96011,3.4
U115529,P44756,3.9
U115529,P64350,3.9
U115530,P15284,3.5
U115530,P46641,4.2
U115531,P97940,3.3
U115532,P28972,4.4
U115533,P44599,4.3
U115533,P58788,4.2
U115535,P67653,3.6
U115537,P45654,3.9
U115537,P96709,4.0
U115539,P50708,4.6
U115541,P74284,4.1
U115542,P18886,3.9
U115542,P58764,3.9
U115548,P94536,5.0
U115549,P37240,4.0
U115551,P17368,3.9
U115555,P78318,4.1
U115555,P93805,3.6
U115556,P70003,3.4
U115561,P48021,3.9
U115563,P53316,4.3
U115564,P24400,4.8
U115565,P80880,3.1
U115566,P72305,3.3
U115567,P12491,3.7
U115567,P58157,3.4
U115567,P68386,4.0
U115568,P99246,4.6
U115569,P84242,4.8
U115570,P89351,5.0
U115572,P94105,3.0
U115575,P21720,3.9
U115575,P39517,3.8
U115578,P11321,4.3
U115578,P47240,4.1
U115579,P13371,4.3
U115579,P46969,4.0
U115580,P88867,4.4
U115580,P94453,4.1
U115581,P19477,3.8
U115581,P65532,4.0
U115582,P59182,3.4
U115584,P14892,3.7
U115585,P82762,3.6
U115587,P82406,2.8
U115588,P58474,3.3
U115592,P47681,4.6
U115593,P59554,4.0
U115593,P98195,4.6
U115595,P66675,4.4
U115597,P75892,3.5
U115598,P37107,3.8
U115600,P86049,4.0
U115601,P33422,4.3
U115601,P89855,3.9
U115602,P91792,4.3
U115603,P67311,3.2
U115603,P87901,4.4
U115604,P45772,3.9
U115607,P44545,3.7
U115607,P49203,2.9
U115607,P58711,3.7
U115607,P77596,4.0
U115607,P82763,4.0
U115607,P85842,3.6
U115608,P99583,4.5
U115610,P24857,4.1
U115610,P60322,3.5
U115612,P25947,3.9
U115612,P35096,4.8
U115612,P65344,3.7
U115614,P48721,4.6
U115614,P82991,4.3
U115615,P28707,3.5
U115616,P36914,4.1
U115616,P86176,3.5
U115617,P96617,4.3
U115619,P83542,4.7
U115619,P98036,4.0
U115620,P63098,4.4
U115620,P86321,3.9
U115620,P86753,4.2
U115621,P71224,4.0
U115625,P82337,3.7
U115625,P89760,3.1
U115626,P34263,4.2
U115629,P25225,4.2
U115629,P53225,3.8
U115629,P92845,3.2
U115629,P97721,3.9
U115630,P34426,4.9
U115630,P60247,4.1
U115631,P54533,3.2
U115632,P62924,3.7
U115632,P90379,3.8
U115635,P44862,4.3
U115635,P45297,3.7
U115635,P54220,3.4
U115635,P79378,3.6
U115636,P91834,4.1
U115636,P93944,4.0
U115637,P31298,3.6
U115637,P74843,3.8
U115638,P17716,3.4
U115638,P46419,4.6
U115639,P98418,3.6
U115640,P15106,3.4
U115640,P26494,4.4
U115643,P14346,3.8
U115643,P48427,4.4
U115644,P13637,3.3
U115644,P27073,3.1
U115644,P97820,3.1
U115645,P45986,4.7
U115646,P51921,4.6
U115646,P79847,5.0
U115647,P48713,5.0
U115648,P41321,3.6
U115649,P31393,3.8
U115651,P10031,4.5
U115651,P39399,3.6
U115651,P91621,4.5
U115652,P37950,4.4
U115654,P14522,3.6
U115654,P46400,3.7
U115654,P91110,4.1
U115655,P35455,3.9
U115655,P45903,3.6
U115655,P84752,3.3
U115655,P96239,3.6
U115656,P24225,4.3
U115656,P90787,4.1
U115657,P19143,2.8
U115657,P50245,4.1
U115657,P77009,4.3
U115658,P82872,4.1
U115659,P77640,3.6
U115662,P37456,4.2
U115663,P54633,4.9
U115664,P64118,4.3
U115665,P65896,3.7
U115665,P67104,4.1
U115666,P37331,4.0
U115667,P41711,3.4
U115667,P71612,3.7
U115667,P89885,4.1
U115668,P59861,2.7
U115671,P80772,3.1
U115672,P31253,3.1
U115673,P18690,4.6
U115673,P33617,4.6
U115675,P13420,3.9
U115675,P70676,3.6
U115676,P23482,5.0
U115678,P33149,3.6
U115679,P37741,3.4
U115679,P49967,4.9
U115680,P96418,4.1
U115682,P60028,3.6
U115683,P43869,3.2
U115684,P13063,4.7
U115684,P39356,4.1
U115684,P97509,4.2
U115687,P23694,3.6
U115688,P28750,3.3
U115688,P86868,5.0
U115692,P79622,3.9
U115695,P26978,3.5
U115696,P22964,4.5
U115696,P53945,4.2
U115697,P39567,3.2
U115698,P37616,4.3
U115698,P77513,4.7
U115700,P34735,3.6
U115700,P37986,3.3
U115700,P96296,3.4
U115701,P15900,2.9
U115701,P53123,4.0
U115702,P22452,4.5
U115702,P29008,3.4
U115702,P73144,4.2
U115703,P35797,4.7
U115704,P12553,3.2
U115705,P18577,3.4
U115706,P43007,3.8
U115707,P78125,4.6
U115710,P31818,3.4
U115711,P39159,3.8
U115711,P97010,4.4
U115711,P98030,4.1
U115712,P23619,4.0
U115714,P12040,3.3
U115714,P40022,4.2
U115715,P33629,3.6
U115715,P44801,3.7
U115715,P50233,3.9
U115716,P71956,2.7
U115717,P21364,3.1
U115718,P36213,4.3
U115718,P48586,3.0
U115719,P24424,3.2
U115720,P26426,4.5
U115720,P55889,4.1
U115720,P77588,4.7
U115720,P81494,3.8
U115721,P32113,2.9
U115721,P51105,3.6
U115721,P76224,4.0
U115723,P30192,3.9
U115723,P91259,4.0
U115724,P52500,4.2
U115724,P92462,3.8
U115726,P14557,4.0
U115726,P97363,3.7
U115727,P24022,3.9
U115727,P42874,3.6
U115728,P31419,2.7
U115730,P72656,3.7
U115731,P47740,3.8
U115732,P29164,5.0
U115732,P30819,4.5
U115732,P47653,4.4
U115732,P66919,4.9
U115733,P18612,3.0
U115734,P65567,3.8
U115734,P73746,3.7
U115735,P67944,3.9
U115736,P28956,3.3
U115736,P73741,4.1
U115736,P80896,4.5
U115737,P62130,4.6
U115738,P28014,4.2
U115738,P54213,4.3
U115738,P73470,3.6
U115738,P87895,3.4
U115744,P34991,3.7
U115745,P81032,3.9
U115748,P43170,3.6
U115750,P26865,3.6
U115750,P79124,3.7
U115751,P12666,3.7
U115751,P70860,3.5
U115752,P72896,4.0
U115753,P14066,4.5
U115753,P90201,3.5
U115753,P96278,4.1
U115754,P42842,3.8
U115754,P47582,3.5
U115754,P51907,4.2
U115755,P45797,3.7
U115755,P95408,3.8
U115756,P22831,4.5
U115756,P76099,4.9
U115757,P13562,4.8
U115757,P41490,3.9
U115759,P95496,3.9
U115761,P38804,4.2
U115762,P64697,4.6
U115762,P71606,4.0
U115763,P27843,3.7
U115763,P65874,3.8
U115766,P64773,3.8
U115768,P22039,4.6
U115768,P34752,2.7
U115768,P83995,4.1
U115769,P15437,4.8
U115770,P19100,4.4
U115770,P66690,3.9
U115771,P19128,3.2
U115771,P79852,4.3
U115772,P51061,4.6
U115773,P47078,4.5
U115773,P82321,3.7
U115773,P88878,3.9
U115773,P99987,3.4
U115775,P10728,3.8
U115775,P20966,3.4
U115775,P87959,3.9
U115776,P90936,2.5
U115777,P39858,3.9
U115777,P49490,4.3
U115778,P17998,4.1
U115778,P66753,4.3
U115779,P47648,5.0
U115779,P96512,4.4
U115780,P17411,4.3
U115780,P91787,3.2
U115782,P84539,3.1
U115783,P54541,3.2
U115783,P63813,4.5
U115783,P82616,4.6
U115786,P12828,4.0
U115786,P50230,3.1
U115786,P85691,3.8
U115786,P87424,4.0
U115787,P65846,3.3
U115788,P15254,4.0
U115790,P78538,3.0
U115791,P65011,3.0
U115792,P95046,3.5
U115793,P13122,3.7
U115793,P88417,5.0
U115795,P14791,3.8
U115796,P18242,3.7
U115798,P84578,4.9
U115799,P50553,5.0
U115799,P90267,4.4
U115801,P13192,3.9
U115803,P18398,3.9
U115803,P90239,3.3
U115804,P12729,3.7
U115804,P32176,4.4
U115805,P13617,5.0
U115805,P16125,4.3
U115805,P69830,4.0
U115806,P65942,4.4
U115806,P78075,4.4
U115808,P60374,4.6
U115808,P71891,4.1
U115808,P97415,3.3
U115809,P12965,3.7
U115810,P50708,4.9
U115812,P10215,3.2
U115813,P49985,4.4
U115813,P54781,3.9
U115813,P92941,3.9
U115816,P65409,3.5
U115816,P91469,4.5
U115817,P88363,3.8
U115820,P53072,3.2
U115823,P54982,4.1
U115825,P54861,3.9
U115826,P70732,4.6
U115827,P84952,3.3
U115829,P45723,3.8
U115830,P27506,4.7
U115831,P14650,4.2
U115831,P43373,4.4
U115831,P47058,4.1
U115831,P48258,4.1
U115831,P62883,5.0
U115831,P86467,3.0
U115832,P37172,3.4
U115832,P91127,4.0
U115834,P61985,3.2
U115836,P22428,5.0
U115836,P25115,3.7
U115836,P49336,4.0
U115836,P93312,4.0
U115838,P19629,3.5
U115839,P16279,4.2
U115839,P97833,3.7
U115841,P83166,4.2
U115842,P68793,5.0
U115842,P72687,3.7
U115843,P19417,4.0
U115843,P35151,3.6
U115844,P63184,4.2
U115844,P76018,4.3
U115844,P89790,4.2
U115847,P21624,3.7
U115847,P61047,3.7
U115848,P49152,3.9
U115848,P97401,4.1
U115850,P73943,4.0
U115852,P21699,3.6
U115852,P72434,3.4
U115853,P26325,5.0
U115853,P26891,3.5
U115853,P66796,3.9
U115855,P49880,4.2
U115856,P25329,4.0
U115858,P54699,3.6
U115858,P72262,3.5
U115859,P75188,2.9
U115860,P44449,4.0
U115861,P33671,4.3
U115862,P24113,4.3
U115862,P90110,3.4
U115864,P57916,4.1
U115864,P89208,3.7
U115866,P39105,4.1
U115866,P90128,4.2
U115867,P21165,2.6
U115867,P58793,4.2
U115867,P63441,2.6
U115868,P88002,4.7
U115868,P95754,4.7
U115870,P32124,4.5
U115871,P94624,3.5
U115873,P24177,5.0
U115873,P88404,4.4
U115875,P17643,3.5
U115875,P23223,4.1
U115879,P67130,4.1
U115880,P17806,3.6
U115880,P21621,4.3
U115880,P64289,4.3
U115881,P16765,4.3
U115881,P34944,3.5
U115882,P28247,3.9
U115882,P29254,4.5
U115882,P62910,4.1
U115883,P45193,3.7
U115885,P66455,4.4
U115886,P61434,4.3
U115886,P76700,3.7
U115887,P52785,4.2
U115892,P84789,3.8
U115893,P67931,3.7
U115894,P24136,3.5
U115894,P50685,4.1
U115894,P92182,3.7
U115895,P57449,3.2
U115895,P92054,4.3
U115896,P92417,4.9
U115897,P16116,4.4
U115897,P21427,4.6
U115897,P73220,3.5
U115897,P74533,4.1
U115898,P25741,5.0
U115899,P37418,3.4
U115900,P67052,3.3
U115900,P95095,4.0
U115902,P48458,4.5
U115902,P61973,4.1
U115903,P15252,4.2
U115903,P99989,4.1
U115906,P14924,4.8
U115907,P17597,5.0
U115907,P58048,2.9
U115908,P12244,4.4
U115908,P35579,3.5
U115908,P77619,3.5
U115908,P86322,4.4
U115909,P12039,3.7
U115910,P34923,3.8
U115910,P92816,4.3
U115911,P26299,4.8
U115911,P47602,3.7
U115911,P88438,4.3
U115913,P38072,4.5
U115913,P38888,3.0
U115913,P77854,3.5
U115914,P60335,3.6
U115914,P93483,4.3
U115915,P30173,4.2
U115916,P11433,4.2
U115916,P40988,4.2
U115916,P70333,3.5
U115916,P84878,3.8
U115917,P21733,4.4
U115918,P18001,4.4
U115918,P55611,2.9
U115919,P25011,4.1
U115919,P80242,2.6
U115920,P44040,3.4
U115920,P46791,4.4
U115920,P96451,3.8
U115921,P23777,4.8
U115921,P36252,3.7
U115921,P60202,4.0
U115923,P16231,4.2
U115923,P35455,3.7
U115924,P75895,3.9
U115924,P96013,4.4
U115925,P40673,4.1
U115926,P70057,4.3
U115927,P88764,3.9
U115928,P13899,3.9
U115928,P16600,3.9
U115928,P22044,3.9
U115928,P22075,4.1
U115928,P41350,3.6
U115928,P83259,3.6
U115929,P20853,4.0
U115929,P34291,4.2
U115929,P58140,4.4
U115930,P50637,3.4
U115930,P72074,4.1
U115930,P78855,4.0
U115931,P37472,3.8
U115931,P92210,3.2
U115931,P98912,3.4
U115936,P29811,4.1
U115940,P83049,4.4
U115942,P38657,3.1
U115942,P54479,3.2
U115945,P49953,4.6
U115946,P75385,3.9
U115947,P60383,2.9
U115948,P66528,3.9
U115948,P76783,4.5
U115948,P84679,3.8
U115949,P45568,3.9
U115950,P23623,3.6
U115950,P31681,4.1
U115951,P24287,4.3
U115952,P55968,3.8
U115953,P72666,4.3
U115958,P92264,3.4
U115960,P27999,3.8
U115960,P35291,4.6
U115961,P52436,4.2
U115962,P61605,2.8
U115964,P81499,4.3
U115965,P42081,4.9
U115965,P56193,3.6
U115966,P99385,3.7
U115969,P90993,4.3
U115971,P32010,3.8
U115973,P32060,4.4
U115973,P96938,3.0
U115975,P58071,4.9
U115976,P13473,3.6
U115976,P35310,3.5
U115977,P45261,3.9
U115979,P56695,4.4
U115979,P81174,3.9
U115982,P35492,3.2
U115982,P99063,3.5
U115983,P19996,3.3
U115983,P34630,3.2
U115983,P86728,3.9
U115984,P36213,4.2
U115984,P77510,4.8
U115985,P55668,4.2
U115985,P77940,3.9
U115986,P56360,3.8
U115987,P75354,4.0
U115988,P94500,4.5
U115989,P63893,3.9
U115990,P58466,4.1
U115992,P18153,3.1
U115994,P57597,4.8
U115995,P10662,3.3
U115995,P37119,3.7
U115996,P81370,4.0
U115997,P34747,4.1
U115997,P91650,4.6
U115999,P87783,2.6
U116000,P35629,3.8
U116001,P23373,3.3
U116003,P64806,4.9
U116004,P92490,4.3
U116005,P89846,4.2
U116006,P22528,4.8
U116006,P98338,4.0
U116010,P27174,4.2
U116012,P78222,4.4
U116014,P13077,5.0
U116014,P48567,3.9
U116015,P55866,2.9
U116016,P44128,3.1
U116016,P58391,4.0
U116017,P57901,3.7
U116018,P70243,3.2
U116018,P72674,4.0
U116018,P79017,4.3
U116019,P66207,3.4
U116020,P48255,3.8
U116020,P66827,4.5
U116020,P77724,3.0
U116021,P56579,4.3
U116021,P84718,3.8
U116022,P55891,4.4
U116022,P67305,3.5
U116023,P12828,4.3
U116023,P62652,2.8
U116024,P33671,4.6
U116025,P24936,3.9
U116026,P50410,3.0
U116026,P72353,3.7
U116027,P31457,3.2
U116027,P68733,4.0
U116031,P12855,4.3
U116031,P65276,4.2
U116032,P35753,3.7
U116033,P19614,4.2
U116034,P50621,3.3
U116037,P96384,3.4
U116039,P44656,4.0
U116040,P53246,4.6
U116040,P73531,4.3
U116040,P86492,4.3
U116041,P24596,3.4
U116042,P85007,3.4
U116043,P67335,3.7
U116044,P45363,3.7
U116045,P63274,3.2
U116045,P98841,3.5
U116046,P25797,3.0
U116047,P82566,3.3
U116048,P61148,4.1
U116050,P15420,3.9
U116051,P79350,3.7
U116051,P86478,4.7
U116052,P38446,3.2
U116054,P40770,3.9
U116054,P75864,3.8
U116055,P14530,4.2
U116055,P47652,4.0
U116056,P82154,3.9
U116059,P88934,3.9
U116060,P65939,4.4
U116061,P41555,5.0
U116061,P48719,4.5
U116061,P84189,4.4
U116061,P87297,3.6
U116061,P99914,4.0
U116062,P12168,4.4
U116062,P25466,4.9
U116062,P54950,3.8
U116063,P31187,4.4
U116063,P61128,3.9
U116064,P13980,4.2
U116064,P16224,3.8
U116064,P55601,4.5
U116065,P26677,3.9
U116065,P75227,3.4
U116065,P89610,4.1
U116067,P42098,3.7
U116070,P91244,3.5
U116072,P34453,4.3
U116074,P22474,4.3
U116074,P38959,3.5
U116074,P84724,4.3
U116075,P61146,3.9
U116076,P51934,3.3
U116076,P68605,5.0
U116077,P18826,3.6
U116077,P37062,3.9
U116077,P37512,3.2
U116078,P34877,4.4
U116078,P38550,4.3
U116078,P82262,2.9
U116079,P42332,4.5
U116080,P31540,3.2
U116080,P47047,3.6
U116081,P53759,4.1
U116082,P96284,5.0
U116084,P13746,3.8
U116084,P49397,4.4
U116085,P81084,3.4
U116086,P16950,3.1
U116086,P76495,4.0
U116089,P82506,3.4
U116090,P24400,4.3
U116090,P68100,4.8
U116091,P36503,4.2
U116092,P16549,3.9
U116092,P65895,4.3
U116093,P28894,3.6
U116093,P34669,4.0
U116093,P68188,4.0
U116093,P68968,3.9
U116093,P84572,3.2
U116095,P42588,2.9
U116095,P84188,4.1
U116096,P31006,4.0
U116096,P34070,3.1
U116097,P48270,3.8
U116097,P67619,4.5
U116097,P71223,3.8
U116098,P42426,4.4
U116099,P17868,3.3
U116099,P71123,4.5
U116100,P40708,3.9
U116100,P94669,3.0
U116101,P62792,3.7
U116101,P69898,4.7
U116101,P86043,4.0
U116102,P41949,3.4
U116104,P75794,5.0
U116106,P23878,3.6
U116106,P85493,4.1
U116107,P19035,4.5
U116107,P31659,4.0
U116108,P61449,3.9
U116108,P83251,4.6
U116108,P87164,4.7
U116108,P94841,4.7
U116109,P34914,5.0
U116109,P48355,4.5
U116109,P89769,3.6
U116112,P39942,3.6
U116112,P71804,3.2
U116114,P23173,4.5
U116114,P35625,4.0
U116114,P59739,4.4
U116115,P13552,4.4
U116115,P37460,3.9
U116115,P52835,3.6
U116115,P70120,3.8
U116118,P10572,4.3
U116120,P62598,4.1
U116120,P78462,4.3
U116122,P55385,3.5
U116123,P18360,4.5
U116124,P66031,3.8
U116125,P68326,3.5
U116125,P79988,4.9
U116126,P42944,3.6
U116126,P44944,3.3
U116128,P71457,4.2
U116129,P10658,4.0
U116130,P15818,3.8
U116130,P21590,3.2
U116131,P65215,3.6
U116133,P72794,2.8
U116136,P12163,4.8
U116136,P34203,4.0
U116136,P47672,4.7
U116141,P16636,3.8
U116142,P59134,3.9
U116144,P41836,4.4
U116144,P44980,3.4
U116145,P86817,3.5
U116146,P96085,4.2
U116147,P76505,4.7
U116149,P62656,3.4
U116151,P70018,4.3
U116152,P32298,3.8
U116152,P95625,4.1
U116155,P37325,3.2
U116155,P42189,4.4
U116156,P89036,4.4
U116157,P16213,5.0
U116159,P50447,4.6
U116159,P59251,3.8
U116159,P88714,4.1
U116160,P18008,4.9
U116160,P18406,4.2
U116161,P67279,3.9
U116163,P82314,4.7
U116164,P37519,3.1
U116164,P42664,4.0
U116164,P83252,3.4
U116164,P87004,3.1
U116166,P21304,5.0
U116166,P38698,3.9
U116167,P90903,4.0
U116168,P17226,4.8
U116169,P25946,3.1
U116169,P73076,3.6
U116170,P14600,3.7
U116170,P50133,4.2
U116171,P13957,3.6
U116171,P28813,4.5
U116171,P94755,4.3
U116172,P59754,3.2
U116174,P17112,4.8
U116175,P82247,3.6
U116176,P13353,2.8
U116176,P21066,3.9
U116177,P17388,3.8
U116178,P50577,3.6
U116179,P60835,4.2
U116180,P28149,4.2
U116180,P85041,5.0
U116181,P81800,3.9
U116181,P88053,3.9
U116183,P46132,4.9
U116185,P77443,4.1
U116185,P95053,4.6
U116186,P10823,3.6
U116187,P10810,3.1
U116187,P25731,3.6
U116187,P59124,4.0
U116187,P95894,3.9
U116188,P25501,3.4
U116188,P41884,4.5
U116189,P23731,3.7
U116189,P52040,3.7
U116189,P80826,4.1
U116189,P96858,3.7
U116191,P79043,3.4
U116193,P10023,3.9
U116193,P59279,4.2
U116193,P90687,3.8
U116194,P12607,4.4
U116196,P14589,4.6
U116198,P22881,3.1
U116198,P96324,3.3
U116200,P60783,4.2
U116201,P94005,5.0
U116201,P95716,4.7
U116202,P20478,3.6
U116204,P45158,4.0
U116204,P90475,3.6
U116206,P71561,4.6
U116208,P18176,4.8
U116208,P73774,3.7
U116209,P46710,3.7
U116209,P73353,4.1
U116211,P89311,4.4
U116211,P90453,3.5
U116211,P98166,3.6
U116213,P74593,4.0
U116214,P23901,4.2
U116214,P87933,4.5
U116215,P33200,3.9
U116215,P52124,4.0
U116217,P46579,3.8
U116218,P26793,3.7
U116218,P28403,4.0
U116219,P33037,3.1
U116221,P86204,3.9
U116222,P33498,4.4
U116225,P54753,3.6
U116227,P56758,4.3
U116228,P37861,4.5
U116228,P53374,4.4
U116230,P10594,3.7
U116230,P74064,4.2
U116231,P98349,3.5
U116236,P51358,3.1
U116240,P28266,3.3
U116240,P45170,4.6
U116240,P82004,3.8
U116242,P18388,3.8
U116242,P28960,3.9
U116242,P52985,4.4
U116242,P85958,3.1
U116242,P87221,3.6
U116243,P87747,3.7
U116245,P85030,4.2
U116246,P27744,3.7
U116246,P57661,3.8
U116247,P95878,2.7
U116248,P74479,4.0
U116250,P80228,3.6
U116251,P42793,3.9
U116252,P27215,4.0
U116253,P79243,2.8
U116254,P35857,3.8
U116255,P39612,4.4
U116255,P63505,4.3
U116255,P76407,4.7
U116257,P40644,3.9
U116259,P36767,3.6
U116260,P38458,4.3
U116260,P65588,3.6
U116261,P38037,4.2
U116261,P84207,3.2
U116261,P89073,3.2
U116261,P94185,4.5
U116261,P94609,4.6
U116262,P39135,4.2
U116265,P19848,4.4
U116265,P96909,4.0
U116267,P26185,2.9
U116267,P65083,3.9
U116269,P83824,4.7
U116272,P11656,4.7
U116272,P60315,4.7
U116274,P20215,3.8
U116274,P41759,4.2
U116275,P57424,4.7
U116275,P67429,4.7
U116277,P97322,3.8
U116278,P78780,4.1
U116279,P15407,3.7
U116279,P79856,3.9
U116280,P74720,3.4
U116281,P51149,3.3
U116281,P95323,3.8
U116283,P30146,3.7
U116283,P69511,3.5
U116283,P70023,3.8
U116284,P12175,3.9
U116284,P86686,3.7
U116284,P91262,3.8
U116285,P35612,4.1
U116286,P18044,3.8
U116286,P26545,4.1
U116288,P27490,4.3
U116288,P50516,3.9
U116288,P93115,3.8
U116290,P51197,3.2
U116293,P28414,4.5
U116293,P92303,4.0
U116294,P55579,3.2
U116295,P43137,3.5
U116297,P96626,3.8
U116298,P18529,5.0
U116298,P80881,3.7
U116300,P28171,3.7
U116301,P82008,4.2
U116302,P55245,4.3
U116302,P57091,3.9
U116302,P95847,5.0
U116306,P83838,4.0
U116307,P12232,3.8
U116308,P30117,3.9
U116308,P60854,3.9
U116309,P10333,5.0
U116309,P82709,3.7
U116311,P28410,3.7
U116311,P41091,4.8
U116312,P80063,4.6
U116314,P31422,3.0
U116316,P32552,4.8
U116317,P62188,4.5
U116318,P33590,4.0
U116320,P98979,4.0
U116321,P52747,3.5
U116321,P77043,4.3
U116323,P41540,4.0
U116325,P42477,4.0
U116325,P56508,4.8
U116325,P61722,3.3
U116327,P18826,5.0
U116327,P20699,4.6
U116327,P93880,4.6
U116328,P44887,3.4
U116328,P90390,3.7
U116329,P47467,4.3
U116331,P51347,3.3
U116332,P65878,3.9
U116332,P79594,3.6
U116334,P62333,3.8
U116335,P36573,3.8
U116336,P10440,4.5
U116338,P14765,4.4
U116338,P53187,3.2
U116338,P71093,4.6
U116343,P13658,3.5
U116343,P50260,3.6
U116343,P81887,5.0
U116344,P39729,3.6
U116345,P31488,3.7
U116345,P67282,4.2
U116346,P42875,3.9
U116346,P66937,4.5
U116347,P28772,3.7
U116347,P43108,4.1
U116347,P73288,3.7
U116349,P64926,4.1
U116350,P15928,3.7
U116351,P77181,3.6
U116353,P19289,3.5
U116355,P41703,4.1
U116357,P72305,4.3
U116359,P25093,3.3
U116359,P68558,3.5
U116359,P94185,4.1
U116362,P29734,3.9
U116362,P65911,5.0
U116362,P88781,4.1
U116362,P90213,3.8
U116363,P61160,3.8
U116363,P65054,4.3
U116364,P90363,3.5
U116365,P32574,4.0
U116365,P33569,4.1
U116366,P75681,3.2
U116366,P77612,4.3
U116368,P61631,3.8
U116369,P50992,3.9
U116369,P80066,4.3
U116370,P42634,5.0
U116372,P27462,3.7
U116372,P34534,4.4
U116373,P77968,4.2
U116375,P15829,3.9
U116375,P76758,3.8
U116376,P92498,4.5
U116377,P33433,4.5
U116377,P65897,3.8
U116378,P22313,4.4
U116379,P70169,4.2
U116379,P96531,3.7
U116379,P99979,4.1
U116380,P55017,3.7
U116381,P64093,4.1
U116382,P23939,4.9
U116382,P30075,3.8
U116382,P59371,3.6
U116384,P24945,3.2
U116384,P47231,3.6
U116386,P15102,3.9
U116387,P91663,4.8
U116388,P16915,3.9
U116388,P61972,4.0
U116388,P94551,3.1
U116391,P89938,3.8
U116392,P96234,4.0
U116393,P19904,3.6
U116393,P27586,4.2
U116394,P68952,4.2
U116395,P67216,3.9
U116395,P91064,4.7
U116398,P53481,4.1
U116398,P62144,3.0
U116401,P24253,3.6
U116402,P14748,3.7
U116404,P33405,4.1
U116406,P30387,4.1
U116407,P33936,4.1
U116407,P72848,4.2
U116408,P52809,3.9
U116409,P31342,4.2
U116410,P71817,4.3
U116410,P85240,3.4
U116413,P59273,3.5
U116413,P75341,3.9
U116414,P26099,4.6
U116414,P38212,3.5
U116415,P94969,3.2
U116416,P46218,3.6
U116418,P43937,5.0
U116418,P48224,3.8
U116418,P58330,4.0
U116420,P93632,3.6
U116421,P64995,3.3
U116421,P98595,3.7
U116422,P47667,3.6
U116423,P64485,4.1
U116425,P35034,4.3
U116425,P80651,4.9
U116425,P96215,4.8
U116427,P16576,3.6
U116429,P58015,4.2
U116429,P74212,4.7
U116429,P98887,4.4
U116430,P60480,3.4
U116430,P66409,4.1
U116433,P32431,4.0
U116433,P66244,3.9
U116434,P39044,3.7
U116434,P93226,4.1
U116435,P49085,3.5
U116436,P31758,3.6
U116436,P52916,3.8
U116436,P81655,3.7
U116437,P90809,4.1
U116439,P39790,3.6
U116439,P59838,4.2
U116441,P35564,3.9
U116444,P72766,4.2
U116445,P19444,2.5
U116445,P59962,4.0
U116445,P71240,4.7
U116447,P49401,3.7
U116448,P36309,3.3
U116449,P38213,4.6
U116450,P88916,4.9
U116451,P18377,4.6
U116451,P97926,3.3
U116452,P59857,3.5
U116453,P55629,3.9
U116454,P26387,3.4
U116455,P33329,4.1
U116457,P36944,3.3
U116458,P72894,3.7
U116460,P73795,4.0
U116461,P47674,5.0
U116462,P64585,4.0
U116464,P12198,4.2
U116466,P57806,3.8
U116468,P51411,3.8
U116469,P28321,4.5
U116471,P18083,4.1
U116474,P35362,4.2
U116475,P36111,3.5
U116476,P99152,3.9
U116477,P68171,3.9
U116480,P61746,4.2
U116481,P11273,3.5
U116481,P65567,4.1
U116482,P61147,4.5
U116482,P95690,3.6
U116483,P19856,3.5
U116483,P31721,4.9
U116483,P44208,3.2
U116483,P44833,3.9
U116483,P85850,4.8
U116485,P90273,3.8
U116486,P68630,4.3
U116488,P24983,3.6
U116488,P39370,3.6
U116489,P45781,4.5
U116489,P74580,4.2
U116490,P30038,3.4
U116492,P12114,4.4
U116493,P80999,3.7
U116495,P30853,3.8
U116495,P76412,3.4
U116496,P15512,4.0
U116496,P73496,3.4
U116497,P98282,4.1
U116498,P97101,3.7
U116502,P40020,4.6
U116503,P39925,4.4
U116504,P44466,3.7
U116504,P84369,4.2
U116505,P44629,3.2
U116506,P25152,4.0
U116506,P37385,4.3
U116506,P72805,2.9
U116506,P77575,3.3
U116507,P74887,3.7
U116508,P77206,4.3
U116509,P90828,4.7
U116510,P42175,4.1
U116511,P47914,3.1
U116512,P15934,4.0
U116513,P53832,4.2
U116514,P37549,4.0
U116515,P14213,3.1
U116516,P61734,4.0
U116516,P75630,3.6
U116517,P23047,3.5
U116517,P81918,4.5
U116517,P99942,3.2
U116518,P85699,4.5
U116519,P36404,3.8
U116519,P80754,3.3
U116520,P35766,4.2
U116520,P41916,3.8
U116520,P89816,4.9
U116522,P78406,3.6
U116523,P17888,3.9
U116524,P89206,4.2
U116524,P94091,3.1
U116526,P57293,4.3
U116526,P80003,4.9
U116526,P90588,3.5
U116527,P93302,4.5
U116528,P64551,4.9
U116529,P37559,4.1
U116531,P25495,4.4
U116531,P33534,4.4
U116531,P63844,4.3
U116532,P15833,4.5
U116532,P21267,3.5
U116533,P13023,4.5
U116534,P63448,4.2
U116534,P99087,4.3
U116535,P71403,3.9
U116536,P60610,3.5
U116536,P74681,4.2
U116537,P17259,4.1
U116537,P58865,3.4
U116537,P59875,3.5
U116539,P13659,3.9
U116539,P47387,3.7
U116539,P48285,4.2
U116540,P35252,4.1
U116544,P30033,3.6
U116544,P54769,3.4
U116545,P41676,3.8
U116545,P95382,3.9
U116547,P37379,3.3
U116550,P50856,3.7
U116552,P14431,4.2
U116552,P57036,5.0
U116553,P19740,3.7
U116553,P26275,4.0
U116553,P96124,4.8
U116554,P26782,4.5
U116554,P61083,4.7
U116554,P62123,3.3
U116554,P68374,3.9
U116554,P90477,4.6
U116555,P50595,5.0
U116557,P34752,3.5
U116557,P51109,4.0
U116557,P82237,3.9
U116558,P35437,4.0
U116559,P42152,4.2
U116560,P17108,3.3
U116560,P55236,4.0
U116560,P80069,3.1
U116562,P20948,4.4
U116563,P59102,4.0
U116563,P78637,3.9
U116565,P24191,4.0
U116566,P33730,3.7
U116570,P28154,3.6
U116571,P11025,5.0
U116571,P27950,3.4
U116571,P42913,3.8
U116571,P82245,4.5
U116571,P87150,4.0
U116575,P91952,3.6
U116576,P89884,3.4
U116578,P77167,4.3
U116578,P89374,3.8
U116580,P84549,4.4
U116582,P49337,3.8
U116584,P51514,3.7
U116584,P81987,3.2
U116586,P86985,3.7
U116589,P42242,3.7
U116590,P34942,3.4
U116590,P88835,4.1
U116591,P20514,3.6
U116591,P58872,4.2
U116591,P99293,3.7
U116592,P49405,3.9
U116594,P23373,4.0
U116595,P24293,4.5
U116596,P74728,3.5
U116596,P82139,4.0
U116597,P95832,4.3
U116597,P96159,4.0
U116599,P21800,4.1
U116600,P57850,4.1
U116600,P74007,3.3
U116601,P17134,3.5
U116601,P35585,4.1
U116604,P36158,3.5
U116604,P40041,4.1
U116605,P12220,4.2
U116609,P84794,4.3
U116611,P42633,4.1
U116611,P76584,3.7
U116612,P45354,4.0
U116612,P93091,3.8
U116612,P96176,3.8
U116614,P22535,3.6
U116614,P25383,4.0
U116614,P29320,4.5
U116616,P51418,4.4
U116616,P68781,4.4
U116616,P97951,4.2
U116617,P12343,4.5
U116617,P47731,3.7
U116618,P87345,3.6
U116621,P23548,4.0
U116622,P49366,4.0
U116623,P17937,4.6
U116624,P91331,3.8
U116625,P93009,3.8
U116626,P80762,3.6
U116626,P92456,4.1
U116629,P87281,4.0
U116629,P99296,4.7
U116630,P76049,3.8
U116630,P95519,3.7
U116632,P71808,4.2
U116633,P70892,4.1
U116634,P35646,4.2
U116634,P84268,4.4
U116636,P15741,4.1
U116636,P26158,4.7
U116636,P38986,3.8
U116639,P58967,4.4
U116639,P72264,4.2
U116640,P24634,4.2
U116641,P18167,3.6
U116643,P25729,4.6
U116643,P59550,3.9
U116645,P43888,4.5
U116646,P47237,4.0
U116646,P52505,4.0
U116647,P30306,4.6
U116648,P97248,3.5
U116652,P63339,5.0
U116654,P52413,3.9
U116654,P83819,3.9
U116655,P22636,3.8
U116657,P37375,3.4
U116657,P57717,3.5
U116657,P65672,4.0
U116658,P38157,3.9
U116658,P86976,3.9
U116659,P10301,3.9
U116659,P19340,3.8
U116661,P20204,3.1
U116662,P29466,4.1
U116662,P30003,4.2
U116662,P67167,3.5
U116663,P38475,3.2
U116663,P63930,4.0
U116664,P40230,4.0
U116664,P58715,3.9
U116664,P94120,3.3
U116666,P13919,3.6
U116668,P70215,3.9
U116668,P82014,4.6
U116669,P12914,3.6
U116669,P58227,4.1
U116670,P97328,4.1
U116671,P52572,3.9
U116671,P55843,4.0
U116672,P56113,3.0
U116674,P23710,2.7
U116674,P52691,3.0
U116674,P93828,2.4
U116675,P32875,3.1
U116675,P73986,3.7
U116676,P14819,2.8
U116677,P30032,5.0
U116678,P56730,4.3
U116678,P81591,3.9
U116679,P46046,4.6
U116679,P53929,4.7
U116679,P73320,4.2
U116680,P42968,4.0
U116680,P52967,3.7
U116681,P30564,4.3
U116681,P89652,4.2
U116681,P98136,4.0
U116683,P46842,4.1
U116683,P71441,3.8
U116684,P63094,2.8
U116684,P77614,4.2
U116685,P24668,3.3
U116685,P85237,4.3
U116687,P78332,3.8
U116689,P57542,3.0
U116692,P15060,3.8
U116692,P54703,3.3
U116692,P67673,4.5
U116692,P99946,4.2
U116695,P57511,3.9
U116696,P38287,3.2
U116699,P10306,3.8
U116699,P59070,3.8
U116700,P32163,3.0
U116700,P44936,3.4
U116701,P38221,3.4
U116703,P72886,3.8
U116703,P86317,3.0
U116704,P96939,3.7
U116707,P66609,3.4
U116709,P23641,4.2
U116710,P96790,3.6
U116712,P71942,3.5
U116713,P71862,4.9
U116714,P72246,4.1
U116715,P19648,5.0
U116715,P56392,4.7
U116715,P74698,5.0
U116715,P88227,3.4
U116716,P15701,3.7
U116716,P17787,3.7
U116716,P38710,5.0
U116718,P26251,4.2
U116721,P83182,3.4
U116723,P63480,4.5
U116723,P73592,3.8
U116723,P78176,4.4
U116725,P76320,3.6
U116728,P66663,3.2
U116730,P25159,3.8
U116730,P61580,3.4
U116730,P91508,4.5
U116732,P79451,3.6
U116733,P87976,4.0
U116737,P14937,4.8
U116737,P34742,3.5
U116737,P68767,4.3
U116738,P68818,5.0
U116739,P14609,3.7
U116739,P89048,4.2
U116740,P29902,4.5
U116740,P56023,3.4
U116740,P77699,4.5
U116741,P31509,3.5
U116742,P43784,4.3
U116742,P48454,3.1
U116743,P35596,3.8
U116743,P64512,5.0
U116743,P99278,4.4
U116746,P24889,2.9
U116746,P38601,4.2
U116747,P58541,3.7
U116748,P72097,2.5
U116749,P77798,4.5
U116750,P72009,3.2
U116750,P94900,3.7
U116751,P40012,4.2
U116751,P50807,3.5
U116752,P66537,4.1
U116752,P85964,3.7
U116753,P66544,4.1
U116754,P65926,4.7
U116754,P83325,4.4
U116755,P78183,4.9
U116756,P35366,4.5
U116758,P55045,3.7
U116758,P56563,4.2
U116759,P77010,3.9
U116759,P93164,4.0
U116760,P26626,3.7
U116761,P39648,4.0
U116763,P35888,3.8
U116763,P99825,4.1
U116764,P65136,4.0
U116765,P36790,4.3
U116767,P24955,3.6
U116767,P27481,5.0
U116767,P37357,3.9
U116767,P67948,3.7
U116768,P24162,2.7
U116768,P78650,4.1
U116769,P29461,3.6
U116769,P78425,4.0
U116771,P13067,4.8
U116775,P96269,4.4
U116776,P43696,3.6
U116777,P63771,3.7
U116777,P64440,4.8
U116778,P40585,4.1
U116778,P98585,4.2
U116778,P99692,4.5
U116780,P14804,3.1
U116780,P28727,3.8
U116786,P65867,4.4
U116787,P66804,3.9
U116788,P62985,4.0
U116789,P27129,4.7
U116790,P66754,4.6
U116790,P99015,3.0
U116791,P37760,4.4
U116792,P22503,3.2
U116792,P81199,4.0
U116795,P49409,4.1
U116796,P72950,3.2
U116797,P33567,4.5
U116798,P30238,3.6
U116800,P81433,3.4
U116801,P70723,4.1
U116801,P97929,3.9
U116802,P54478,4.1
U116803,P28537,3.3
U116803,P32439,3.2
U116805,P12838,4.4
U116805,P42966,4.1
U116806,P90195,3.5
U116807,P50468,4.4
U116809,P17803,4.8
U116809,P23681,3.8
U116809,P70607,4.5
U116809,P82363,3.8
U116811,P31444,2.8
U116811,P77150,3.4
U116813,P16521,4.9
U116813,P77590,3.5
U116813,P82448,3.5
U116814,P53455,4.3
U116814,P86756,4.1
U116816,P31882,3.8
U116816,P85619,3.3
U116817,P92367,3.9
U116818,P23289,3.4
U116818,P58239,4.0
U116823,P56360,4.9
U116823,P95658,4.0
U116824,P47127,3.2
U116827,P53713,4.3
U116828,P93701,3.8
U116830,P35607,3.4
U116830,P80237,2.8
U116831,P90107,3.4
U116833,P97204,3.6
U116835,P62977,4.5
U116835,P93742,4.2
U116839,P75951,4.0
U116840,P47888,3.0
U116840,P87850,3.9
U116841,P86196,2.5
U116843,P66472,4.1
U116843,P79388,4.8
U116844,P26837,4.4
U116845,P50313,2.8
U116845,P60959,4.0
U116845,P79684,2.8
U116847,P21363,4.0
U116847,P80334,4.2
U116847,P88215,3.3
U116849,P16748,4.9
U116853,P72079,3.9
U116853,P93339,4.1
U116854,P13952,2.9
U116854,P16007,3.8
U116856,P18438,4.4
U116857,P55569,3.8
U116858,P12289,3.1
U116858,P47903,3.5
U116858,P70372,3.8
U116859,P28894,3.4
U116859,P63698,3.7
U116860,P78346,3.1
U116860,P84792,4.1
U116860,P96820,3.9
U116861,P52877,4.1
U116861,P85276,3.6
U116863,P44338,3.4
U116866,P97288,3.3
U116869,P40994,4.8
U116869,P67059,4.2
U116871,P97553,4.1
U116872,P16095,4.3
U116872,P81353,4.1
U116873,P64494,3.3
U116875,P12945,3.7
U116876,P58559,5.0
U116878,P83827,3.1
U116878,P97627,4.4
U116879,P20653,3.8
U116880,P47716,3.4
U116880,P91346,3.6
U116883,P30815,4.1
U116884,P54016,3.5
U116884,P70959,4.0
U116888,P15341,3.8
U116889,P13635,3.7
U116891,P57634,4.3
U116891,P65430,3.8
U116893,P60683,3.6
U116893,P76640,4.1
U116896,P96369,5.0
U116899,P37684,3.5
U116899,P78974,4.4
U116901,P12640,4.2
U116901,P92409,3.8
U116902,P55341,4.2
U116902,P62543,3.9
U116907,P35098,3.6
U116908,P35004,2.9
U116909,P33905,4.2
U116910,P15541,3.9
U116911,P65556,4.2
U116911,P89894,3.6
U116912,P25124,4.7
U116914,P40957,4.4
U116915,P51111,4.6
U116917,P81522,4.2
U116918,P18920,3.4
U116918,P78764,4.0
U116919,P47680,4.1
U116920,P21944,4.5
U116920,P57833,3.7
U116921,P17229,3.8
U116921,P82598,3.9
U116922,P56620,4.0
U116924,P65863,3.3
U116929,P46036,3.6
U116929,P46455,4.0
U116930,P62853,3.6
U116933,P46656,3.5
U116936,P92915,4.0
U116938,P27491,3.4
U116939,P20849,3.3
U116939,P60169,3.1
U116940,P45883,5.0
U116942,P32388,3.4
U116944,P47097,4.1
U116944,P78908,4.6
U116944,P86382,3.7
U116944,P98862,3.8
U116945,P16852,3.8
U116945,P37110,4.4
U116945,P62509,3.7
U116945,P95452,3.1
U116947,P81515,3.3
U116950,P86568,4.7
U116951,P33406,3.9
U116952,P68415,4.3
U116952,P76068,2.7
U116952,P80351,4.3
U116953,P30502,3.1
U116954,P61036,4.8
U116956,P45748,3.2
U116957,P54741,4.3
U116957,P58594,3.9
U116958,P25906,4.4
U116959,P12474,4.0
U116959,P40329,4.3
U116960,P24195,4.3
U116960,P48802,5.0
U116961,P18879,4.1
U116961,P42936,3.6
U116963,P67285,3.7
U116964,P23110,4.6
U116965,P67173,3.2
U116965,P79955,3.7
U116965,P82398,3.9
U116966,P15300,4.0
U116966,P17781,2.9
U116966,P91723,3.0
U116967,P89481,3.3
U116969,P39263,3.2
U116971,P82535,4.1
U116972,P37344,4.3
U116972,P46675,3.8
U116973,P45290,5.0
U116973,P97770,4.5
U116974,P93522,5.0
U116975,P20591,3.9
U116976,P75492,4.8
U116977,P24710,4.2
U116980,P23676,4.8
U116982,P93976,3.6
U116986,P47754,4.6
U116986,P54784,4.7
U116986,P56644,4.6
U116986,P83983,2.9
U116987,P71199,3.1
U116987,P82937,4.1
U116987,P88138,3.7
U116987,P99840,4.4
U116988,P13162,3.4
U116989,P40159,4.0
U116989,P47761,4.0
U116989,P48420,4.1
U116990,P31721,3.7
U116990,P79292,3.8
U116990,P98086,3.5
U116991,P70747,3.8
U116994,P12170,4.2
U116994,P74799,3.6
U116994,P90292,4.7
U116995,P55362,4.3
U116995,P73187,3.0
U116996,P50767,4.0
U116996,P59997,4.8
U116997,P73090,3.6
U117001,P35441,4.2
U117001,P56917,3.0
U117002,P42836,3.8
U117002,P88366,4.7
U117003,P41636,3.7
U117005,P31597,4.4
U117005,P50706,4.1
U117007,P34284,3.1
U117008,P53126,3.6
U117008,P83282,3.4
U117009,P56739,3.9
U117009,P58990,2.8
U117011,P22669,4.0
U117011,P34722,3.9
U117012,P91002,3.5
U117013,P23960,3.1
U117013,P56621,3.7
U117015,P76501,3.9
U117016,P55413,4.4
U117016,P83893,5.0
U117016,P84018,3.9
U117017,P40929,3.9
U117017,P74568,3.1
U117018,P88123,4.0
U117019,P54924,5.0
U117019,P64186,4.3
U117023,P97491,3.6
U117024,P15211,4.0
U117026,P12229,3.7
U117026,P94252,5.0
U117028,P71673,3.4
U117028,P93263,4.9
U117028,P94321,4.1
U117029,P27713,3.5
U117031,P12323,3.4
U117031,P91142,3.9
U117032,P86663,4.0
U117033,P74870,3.4
U117034,P47713,4.6
U117034,P93639,3.5
U117035,P91204,3.8
U117036,P96043,3.8
U117037,P39300,4.5
U117038,P99124,3.4
U117040,P29675,3.8
U117042,P38376,4.2
U117042,P96341,3.8
U117044,P92697,3.9
U117045,P45210,4.1
U117045,P74429,5.0
U117046,P11300,3.6
U117046,P29588,4.2
U117047,P14243,3.4
U117047,P72442,3.3
U117047,P79171,3.1
U117048,P32045,3.7
U117048,P50179,3.3
U117048,P64115,4.0
U117049,P26202,4.0
U117050,P29786,3.6
U117051,P17826,3.4
U117054,P56601,3.8
U117057,P28998,3.5
U117057,P59976,3.8
U117060,P87169,3.4
U117062,P26924,4.7
U117063,P77783,4.0
U117064,P75934,4.5
U117064,P90218,3.7
U117065,P55095,3.9
U117066,P87462,3.7
U117068,P90817,3.7
U117072,P59456,4.7
U117073,P42829,4.5
U117074,P32879,4.1
U117074,P71271,4.3
U117076,P80710,4.2
U117076,P97586,4.4
U117078,P62233,3.5
U117079,P56896,3.6
U117079,P66218,3.6
U117079,P81946,4.2
U117079,P96129,3.5
U117081,P13466,4.3
U117081,P50243,4.3
U117081,P55083,5.0
U117082,P14042,3.0
U117082,P37470,4.3
U117082,P57579,3.9
U117082,P79573,3.0
U117083,P80213,3.5
U117086,P89564,3.5
U117087,P68920,3.6
U117087,P95337,4.5
U117091,P46389,2.9
U117092,P16549,3.8
U117092,P26240,4.9
U117094,P68441,4.6
U117095,P17143,3.4
U117095,P18151,4.2
U117095,P77603,3.6
U117095,P93258,3.8
U117097,P66280,2.9
U117098,P26169,3.6
U117098,P29061,3.5
U117098,P82911,3.2
U117099,P21894,4.8
U117099,P43150,3.9
U117100,P63377,4.2
U117100,P82587,3.3
U117103,P30145,3.5
U117104,P52973,4.3
U117106,P17523,4.4
U117106,P68867,3.9
U117106,P76291,3.8
U117107,P69348,2.5
U117107,P83640,3.3
U117108,P11143,4.0
U117110,P10479,3.7
U117110,P71680,3.3
U117110,P91398,4.3
U117111,P96021,4.2
U117111,P99438,4.6
U117113,P24149,4.3
U117113,P39210,4.5
U117113,P49819,4.5
U117114,P18114,3.8
U117114,P55588,3.7
U117114,P80958,3.4
U117115,P21659,3.9
U117116,P97786,4.2
U117118,P36732,3.4
U117118,P47740,4.5
U117118,P95797,3.0
U117119,P57937,3.4
U117119,P92889,4.2
U117120,P93198,4.2
U117121,P72920,3.8
U117123,P22401,4.7
U117123,P48931,3.6
U117124,P27677,3.9
U117125,P82237,4.3
U117127,P76806,4.8
U117128,P64213,3.9
U117128,P69214,4.2
U117130,P35218,3.7
U117130,P38640,4.2
U117131,P40100,4.3
U117131,P43205,2.3
U117132,P43833,5.0
U117133,P36893,3.6
U117133,P40197,3.8
U117133,P83911,3.7
U117133,P95307,3.8
U117135,P39895,3.5
U117137,P33871,3.0
U117139,P41023,3.1
U117139,P46398,4.0
U117140,P19218,4.7
U117140,P99926,3.7
U117143,P10747,4.2
U117143,P64010,3.8
U117144,P98029,3.8
U117146,P10230,4.9
U117146,P29364,3.5
U117146,P47269,3.4
U117146,P65139,4.4
U117147,P78390,4.1
U117148,P99628,3.7
U117149,P15242,4.9
U117149,P38467,3.7
U117150,P76923,3.4
U117153,P55372,3.4
U117153,P87152,3.9
U117153,P99024,3.4
U117154,P35175,4.3
U117154,P78782,4.3
U117155,P55494,3.9
U117156,P24621,3.7
U117156,P54356,2.5
U117159,P65683,3.7
U117161,P35264,3.2
U117161,P87765,3.4
U117164,P67381,3.9
U117164,P94519,4.3
U117165,P75458,4.0
U117166,P80064,4.1
U117167,P11748,3.6
U117168,P71117,4.4
U117170,P34720,4.7
U117170,P48869,3.7
U117171,P83755,3.1
U117173,P86996,3.8
U117174,P23481,4.0
U117174,P75846,3.5
U117174,P76634,3.7
U117177,P26159,4.7
U117177,P52141,2.5
U117177,P81845,4.3
U117178,P36533,3.7
U117178,P60704,4.4
U117179,P97469,4.8
U117181,P52421,3.9
U117181,P52438,4.3
U117181,P91029,4.0
U117182,P23709,4.7
U117182,P53717,3.4
U117183,P54221,3.8
U117183,P84580,4.5
U117184,P54434,4.6
U117186,P15341,3.8
U117186,P23614,4.9
U117186,P52495,4.5
U117186,P74021,4.0
U117186,P75584,5.0
U117187,P17202,4.4
U117187,P34649,3.3
U117187,P87804,3.7
U117189,P41406,4.0
U117190,P66402,3.9
U117192,P41965,3.9
U117193,P83594,3.4
U117194,P79230,3.4
U117194,P92860,4.6
U117195,P34712,3.9
U117196,P21429,2.9
U117198,P32162,3.9
U117198,P87216,4.1
U117199,P98074,3.7
U117200,P14468,3.6
U117201,P69472,4.4
U117202,P33099,3.8
U117203,P53512,3.4
U117203,P99530,2.9
U117205,P11881,3.6
U117206,P49246,3.7
U117206,P55607,4.1
U117206,P60586,3.6
U117209,P23341,5.0
U117209,P69108,3.4
U117209,P76140,4.4
U117211,P20012,4.2
U117211,P56771,3.8
U117211,P89046,4.8
U117212,P27813,4.1
U117213,P56340,3.9
U117215,P15622,3.4
U117219,P71161,4.2
U117221,P16259,3.2
U117221,P79690,4.5
U117222,P18741,3.6
U117224,P39742,3.8
U117225,P74595,4.4
U117229,P24200,3.8
U117229,P40904,3.4
U117230,P58817,3.1
U117231,P42368,3.7
U117231,P55463,3.5
U117232,P25172,4.8
U117235,P30987,3.9
U117236,P86367,4.4
U117238,P62307,3.5
U117239,P75810,4.0
U117240,P44527,4.6
U117240,P78846,3.8
U117241,P52725,4.4
U117242,P22112,4.6
U117243,P14646,4.9
U117243,P50751,4.1
U117243,P50761,3.9
U117244,P60911,4.4
U117245,P32026,4.1
U117245,P65925,3.2
U117245,P82628,3.9
U117246,P20713,2.9
U117246,P64251,3.5
U117246,P99949,4.5
U117247,P18376,4.3
U117247,P85799,4.6
U117248,P14123,4.3
U117248,P78292,4.0
U117251,P27628,4.2
U117251,P76837,4.7
U117252,P91114,4.1
U117253,P60936,4.1
U117253,P74429,3.7
U117254,P85818,3.8
U117255,P16736,4.2
U117255,P71370,4.8
U117255,P85817,4.4
U117256,P37908,3.7
U117257,P41961,4.7
U117257,P67992,4.2
U117258,P51492,4.4
U117259,P81214,4.8
U117260,P10156,4.1
U117262,P88330,4.1
U117263,P12590,3.3
U117263,P55365,4.3
U117264,P95185,4.1
U117264,P98680,3.8
U117265,P60405,3.4
U117269,P91867,3.8
U117270,P89073,4.3
U117271,P98932,3.9
U117272,P38263,4.5
U117272,P61920,3.8
U117273,P14722,4.6
U117273,P95199,4.1
U117274,P44435,4.2
U117274,P69988,3.8
U117275,P74244,4.1
U117275,P84281,4.8
U117276,P40713,5.0
U117276,P43546,3.8
U117276,P77951,4.2
U117277,P29633,4.6
U117277,P36590,3.3
U117278,P17419,4.2
U117282,P11924,4.0
U117283,P57694,3.9
U117283,P62265,4.5
U117284,P15589,2.6
U117284,P73538,4.3
U117286,P42134,4.2
U117287,P26016,4.3
U117288,P75569,3.7
U117289,P68077,3.8
U117289,P83165,3.3
U117293,P23613,4.1
U117293,P36978,4.3
U117293,P50884,3.7
U117294,P29669,4.3
U117298,P41595,4.3
U117299,P47833,4.7
U117300,P32024,4.5
U117300,P70991,3.8
U117302,P20194,3.2
U117302,P32214,3.4
U117302,P82304,3.5
U117306,P57050,4.8
U117306,P75041,4.9
U117306,P89228,3.5
U117306,P96976,3.9
U117307,P89656,4.0
U117309,P46740,3.5
U117310,P13433,3.3
U117310,P38175,3.7
U117310,P60548,3.6
U117312,P77365,4.4
U117314,P47837,3.3
U117314,P68590,4.0
U117317,P73257,3.5
U117317,P97219,4.4
U117318,P84138,4.5
U117319,P29389,5.0
U117319,P84609,3.9
U117322,P28340,3.7
U117324,P59860,4.3
U117324,P94863,3.3
U117327,P48698,4.3
U117329,P13096,3.6
U117330,P49472,4.4
U117331,P45832,4.6
U117332,P15197,4.2
U117333,P57227,3.7
U117333,P70513,3.9
U117333,P99330,3.2
U117334,P55245,4.6
U117337,P99137,3.4
U117338,P97776,3.1
U117339,P80033,4.1
U117340,P25071,3.7
U117342,P69424,3.9
U117342,P72819,3.6
U117342,P96605,3.4
U117344,P27370,3.9
U117344,P60778,3.7
U117346,P52123,4.3
U117347,P35323,3.2
U117348,P88871,3.5
U117350,P34013,3.6
U117350,P80709,3.2
U117350,P90057,3.3
U117350,P97804,4.1
U117351,P82259,4.8
U117351,P89170,4.2
U117351,P98787,3.8
U117352,P43368,4.7
U117353,P24858,4.4
U117354,P58341,3.5
U117355,P94171,4.4
U117356,P44800,3.8
U117356,P74462,4.2
U117358,P73445,4.3
U117359,P47267,4.5
U117360,P19787,5.0
U117360,P51743,3.4
U117360,P71082,3.0
U117361,P43476,4.8
U117362,P28371,4.3
U117364,P49240,3.8
U117364,P51362,3.6
U117365,P55681,4.3
U117366,P14172,3.1
U117366,P89743,3.1
U117367,P36522,4.3
U117367,P84151,3.6
U117368,P53128,4.1
U117369,P12053,3.7
U117369,P52785,3.0
U117370,P11905,5.0
U117370,P76263,4.2
U117372,P88730,3.8
U117373,P16402,3.1
U117374,P18002,4.1
U117375,P23640,3.7
U117376,P32274,3.8
U117376,P47327,3.7
U117376,P82248,3.2
U117376,P84534,3.7
U117377,P23975,3.8
U117377,P44923,3.5
U117378,P22194,4.3
U117378,P23871,4.4
U117378,P75000,2.8
U117380,P24739,4.8
U117383,P13659,4.2
U117383,P18305,3.7
U117383,P64071,3.9
U117386,P21091,4.3
U117386,P25757,3.2
U117386,P37836,3.5
U117386,P39223,4.6
U117386,P75315,4.0
U117387,P36806,4.8
U117389,P52296,4.2
U117389,P88561,4.0
U117390,P82479,2.7
U117390,P83526,3.1
U117390,P88387,3.7
U117392,P25976,4.1
U117392,P32055,3.7
U117393,P38972,3.2
U117393,P49880,3.9
U117394,P55734,3.8
U117395,P46022,3.6
U117397,P52406,4.9
U117398,P32879,3.9
U117400,P11887,3.4
U117400,P59891,3.9
U117401,P58813,4.5
U117401,P68040,4.4
U117402,P73382,4.0
U117403,P23960,3.5
U117404,P61138,3.7
U117406,P19735,4.1
U117406,P95319,3.9
U117407,P62873,3.9
U117407,P96603,4.2
U117409,P51422,3.6
U117410,P17881,4.4
U117410,P65784,4.1
U117411,P12496,4.4
U117411,P87411,3.9
U117412,P16644,3.9
U117414,P15617,2.8
U117417,P17967,4.9
U117417,P35941,3.6
U117420,P28306,4.5
U117420,P49688,3.2
U117420,P78777,3.4
U117421,P26805,4.3
U117422,P17917,4.3
U117423,P29691,3.4
U117423,P35427,3.2
U117423,P37818,3.8
U117423,P43260,4.2
U117423,P51834,4.9
U117424,P57368,4.1
U117425,P56188,4.2
U117426,P79067,4.1
U117427,P63469,4.3
U117427,P98516,3.6
U117430,P39056,4.2
U117430,P43768,3.6
U117430,P73007,3.9
U117430,P82054,4.1
U117430,P95053,3.7
U117432,P17207,3.8
U117433,P85843,3.8
U117434,P86285,3.9
U117435,P90014,3.2
U117439,P66117,3.5
U117440,P10168,4.7
U117440,P26050,4.2
U117440,P46614,3.5
U117440,P62510,4.8
U117440,P70077,4.0
U117440,P84174,3.6
U117441,P56822,4.3
U117441,P61496,4.0
U117441,P71154,3.3
U117441,P95485,3.3
U117442,P49967,3.6
U117445,P39356,4.2
U117445,P72449,4.2
U117445,P80483,4.0
U117446,P20396,2.8
U117446,P25741,3.9
U117446,P37031,5.0
U117449,P37336,3.8
U117449,P59614,4.2
U117449,P71392,3.8
U117450,P94982,3.3
U117451,P20612,4.2
U117452,P56568,4.1
U117453,P95329,4.3
U117454,P46109,3.3
U117455,P65790,3.5
U117455,P65952,4.5
U117456,P36797,4.1
U117456,P71633,4.2
U117457,P68692,3.1
U117457,P72579,3.7
U117458,P77092,3.5
U117460,P68908,3.7
U117460,P75717,3.7
U117461,P44676,4.2
U117461,P45055,3.6
U117462,P12828,3.2
U117463,P57847,3.1
U117464,P13131,4.3
U117464,P24621,4.2
U117464,P30580,5.0
U117464,P69212,4.6
U117465,P36661,3.6
U117465,P73961,3.3
U117465,P85748,3.7
U117465,P99157,3.7
U117466,P31666,3.4
U117467,P53662,4.7
U117470,P20461,4.0
U117470,P21423,4.2
U117471,P55825,4.2
U117473,P36471,3.7
U117476,P44584,4.0
U117477,P14469,2.9
U117477,P17468,4.0
U117480,P71471,4.8
U117480,P75667,4.4
U117482,P98899,4.5
U117483,P25102,4.9
U117483,P30992,5.0
U117483,P55019,3.8
U117483,P62253,3.9
U117485,P99140,3.9
U117486,P52383,4.1
U117486,P58715,4.6
U117487,P33175,3.5
U117487,P90040,4.1
U117487,P93988,3.8
U117488,P74305,4.4
U117489,P24368,3.3
U117490,P15017,2.9
U117491,P67026,3.8
U117491,P86628,4.4
U117493,P69768,3.5
U117493,P77696,4.5
U117495,P14127,5.0
U117495,P31315,3.4
U117496,P36670,4.2
U117497,P38602,3.2
U117497,P65294,3.8
U117498,P18019,4.2
U117498,P39428,4.4
U117499,P91911,5.0
U117501,P17236,4.3
U117501,P41250,4.3
U117503,P82844,3.9
U117504,P88541,4.1
U117505,P28009,3.6
U117505,P91831,5.0
U117506,P24641,3.9
U117507,P12452,3.7
U117508,P34391,4.0
U117509,P92528,3.9
U117511,P16254,4.2
U117511,P86795,4.4
U117512,P73253,3.1
U117512,P99997,3.9
U117514,P55743,3.7
U117516,P23480,4.6
U117518,P13636,3.7
U117519,P24170,3.6
U117519,P85519,3.8
U117519,P94992,4.3
U117520,P86787,3.7
U117521,P77533,3.5
U117522,P48559,3.7
U117523,P12185,4.6
U117523,P52094,3.4
U117524,P35355,4.4
U117524,P85090,4.3
U117525,P58075,3.0
U117526,P39010,3.7
U117529,P30133,3.7
U117529,P56519,4.0
U117530,P43835,3.2
U117531,P49099,3.5
U117532,P11708,3.7
U117532,P92937,3.8
U117532,P99255,4.3
U117533,P16551,3.5
U117533,P32865,4.1
U117536,P53702,4.0
U117538,P12437,3.5
U117538,P31846,4.7
U117538,P59912,3.7
U117539,P67717,5.0
U117540,P20982,3.1
U117540,P24743,3.8
U117540,P59466,3.2
U117540,P65087,3.9
U117541,P26469,4.3
U117541,P96453,3.6
U117544,P12811,3.4
U117544,P80406,3.6
U117545,P70004,4.3
U117546,P16708,4.5
U117546,P22906,3.8
U117546,P62818,3.7
U117547,P37930,4.4
U117549,P90392,4.6
U117551,P58307,4.5
U117553,P20723,5.0
U117553,P98132,3.6
U117554,P24405,4.6
U117555,P17897,3.9
U117555,P32476,3.3
U117556,P11568,3.3
U117556,P75443,4.1
U117556,P87227,3.8
U117557,P54532,4.4
U117557,P65347,4.0
U117557,P65578,2.9
U117558,P49691,4.9
U117560,P78963,3.4
U117562,P12081,3.9
U117562,P22350,4.4
U117563,P22127,4.5
U117563,P86127,4.3
U117565,P38325,4.1
U117568,P10837,4.6
U117568,P11400,5.0
U117568,P28909,3.7
U117568,P55996,4.1
U117570,P27341,3.7
U117570,P51521,4.3
U117570,P88259,3.6
U117572,P41517,3.9
U117572,P56641,3.6
U117572,P92169,3.8
U117573,P42655,3.8
U117573,P85867,4.2
U117575,P33464,4.0
U117575,P50826,4.0
U117577,P40847,3.6
U117579,P11459,3.7
U117579,P97843,5.0
U117581,P19136,4.2
U117582,P13000,4.0
U117582,P67589,3.9
U117583,P64156,3.8
U117585,P37261,3.8
U117586,P56899,3.6
U117586,P83216,3.4
U117587,P92434,3.7
U117588,P46044,5.0
U117588,P63007,3.0
U117588,P80475,4.0
U117589,P20248,3.3
U117589,P64375,3.5
U117590,P82126,3.2
U117591,P14668,3.4
U117591,P67002,4.0
U117592,P76308,4.1
U117593,P73293,3.6
U117595,P19355,3.6
U117595,P58470,3.5
U117596,P29547,3.0
U117596,P30180,3.6
U117596,P55015,4.0
U117596,P81889,4.6
U117598,P69367,3.9
U117598,P84928,3.5
U117599,P37860,4.2
U117601,P18237,3.5
U117602,P86064,4.6
U117603,P89748,3.5
U117606,P49528,4.4
U117606,P63393,3.9
U117608,P45792,3.6
U117609,P77096,3.2
U117610,P52955,4.2
U117610,P62006,3.9
U117611,P26129,5.0
U117611,P38605,4.3
U117611,P89535,4.9
U117612,P77796,4.1
U117613,P33510,4.0
U117613,P35340,3.5
U117613,P50843,3.7
U117615,P17601,4.5
U117615,P45355,3.8
U117615,P85377,3.7
U117616,P10531,5.0
U117616,P26941,3.8
U117617,P39686,3.3
U117617,P53941,3.6
U117617,P63217,3.9
U117620,P94126,3.9
U117622,P29310,4.5
U117623,P80848,3.9
U117628,P41494,3.7
U117630,P57764,4.2
U117630,P66729,3.5
U117632,P54881,3.9
U117635,P69786,3.7
U117635,P78189,3.8
U117635,P97013,4.0
U117636,P31971,3.3
U117636,P41207,3.1
U117640,P76081,4.2
U117643,P32573,3.8
U117643,P50509,4.2
U117644,P89032,3.8
U117644,P98564,3.9
U117646,P16576,4.2
U117646,P35977,4.8
U117646,P85676,4.1
U117646,P98214,3.7
U117649,P79883,4.8
U117650,P45088,4.6
U117650,P74530,4.2
U117650,P88140,2.9
U117652,P69483,3.7
U117654,P52282,3.4
U117654,P71328,4.8
U117654,P77936,3.5
U117655,P94339,3.8
U117656,P11538,4.4
U117656,P43972,3.6
U117656,P62182,3.5
U117660,P20300,4.1
U117660,P93665,4.6
U117661,P28380,4.1
U117661,P88306,4.0
U117663,P41677,4.2
U117663,P41764,4.3
U117663,P61173,4.9
U117665,P41860,3.9
U117666,P45168,3.2
U117667,P11103,3.8
U117667,P46758,3.9
U117668,P30377,4.6
U117669,P48193,4.3
U117671,P66149,4.4
U117672,P14910,3.3
U117672,P28381,3.7
U117673,P43138,3.5
U117673,P97137,3.9
U117673,P97291,5.0
U117674,P33030,3.3
U117674,P36466,4.0
U117674,P65332,3.1
U117675,P34690,3.8
U117675,P42411,3.7
U117676,P31841,4.4
U117677,P29866,3.9
U117677,P35128,3.1
U117678,P40640,3.7
U117678,P57191,3.7
U117678,P76168,4.5
U117679,P43479,4.1
U117680,P41861,3.7
U117681,P74267,3.1
U117682,P17920,4.0
U117683,P45622,4.3
U117684,P13802,3.8
U117684,P22163,4.2
U117685,P32200,3.7
U117685,P62735,2.9
U117688,P23419,2.9
U117690,P56019,4.7
U117693,P16108,4.2
U117696,P11574,4.0
U117698,P18363,3.3
U117701,P20955,3.0
U117701,P21193,3.4
U117701,P50373,3.7
U117701,P52399,3.6
U117701,P67648,3.5
U117701,P92915,4.6
U117702,P60800,3.4
U117702,P76533,4.9
U117703,P20336,3.7
U117703,P51319,3.6
U117704,P12936,4.0
U117704,P81126,5.0
U117706,P10087,4.4
U117706,P56398,3.2
U117706,P88684,3.2
U117706,P99334,4.9
U117709,P17745,4.5
U117709,P20648,3.3
U117710,P41053,4.7
U117712,P25508,3.7
U117712,P43460,3.9
U117716,P13489,4.2
U117716,P49964,4.1
U117716,P82406,4.6
U117718,P10973,4.0
U117718,P99138,3.4
U117719,P36770,3.8
U117721,P70992,3.5
U117723,P56741,4.8
U117723,P75136,4.7
U117725,P97872,3.6
U117726,P25405,4.1
U117726,P59412,5.0
U117728,P46483,4.3
U117729,P34288,3.4
U117730,P30689,3.9
U117733,P78687,4.5
U117733,P89125,4.4
U117733,P98285,4.1
U117735,P48101,3.9
U117736,P38091,4.0
U117737,P34826,5.0
U117746,P36490,4.4
U117747,P77989,4.7
U117749,P65021,3.5
U117750,P73065,4.5
U117750,P74687,3.4
U117752,P72649,3.6
U117753,P13957,4.4
U117753,P37671,4.1
U117753,P41134,4.7
U117753,P47679,4.1
U117753,P68948,3.9
U117754,P15971,4.8
U117756,P56896,4.2
U117758,P20762,3.6
U117760,P18114,3.1
U117760,P24755,4.1
U117760,P29742,3.0
U117760,P44252,4.2
U117760,P70572,3.0
U117761,P63973,4.4
U117762,P36243,3.2
U117763,P37424,4.3
U117764,P23409,4.1
U117764,P57305,4.1
U117766,P64032,3.5
U117767,P98401,5.0
U117768,P65762,4.2
U117770,P21683,4.5
U117770,P60474,3.4
U117772,P38599,4.3
U117775,P56092,3.1
U117775,P68558,4.4
U117777,P28169,3.9
U117778,P44020,2.9
U117778,P79652,4.0
U117781,P67401,3.9
U117784,P40309,3.6
U117784,P61332,3.1
U117785,P91999,4.1
U117786,P20015,4.8
U117788,P87436,3.6
U117790,P36294,3.6
U117790,P96347,3.9
U117791,P48058,4.0
U117791,P72139,3.8
U117792,P32073,3.7
U117795,P16431,3.6
U117796,P16243,4.4
U117797,P49407,3.8
U117797,P73739,3.6
U117798,P23302,3.1
U117799,P20771,4.0
U117799,P77818,4.5
U117801,P54495,3.7
U117801,P75655,3.9
U117802,P12121,4.7
U117802,P34475,3.5
U117802,P57117,4.4
U117802,P62152,4.3
U117802,P79398,3.1
U117804,P33394,3.9
U117804,P39177,4.8
U117804,P70572,4.2
U117806,P42389,3.1
U117806,P82038,3.6
U117807,P86878,3.8
U117807,P98867,4.0
U117808,P67206,4.1
U117810,P51531,2.6
U117812,P31152,4.2
U117813,P34866,2.7
U117813,P40897,4.3
U117813,P50313,3.4
U117813,P99605,3.6
U117814,P28226,4.0
U117814,P75561,4.1
U117816,P20185,4.4
U117816,P87597,3.6
U117817,P25789,4.2
U117818,P15790,4.3
U117818,P28579,2.6
U117818,P73173,4.4
U117818,P96649,3.6
U117820,P52101,3.7
U117825,P95585,4.3
U117827,P10489,3.9
U117829,P31564,4.1
U117829,P72522,2.7
U117830,P10559,3.2
U117830,P69423,4.1
U117831,P50274,4.1
U117832,P43465,3.9
U117832,P85952,3.7
U117833,P89895,3.9
U117834,P81990,3.3
U117835,P67854,3.4
U117835,P69085,3.4
U117835,P88065,4.2
U117837,P14739,3.8
U117837,P62969,3.8
U117838,P74178,2.7
U117838,P99349,3.3
U117839,P46714,4.3
U117839,P53478,4.0
U117840,P24254,4.6
U117841,P45420,3.3
U117841,P72400,4.2
U117843,P57672,4.5
U117847,P79298,4.3
U117847,P97347,4.0
U117848,P99877,3.4
U117851,P15824,3.5
U117853,P79538,3.9
U117853,P81162,4.1
U117855,P53680,3.4
U117855,P63746,4.3
U117855,P68758,3.9
U117856,P81781,3.4
U117856,P95244,3.8
U117857,P43811,3.9
U117859,P52231,3.4
U117859,P60344,4.4
U117859,P69708,3.4
U117860,P89324,4.6
U117861,P20482,4.1
U117861,P82972,3.0
U117862,P28189,4.9
U117862,P79799,3.4
U117863,P60208,4.5
U117864,P52193,3.8
U117865,P38333,3.6
U117865,P50809,3.2
U117865,P94836,4.1
U117866,P54436,3.6
U117866,P86144,4.2
U117866,P91450,3.8
U117867,P67844,3.3
U117867,P87554,4.4
U117867,P97170,3.6
U117868,P79347,4.4
U117869,P19424,4.1
U117869,P66872,4.3
U117870,P62381,3.5
U117870,P98306,3.7
U117872,P28503,3.9
U117872,P54632,3.8
U117872,P57036,3.0
U117873,P66859,3.6
U117878,P44822,4.3
U117878,P55515,3.3
U117879,P21969,3.7
U117879,P46143,4.8
U117880,P25580,4.2
U117883,P15473,3.7
U117883,P26324,4.5
U117885,P51468,4.4
U117885,P71550,4.9
U117885,P76499,3.0
U117886,P44897,4.2
U117886,P54528,4.0
U117887,P20446,4.0
U117889,P24194,5.0
U117889,P50362,4.8
U117891,P37182,3.9
U117891,P68526,3.7
U117891,P77740,5.0
U117892,P14371,4.1
U117892,P39811,3.7
U117892,P52816,3.3
U117892,P54012,4.1
U117892,P56200,3.8
U117892,P85400,3.8
U117896,P32156,4.3
U117896,P88101,3.0
U117897,P92327,3.5
U117898,P38149,4.2
U117898,P64923,3.9
U117900,P15130,3.9
U117901,P28218,3.9
U117903,P27445,5.0
U117904,P17993,3.5
U117904,P33513,3.2
U117904,P41480,3.3
U117906,P72332,4.3
U117906,P81363,3.7
U117906,P85631,4.8
U117907,P34895,3.9
U117907,P86900,3.6
U117908,P85775,3.9
U117908,P91883,3.1
U117909,P31730,5.0
U117911,P50790,3.6
U117911,P55605,3.7
U117912,P21184,3.8
U117913,P34001,5.0
U117918,P40367,4.2
U117919,P73950,3.9
U117920,P25577,2.9
U117920,P64081,4.1
U117921,P42560,4.2
U117922,P22867,4.3
U117923,P27843,4.4
U117923,P87705,4.8
U117924,P47645,4.1
U117926,P37280,5.0
U117927,P56223,5.0
U117927,P87558,2.4
U117928,P53537,3.9
U117928,P80692,4.7
U117931,P44508,3.0
U117932,P29224,4.3
U117934,P36787,4.3
U117935,P46794,4.0
U117935,P53006,5.0
U117936,P81305,4.0
U117938,P68287,3.5
U117939,P39860,4.5
U117940,P60897,3.5
U117940,P99805,3.5
U117941,P25043,3.1
U117943,P65551,3.7
U117943,P95483,2.7
U117943,P99791,4.3
U117944,P27540,3.6
U117945,P45012,4.1
U117945,P85801,3.8
U117945,P97640,4.5
U117946,P35385,4.9
U117950,P48784,3.6
U117950,P71685,4.5
U117951,P25455,4.0
U117952,P91970,3.3
U117952,P95528,4.3
U117953,P70383,4.3
U117955,P31021,4.5
U117955,P53120,4.0
U117956,P86209,3.9
U117959,P17601,3.9
U117959,P23102,3.9
U117960,P14497,4.2
U117961,P47102,4.3
U117961,P87747,4.5
U117962,P13881,3.9
U117963,P22145,3.4
U117963,P36183,4.7
U117964,P86805,4.4
U117965,P70299,4.9
U117966,P43366,4.7
U117968,P12948,3.5
U117968,P64523,3.7
U117969,P24003,4.0
U117969,P36615,3.3
U117971,P48098,3.9
U117973,P64216,3.6
U117973,P94058,3.3
U117975,P43064,4.4
U117976,P52004,3.8
U117978,P57100,4.9
U117980,P46966,4.6
U117980,P74484,3.5
U117980,P86782,5.0
U117981,P10208,4.3
U117982,P62246,3.6
U117984,P66001,4.2
U117984,P83265,4.8
U117986,P93623,3.5
U117987,P93825,4.4
U117990,P67015,3.3
U117995,P97079,3.6
U117996,P22460,4.8
U117997,P15701,3.0
U117998,P44666,4.0
U117998,P93235,4.4
U118000,P23136,3.3
U118000,P24192,4.0
U118000,P88356,4.2
U118001,P19644,4.6
U118002,P22251,4.0
U118002,P50152,4.3
U118003,P43586,4.3
U118004,P91172,3.6
U118005,P68893,4.3
U118006,P25562,3.4
U118008,P97529,3.7
U118009,P56112,4.1
U118010,P32433,3.5
U118010,P80020,4.6
U118013,P36799,4.4
U118013,P53081,3.8
U118014,P17835,3.8
U118014,P19881,4.0
U118014,P64882,3.5
U118014,P71203,4.2
U118015,P12970,3.0
U118015,P43877,3.9
U118017,P88391,4.2
U118019,P89667,3.7
U118020,P89603,4.5
U118021,P50824,5.0
U118022,P62070,3.8
U118023,P12106,4.0
U118023,P15840,4.4
U118023,P83158,4.6
U118023,P93698,3.6
U118024,P30113,4.1
U118024,P54825,4.3
U118026,P52787,4.2
U118026,P83322,3.9
U118027,P62385,4.4
U118027,P95690,3.7
U118028,P44073,4.1
U118028,P86499,3.3
U118029,P21113,3.4
U118031,P91907,3.5
U118032,P69004,3.7
U118032,P88694,2.9
U118034,P17485,4.1
U118035,P77959,3.6
U118037,P38234,4.1
U118038,P24438,5.0
U118038,P33898,3.0
U118039,P26916,4.1
U118039,P28300,4.0
U118040,P48765,4.7
U118041,P42862,3.5
U118042,P68065,3.5
U118043,P17134,4.8
U118043,P78586,3.9
U118043,P88186,4.1
U118044,P33574,4.2
U118044,P53990,4.2
U118044,P83247,4.0
U118045,P51402,4.8
U118046,P29537,4.7
U118046,P68996,4.6
U118046,P77239,3.4
U118047,P11535,4.0
U118048,P60226,3.6
U118049,P33372,4.3
U118049,P66005,3.2
U118051,P13118,4.6
U118051,P48047,3.7
U118053,P18187,4.3
U118053,P25045,3.0
U118054,P34548,3.8
U118054,P96793,3.8
U118056,P69733,4.0
U118058,P89325,3.4
U118062,P16397,3.3
U118063,P30493,3.7
U118063,P44457,3.9
U118065,P27163,3.8
U118065,P58418,4.1
U118066,P42540,3.6
U118066,P65707,3.4
U118066,P89245,4.0
U118067,P99070,4.2
U118068,P51814,4.6
U118070,P96117,4.0
U118071,P78165,3.7
U118073,P42970,3.6
U118074,P83425,4.2
U118075,P70677,3.6
U118076,P49076,5.0
U118077,P96204,3.4
U118078,P24092,2.9
U118078,P80683,4.3
U118080,P17128,3.7
U118080,P68858,3.6
U118080,P81544,4.4
U118080,P89025,3.6
U118080,P96311,3.0
U118081,P53906,5.0
U118081,P87023,5.0
U118083,P13755,3.7
U118084,P71748,3.9
U118085,P61689,3.7
U118085,P65697,3.8
U118087,P27652,4.3
U118087,P28588,4.5
U118089,P70878,3.8
U118089,P88154,4.2
U118090,P20470,4.2
U118092,P41569,3.6
U118093,P26569,4.5
U118093,P27276,3.6
U118093,P33032,3.4
U118093,P60498,3.9
U118095,P92498,4.6
U118095,P95141,3.7
U118096,P48862,3.7
U118097,P35412,3.9
U118099,P11819,3.4
U118099,P65293,4.1
U118100,P61175,3.8
U118100,P94224,4.9
U118101,P53314,4.8
U118101,P65616,4.1
U118101,P76475,3.2
U118102,P88813,4.8
U118103,P62588,2.7
U118104,P57648,4.3
U118104,P80306,4.9
U118105,P45358,3.5
U118106,P15438,5.0
U118106,P83231,4.0
U118107,P47501,4.4
U118108,P45979,4.0
U118111,P44374,4.1
U118111,P50309,3.2
U118111,P75491,4.3
U118111,P87031,4.8
U118112,P12523,4.0
U118112,P27722,4.0
U118112,P72186,3.2
U118115,P25566,3.2
U118117,P43127,3.1
U118117,P55875,4.4
U118117,P88124,3.7
U118121,P83250,4.0
U118123,P68672,3.1
U118123,P77401,3.9
U118124,P95492,4.6
U118125,P43981,3.8
U118125,P78337,4.7
U118126,P55518,3.3
U118127,P63407,4.1
U118128,P87187,4.3
U118131,P40545,4.9
U118131,P98401,3.5
U118133,P37164,4.1
U118133,P71604,4.4
U118133,P92938,5.0
U118134,P45883,3.7
U118134,P59702,4.2
U118138,P62249,3.7
U118139,P90914,3.7
U118140,P63417,4.2
U118141,P35213,5.0
U118142,P40788,3.0
U118142,P73269,3.4
U118143,P65479,3.7
U118143,P99837,4.0
U118144,P43531,3.8
U118146,P24986,3.7
U118148,P32359,4.6
U118149,P23588,3.9
U118149,P54169,3.0
U118149,P99833,4.0
U118150,P36850,4.0
U118150,P55053,4.1
U118150,P98560,3.2
U118151,P24176,4.2
U118151,P61453,4.5
U118151,P80607,4.4
U118151,P84398,5.0
U118152,P79792,4.1
U118153,P45665,3.3
U118153,P74325,3.8
U118154,P68126,3.1
U118155,P45861,3.8
U118155,P85563,4.1
U118156,P27658,3.0
U118157,P26357,3.8
U118157,P36221,4.0
U118157,P71579,3.7
U118159,P60614,3.9
U118160,P38806,3.9
U118161,P25228,4.4
U118161,P59863,4.0
U118161,P69165,4.8
U118163,P44083,3.1
U118163,P63540,4.4
U118163,P71307,3.8
U118164,P91224,2.3
U118165,P65842,3.4
U118166,P29013,4.1
U118166,P72288,3.7
U118169,P63406,3.0
U118169,P72689,4.3
U118171,P47779,2.9
U118172,P12613,4.1
U118172,P50583,2.8
U118173,P88686,4.3
U118174,P55509,5.0
U118175,P24838,3.6
U118175,P43059,4.6
U118175,P80690,3.3
U118175,P94188,4.1
U118176,P54976,4.3
U118177,P26735,4.4
U118177,P46535,3.8
U118178,P10747,4.0
U118181,P96645,4.4
U118183,P19594,4.1
U118183,P37492,3.9
U118185,P95078,3.7
U118188,P60514,3.8
U118189,P49953,4.6
U118194,P36333,2.7
U118195,P17557,3.7
U118195,P45703,3.9
U118196,P12382,3.6
U118196,P94648,4.3
U118197,P35369,4.1
U118198,P41264,4.1
U118199,P25792,3.5
U118199,P58827,4.3
U118200,P72462,3.6
U118200,P84889,4.4
U118200,P88131,2.9
U118203,P13433,5.0
U118204,P34194,4.6
U118205,P77611,4.8
U118206,P19727,4.0
U118208,P37618,4.4
U118209,P13052,4.6
U118209,P82046,3.5
U118210,P40981,4.0
U118210,P50430,4.4
U118210,P88806,3.3
U118213,P59447,4.0
U118213,P84944,3.4
U118214,P62240,5.0
U118215,P55275,4.0
U118217,P39239,4.2
U118220,P24716,4.6
U118220,P83018,3.3
U118221,P13295,4.3
U118222,P44038,3.1
U118223,P59725,4.2
U118223,P72851,3.7
U118227,P53453,4.5
U118228,P14741,4.2
U118228,P17303,3.7
U118228,P61363,4.2
U118228,P92898,4.0
U118229,P13194,3.3
U118229,P46415,4.0
U118230,P54551,3.3
U118230,P58760,5.0
U118230,P73024,2.8
U118232,P62151,4.3
U118233,P43639,4.2
U118235,P92649,4.5
U118237,P16943,4.5
U118239,P38415,4.7
U118239,P47105,3.1
U118241,P46250,4.2
U118246,P50028,3.4
U118247,P56959,3.7
U118248,P18435,3.9
U118248,P79972,4.9
U118249,P54698,4.0
U118249,P90564,3.8
U118250,P96955,3.1
U118254,P41358,4.2
U118254,P69208,3.1
U118255,P61670,4.9
U118255,P89685,4.3
U118257,P94728,3.4
U118259,P15737,3.6
U118259,P44970,4.2
U118260,P61395,3.8
U118260,P68299,3.4
U118262,P36476,3.5
U118262,P38651,4.2
U118266,P35258,4.0
U118266,P66540,4.3
U118267,P82298,3.9
U118267,P88821,4.0
U118268,P15816,4.8
U118268,P75953,3.4
U118269,P45231,3.9
U118270,P23971,4.9
U118270,P69491,4.4
U118270,P70529,4.4
U118271,P55860,5.0
U118271,P65941,4.7
U118272,P51759,3.9
U118274,P16697,3.9
U118276,P29496,3.6
U118277,P67132,3.8
U118278,P64014,3.6
U118280,P29647,4.3
U118281,P32040,3.3
U118281,P48065,4.2
U118281,P59383,3.7
U118282,P99770,3.4
U118284,P60847,4.1
U118285,P50956,3.7
U118286,P51437,3.9
U118286,P75830,4.0
U118287,P75222,4.0
U118288,P61207,3.9
U118289,P65810,3.7
U118290,P40292,5.0
U118290,P72272,3.2
U118291,P47770,3.6
U118291,P58259,4.3
U118292,P31424,4.5
U118293,P61832,4.6
U118295,P75419,3.8
U118297,P46914,4.2
U118297,P57048,4.2
U118297,P68598,4.4
U118297,P77769,4.5
U118297,P85606,4.5
U118301,P56867,3.6
U118301,P84334,3.7
U118301,P99168,4.0
U118302,P96238,3.9
U118304,P71934,4.0
U118305,P96660,4.3
U118307,P80804,4.1
U118310,P76579,2.9
U118311,P23814,5.0
U118311,P43998,5.0
U118311,P87883,3.8
U118314,P97421,4.0
U118315,P41183,3.8
U118315,P68737,4.1
U118315,P94875,3.8
U118316,P94086,3.5
U118317,P65887,4.1
U118320,P98997,3.7
U118322,P46945,3.6
U118322,P57069,3.7
U118326,P49870,4.4
U118327,P22710,3.5
U118328,P23966,4.1
U118328,P60445,4.4
U118329,P35668,4.2
U118330,P36997,4.7
U118330,P89353,2.7
U118331,P28686,3.3
U118331,P48398,3.5
U118331,P71435,4.1
U118332,P93761,4.7
U118334,P50481,4.3
U118335,P14297,3.7
U118335,P52928,5.0
U118336,P21788,4.0
U118336,P67105,3.2
U118337,P31582,3.1
U118338,P73781,4.3
U118342,P63110,4.2
U118344,P55151,3.9
U118344,P56297,4.0
U118344,P97667,4.9
U118345,P33197,3.1
U118345,P41708,3.7
U118347,P18727,4.6
U118348,P23986,4.2
U118348,P90360,3.7
U118349,P20874,4.5
U118349,P75478,4.3
U118349,P98162,5.0
U118350,P28348,3.5
U118350,P43838,3.1
U118352,P19498,4.0
U118352,P40371,3.8
U118352,P87105,4.0
U118354,P29997,3.0
U118355,P45528,3.2
U118355,P63195,2.7
U118355,P75022,4.0
U118356,P31926,4.2
U118357,P82102,2.7
U118358,P36283,4.6
U118359,P16686,3.5
U118362,P14462,3.1
U118363,P59098,3.1
U118364,P44491,3.7
U118365,P31175,3.0
U118367,P24027,3.9
U118368,P42780,3.6
U118368,P54851,4.4
U118369,P12758,4.2
U118369,P19795,4.9
U118369,P61808,4.0
U118369,P99747,3.9
U118370,P59002,4.4
U118371,P36640,3.7
U118371,P59698,4.5
U118371,P86444,3.4
U118371,P96246,4.2
U118372,P20845,4.1
U118372,P30748,4.6
U118372,P49519,3.8
U118373,P61847,4.6
U118373,P67537,3.8
U118374,P34867,4.6
U118374,P44915,4.0
U118374,P65120,4.4
U118375,P10888,4.5
U118375,P53253,4.3
U118375,P55494,4.1
U118375,P77502,4.1
U118376,P78311,4.1
U118376,P96201,4.3
U118378,P61885,4.3
U118378,P81476,4.5
U118381,P54204,3.8
U118383,P26939,3.3
U118384,P65493,4.2
U118384,P96167,4.6
U118385,P11361,4.9
U118386,P62819,5.0
U118387,P46657,4.3
U118388,P92302,3.7
U118389,P49866,5.0
U118390,P45351,3.5
U118392,P22048,3.5
U118395,P11514,4.0
U118395,P65889,3.9
U118395,P89670,4.2
U118397,P22767,2.6
U118398,P14120,3.7
U118400,P57498,3.7
U118400,P84825,3.8
U118401,P11922,4.0
U118404,P36802,3.0
U118407,P16578,4.1
U118407,P39296,3.1
U118408,P11987,3.9
U118408,P26085,4.1
U118409,P40035,3.6
U118411,P14550,3.6
U118411,P76363,3.7
U118411,P80641,3.8
U118411,P93842,3.6
U118412,P33985,4.4
U118412,P71138,3.8
U118413,P12268,3.9
U118414,P57988,4.2
U118415,P82623,3.7
U118416,P51691,4.0
U118417,P99555,3.9
U118418,P18672,3.7
U118420,P53410,5.0
U118420,P68436,4.3
U118420,P71427,3.3
U118422,P15119,3.7
U118422,P42339,3.5
U118423,P81753,4.4
U118425,P32628,3.7
U118425,P41999,4.0
U118425,P65059,3.1
U118426,P60443,3.3
U118427,P43356,3.7
U118427,P94847,3.4
U118431,P73370,4.0
U118432,P38793,4.1
U118434,P99309,4.3
U118436,P87484,4.2
U118439,P17468,4.1
U118440,P34745,3.7
U118440,P98761,4.3
U118441,P94434,3.5
U118442,P57750,4.8
U118443,P80392,4.1
U118445,P55411,4.6
U118449,P18648,4.3
U118449,P54390,3.8
U118449,P62585,3.7
U118450,P51800,3.4
U118452,P78676,4.3
U118452,P90636,4.2
U118453,P81008,3.9
U118455,P10708,4.1
U118455,P54613,3.4
U118456,P26023,4.2
U118456,P78806,4.5
U118458,P17607,3.7
U118460,P66633,3.3
U118461,P47662,3.3
U118461,P77596,3.6
U118462,P29190,4.0
U118464,P62382,3.6
U118464,P76568,3.3
U118465,P76471,4.4
U118465,P95946,4.1
U118466,P19373,4.0
U118467,P52629,3.7
U118468,P57915,3.1
U118468,P69516,3.8
U118470,P41403,4.5
U118471,P75985,3.8
U118472,P27167,3.8
U118472,P88377,3.2
U118473,P91326,3.8
U118474,P44552,3.2
U118475,P13851,3.0
U118475,P19469,3.6
U118475,P58296,4.3
U118475,P98974,3.7
U118476,P29747,4.3
U118476,P66280,3.9
U118477,P50057,3.2
U118478,P87529,3.7
U118479,P15855,4.0
U118479,P79770,4.2
U118481,P23327,4.2
U118484,P31814,3.8
U118484,P87791,5.0
U118485,P80182,4.6
U118486,P18450,4.1
U118486,P50819,4.2
U118488,P48829,4.0
U118488,P57050,4.0
U118489,P44112,3.8
U118489,P47201,4.2
U118490,P23727,3.6
U118490,P97775,4.5
U118491,P11141,4.3
U118491,P49062,4.4
U118491,P67457,4.2
U118492,P84800,4.6
U118494,P63775,3.6
U118496,P52417,3.7
U118499,P20127,3.4
U118500,P39381,3.9
U118502,P67147,3.6
U118503,P22980,3.5
U118503,P49205,4.4
U118503,P57156,3.7
U118504,P94521,4.1
U118505,P24117,4.0
U118505,P27738,3.5
U118505,P31781,4.3
U118506,P28808,4.6
U118507,P55792,3.6
U118507,P96977,3.8
U118508,P43623,4.1
U118508,P45553,3.8
U118508,P56385,4.7
U118511,P24384,4.0
U118511,P52447,3.5
U118512,P13981,3.5
U118512,P58751,4.0
U118512,P81518,4.1
U118513,P58762,4.8
U118515,P18813,4.2
U118515,P44329,3.8
U118515,P45762,4.8
U118515,P46701,4.7
U118515,P71105,3.4
U118516,P32472,3.4
U118516,P52734,3.5
U118516,P77431,4.2
U118517,P30309,3.9
U118517,P48661,3.6
U118517,P79093,3.8
U118518,P51748,3.6
U118519,P12895,3.2
U118520,P15894,3.4
U118520,P21493,3.9
U118520,P27086,2.9
U118522,P26925,3.0
U118524,P29519,4.4
U118525,P14455,3.7
U118525,P83565,4.1
U118525,P96388,3.9
U118527,P11578,4.9
U118527,P46721,4.0
U118528,P24496,3.4
U118529,P15617,3.4
U118529,P63664,3.7
U118529,P80437,4.2
U118531,P10790,4.2
U118533,P10804,4.0
U118533,P60366,3.3
U118534,P87665,4.6
U118534,P95016,3.3
U118535,P19878,4.4
U118535,P57252,4.4
U118535,P90772,3.8
U118535,P94399,4.3
U118536,P40620,3.7
U118536,P55068,3.6
U118536,P83120,4.5
U118537,P86916,3.6
U118538,P11002,3.5
U118538,P17261,4.0
U118538,P98019,3.4
U118540,P10916,4.2
U118540,P89024,3.1
U118541,P52561,4.8
U118541,P87986,4.2
U118542,P30605,4.8
U118545,P66203,3.2
U118547,P86835,3.9
U118548,P79884,3.4
U118548,P85845,4.0
U118550,P10631,4.7
U118551,P23273,3.7
U118551,P65885,4.8
U118551,P93643,4.1
U118553,P74117,3.5
U118554,P35825,4.6
U118555,P29589,5.0
U118555,P43793,4.0
U118555,P45179,4.0
U118555,P71962,4.1
U118555,P86383,4.7
U118556,P73636,5.0
U118558,P17944,3.6
U118561,P52584,3.8
U118561,P80057,4.0
U118562,P89903,4.3
U118563,P31499,4.1
U118564,P87575,4.1
U118564,P95362,3.7
U118565,P57951,3.9
U118565,P87565,3.9
U118565,P93812,4.4
U118567,P13299,3.5
U118568,P46054,3.6
U118568,P68529,4.3
U118569,P97786,4.3
U118570,P63775,4.9
U118571,P26002,3.9
U118572,P10717,3.4
U118572,P85922,3.9
U118573,P26707,4.3
U118573,P84490,3.0
U118574,P86067,4.9
U118576,P93495,3.7
U118577,P59729,4.2
U118578,P27925,3.4
U118579,P83571,2.9
U118580,P57933,3.3
U118581,P15315,4.2
U118583,P41645,3.6
U118585,P46685,3.6
U118585,P77709,4.2
U118587,P30022,3.6
U118589,P64199,3.7
U118589,P76222,3.4
U118590,P79330,3.3
U118592,P63559,2.9
U118592,P77456,3.4
U118592,P86865,3.7
U118594,P52497,3.0
U118595,P52649,3.3
U118597,P75493,3.8
U118597,P83517,4.3
U118597,P92571,3.9
U118600,P22426,3.9
U118600,P48469,4.3
U118601,P12473,5.0
U118601,P17205,3.5
U118601,P57126,4.4
U118601,P71179,3.3
U118602,P22991,3.0
U118602,P29464,4.3
U118606,P35994,3.8
U118606,P41185,3.5
U118606,P81586,3.9
U118607,P29898,3.4
U118608,P57024,4.2
U118608,P78033,3.1
U118610,P21525,3.7
U118611,P31829,3.1
U118611,P38265,3.2
U118612,P98971,4.4
U118613,P81594,3.8
U118615,P12088,3.5
U118615,P62598,4.1
U118615,P94130,2.8
U118616,P82851,3.3
U118617,P88294,4.7
U118618,P73076,3.5
U118620,P27769,4.7
U118621,P53407,4.3
U118621,P88801,3.1
U118621,P92794,4.5
U118622,P32447,3.5
U118622,P49197,3.4
U118623,P47583,3.9
U118623,P74945,4.6
U118624,P28688,4.2
U118625,P86972,4.3
U118627,P88864,3.2
U118628,P22010,4.7
U118628,P50580,4.5
U118628,P62156,3.5
U118628,P87700,4.0
U118628,P98001,3.3
U118630,P11951,2.6
U118633,P15214,4.1
U118640,P46380,3.9
U118641,P13822,5.0
U118643,P31404,3.1
U118643,P98840,4.4
U118644,P34413,4.1
U118644,P45801,4.0
U118645,P96424,4.9
U118649,P51032,3.5
U118650,P82721,3.6
U118651,P22291,3.3
U118651,P48473,4.4
U118651,P99015,4.3
U118652,P93701,4.3
U118653,P49411,3.6
U118653,P92320,4.0
U118654,P20377,4.4
U118654,P71968,3.1
U118655,P16093,3.9
U118656,P34910,4.1
U118656,P66127,3.7
U118657,P39475,3.6
U118661,P39962,3.4
U118661,P72898,3.6
U118664,P31536,3.8
U118664,P47214,3.5
U118665,P15214,3.3
U118665,P88263,4.1
U118668,P27618,3.2
U118668,P39550,3.6
U118668,P65406,4.6
U118668,P75115,3.7
U118669,P24408,3.9
U118670,P70503,4.1
U118672,P93062,3.9
U118674,P19715,4.0
U118674,P45501,4.3
U118674,P95227,3.5
U118675,P65842,5.0
U118676,P14005,3.5
U118676,P57039,3.2
U118676,P70538,4.0
U118677,P26635,3.3
U118677,P31066,3.8
U118677,P57189,3.4
U118680,P28820,3.4
U118680,P49496,4.4
U118682,P68143,4.0
U118685,P77205,3.1
U118685,P88005,3.6
U118687,P74508,4.0
U118689,P14992,3.9
U118689,P32571,4.0
U118689,P65505,3.8
U118692,P80951,4.6
U118693,P61069,4.3
U118693,P85423,4.2
U118694,P55879,3.7
U118695,P22703,3.6
U118695,P78692,3.4
U118695,P80083,3.6
U118696,P14730,3.7
U118696,P48312,4.6
U118697,P44075,3.1
U118698,P15955,4.2
U118698,P97341,4.4
U118701,P10928,4.2
U118705,P77962,4.0
U118706,P60149,3.1
U118706,P68783,4.3
U118707,P76334,3.0
U118707,P96790,3.5
U118709,P44224,3.7
U118709,P47404,3.4
U118712,P19910,3.3
U118712,P40806,3.8
U118713,P18604,4.1
U118713,P32384,3.7
U118713,P58853,4.4
U118713,P66891,3.6
U118716,P30915,4.4
U118716,P78644,4.1
U118717,P13209,2.9
U118720,P26487,3.6
U118723,P95769,4.5
U118724,P43092,3.3
U118724,P58621,4.5
U118725,P23575,4.0
U118725,P58297,3.5
U118725,P96999,3.8
U118727,P35275,3.5
U118728,P12352,4.5
U118729,P70359,4.0
U118730,P67961,4.9
U118731,P81976,4.4
U118731,P98855,4.3
U118733,P29942,5.0
U118733,P84494,4.3
U118735,P37389,4.9
U118736,P27282,3.6
U118736,P63446,4.1
U118737,P32801,3.3
U118738,P72042,3.3
U118739,P64381,4.1
U118740,P16632,4.2
U118740,P55188,3.6
U118740,P84916,4.3
U118741,P25344,4.6
U118741,P41790,4.8
U118742,P69822,4.2
U118742,P85725,3.3
U118744,P63004,4.4
U118745,P24819,3.8
U118745,P33206,4.0
U118746,P63252,3.3
U118747,P31926,4.6
U118747,P39233,3.5
U118748,P79670,3.6
U118751,P18047,3.7
U118751,P66814,4.1
U118752,P18886,4.2
U118752,P45471,3.9
U118752,P47926,3.2
U118754,P63323,4.7
U118757,P86279,3.5
U118761,P13297,3.7
U118761,P23380,3.7
U118762,P14921,3.1
U118762,P19177,3.9
U118763,P22239,4.2
U118763,P56903,4.0
U118764,P36331,4.1
U118766,P80643,4.0
U118767,P72014,3.7
U118768,P57340,4.5
U118769,P24437,4.0
U118772,P42752,4.1
U118773,P97147,3.9
U118773,P99090,4.3
U118776,P11194,3.8
U118776,P22231,4.2
U118780,P56693,3.7
U118781,P20249,3.1
U118781,P36198,3.3
U118781,P40988,4.1
U118782,P68363,3.5
U118785,P63390,3.6
U118786,P32390,3.7
U118787,P64066,4.3
U118787,P83816,4.7
U118788,P37222,4.1
U118788,P53610,3.9
U118788,P54015,4.1
U118788,P55944,3.8
U118793,P31820,4.6
U118794,P75293,3.3
U118795,P77632,4.2
U118796,P26492,3.3
U118796,P39032,5.0
U118796,P45931,3.8
U118796,P80876,3.6
U118797,P53983,4.6
U118797,P87553,3.8
U118798,P83913,3.5
U118799,P65137,4.1
U118800,P52634,3.6
U118800,P85659,4.2
U118802,P77220,4.4
U118802,P78664,3.6
U118803,P19086,3.7
U118803,P34648,3.8
U118805,P26500,3.9
U118805,P85945,4.3
U118806,P13027,4.3
U118806,P53207,3.1
U118806,P98172,4.8
U118808,P31825,4.3
U118812,P57969,4.0
U118813,P39461,4.9
U118814,P13548,3.2
U118814,P38754,4.4
U118814,P66366,3.9
U118815,P83554,3.5
U118815,P99397,4.3
U118815,P99862,3.0
U118817,P29810,3.4
U118817,P91829,3.7
U118818,P97561,3.4
U118819,P18713,3.6
U118819,P39599,3.5
U118819,P77376,3.7
U118821,P16119,4.2
U118821,P50644,4.3
U118823,P27820,4.2
U118824,P22980,3.3
U118825,P68585,3.1
U118827,P12938,3.7
U118827,P36131,5.0
U118828,P87570,4.4
U118829,P22534,4.1
U118829,P49717,3.8
U118830,P48104,4.0
U118830,P72307,3.5
U118831,P27348,3.4
U118831,P91960,3.6
U118832,P45944,4.1
U118834,P12998,4.6
U118835,P41800,3.1
U118836,P16538,3.3
U118836,P42753,4.1
U118836,P71317,3.9
U118838,P41997,5.0
U118838,P74996,4.0
U118838,P76789,4.2
U118840,P73579,5.0
U118840,P82551,4.2
U118843,P18148,4.1
U118844,P54187,4.2
U118845,P22316,4.0
U118845,P45135,4.5
U118846,P47792,4.4
U118847,P37335,4.0
U118848,P16454,5.0
U118848,P73666,3.2
U118848,P86300,4.2
U118849,P24567,3.8
U118849,P84616,4.3
U118850,P48330,4.5
U118851,P93050,3.2
U118852,P15510,4.3
U118853,P44881,3.2
U118854,P84518,3.6
U118854,P85009,4.0
U118855,P42005,3.5
U118855,P86108,4.9
U118857,P73451,4.4
U118858,P65200,3.6
U118858,P86696,3.8
U118859,P73358,4.7
U118860,P78048,3.4
U118862,P10542,3.7
U118863,P34442,3.3
U118864,P31030,2.9
U118865,P51456,4.3
U118866,P52650,3.6
U118866,P68780,3.9
U118867,P31690,3.4
U118869,P75413,3.5
U118869,P85556,3.1
U118871,P33568,4.6
U118872,P22645,4.3
U118872,P44964,3.6
U118872,P61271,4.1
U118872,P66813,3.4
U118875,P42807,3.6
U118876,P81805,4.6
U118877,P88507,4.0
U118877,P91580,4.3
U118878,P66276,3.7
U118878,P78217,4.2
U118879,P49289,4.3
U118879,P77637,3.7
U118881,P24363,3.8
U118882,P49308,3.8
U118883,P13064,4.4
U118883,P60205,4.0
U118884,P18601,3.6
U118884,P32333,3.7
U118884,P79683,4.3
U118885,P26033,3.0
U118889,P13737,4.6
U118889,P15624,4.0
U118889,P78658,3.5
U118890,P78670,3.7
U118890,P98630,3.6
U118891,P57853,4.6
U118893,P26186,5.0
U118893,P68024,3.0
U118893,P69964,4.3
U118894,P28191,5.0
U118894,P83517,3.4
U118895,P64340,4.9
U118898,P47641,4.0
U118899,P37245,2.6
U118899,P78336,3.7
U118900,P11251,3.8
U118900,P20195,4.1
U118900,P49550,4.3
U118900,P59687,3.8
U118903,P27995,4.5
U118905,P46765,4.3
U118905,P89637,3.9
U118906,P38680,3.7
U118906,P67723,3.9
U118907,P42825,3.2
U118907,P44342,4.3
U118908,P47280,4.5
U118908,P73805,3.4
U118909,P78009,3.8
U118909,P91029,4.0
U118910,P62209,3.5
U118910,P96119,4.6
U118911,P17486,4.2
U118913,P93363,4.3
U118914,P44397,4.2
U118914,P59048,4.9
U118916,P51706,4.1
U118918,P61539,4.5
U118920,P35331,4.9
U118921,P24914,3.7
U118921,P65495,4.1
U118922,P88501,5.0
U118923,P26633,3.8
U118923,P87819,3.6
U118925,P28863,3.6
U118925,P31603,3.8
U118925,P55715,4.6
U118925,P76196,4.1
U118926,P68214,4.4
U118927,P22940,3.7
U118927,P68501,4.7
U118928,P79570,4.2
U118928,P83391,3.2
U118929,P13005,3.9
U118930,P34118,3.5
U118930,P61124,3.5
U118930,P63782,3.2
U118930,P85983,3.5
U118931,P71400,3.8
U118935,P40777,4.5
U118935,P90669,4.2
U118937,P42016,3.9
U118937,P91180,3.4
U118938,P10453,3.5
U118939,P34191,4.6
U118939,P49674,4.4
U118941,P53676,4.2
U118941,P62946,3.6
U118943,P65265,4.7
U118945,P80051,3.9
U118947,P32141,3.7
U118947,P97219,3.7
U118948,P25299,4.3
U118949,P66129,4.6
U118949,P80279,3.6
U118950,P16381,4.3
U118951,P63115,3.0
U118952,P51620,3.3
U118953,P29811,3.7
U118953,P68216,4.2
U118954,P66646,2.9
U118955,P59513,4.4
U118956,P43534,4.0
U118956,P65826,3.4
U118957,P61067,3.7
U118958,P42938,4.8
U118958,P90685,3.6
U118959,P24013,3.8
U118959,P68541,3.8
U118960,P40448,4.3
U118961,P56677,3.9
U118962,P75917,3.2
U118965,P22578,3.2
U118965,P43921,4.1
U118966,P30686,4.2
U118966,P87643,4.3
U118967,P48762,3.4
U118967,P62066,3.8
U118968,P28333,4.7
U118968,P63182,4.1
U118969,P19409,4.1
U118969,P35201,3.3
U118969,P71808,3.9
U118969,P97696,4.2
U118970,P65569,4.0
U118970,P70694,3.9
U118970,P79980,4.6
U118970,P82932,4.1
U118971,P22928,3.7
U118971,P71275,3.9
U118972,P62347,3.9
U118973,P20915,3.6
U118973,P51261,4.2
U118973,P60123,4.5
U118973,P87278,3.8
U118974,P76450,5.0
U118975,P40840,4.3
U118976,P83333,4.5
U118977,P54774,3.7
U118979,P86686,3.8
U118980,P30884,5.0
U118981,P76908,3.0
U118981,P88393,3.8
U118982,P63768,4.6
U118984,P38792,3.0
U118984,P65850,4.2
U118986,P52400,4.6
U118987,P12474,3.3
U118987,P45558,3.8
U118987,P50335,3.0
U118988,P14316,3.9
U118988,P80490,3.2
U118989,P68672,4.2
U118990,P86098,4.2
U118991,P26852,2.9
U118991,P47414,3.2
U118992,P64862,4.4
U118993,P44264,4.2
U118993,P72469,4.7
U118997,P55382,4.1
U118997,P65973,3.9
U118998,P13763,3.7
U118998,P24938,3.2
U119002,P28907,4.6
U119003,P32471,4.2
U119003,P34729,4.2
U119003,P61776,4.4
U119004,P26486,3.1
U119004,P73779,2.9
U119004,P93226,4.0
U119005,P94201,4.3
U119006,P26256,4.1
U119007,P71069,3.6
U119011,P19076,4.2
U119011,P35833,4.0
U119011,P60268,4.1
U119014,P96702,4.5
U119015,P91546,3.4
U119016,P31921,3.8
U119019,P68483,4.2
U119020,P34738,3.4
U119020,P91148,4.4
U119021,P44544,3.3
U119021,P76959,4.0
U119021,P98693,3.2
U119023,P98307,3.7
U119026,P15525,3.9
U119027,P55774,4.6
U119030,P49631,4.2
U119030,P93025,4.3
U119031,P21768,3.2
U119034,P48772,4.2
U119035,P73882,4.4
U119039,P41792,4.1
U119039,P45600,3.9
U119040,P24621,5.0
U119043,P33102,3.8
U119044,P78348,3.1
U119045,P21415,4.3
U119045,P81930,3.3
U119046,P93730,4.7
U119047,P18533,4.1
U119047,P32822,4.3
U119047,P70708,4.4
U119047,P82189,4.7
U119049,P10653,4.0
U119053,P71803,3.6
U119054,P12407,3.6
U119054,P70086,3.9
U119055,P27175,4.3
U119056,P21371,4.6
U119060,P39727,4.7
U119061,P19457,4.4
U119061,P45812,4.2
U119062,P13841,3.7
U119062,P83358,3.8
U119063,P30986,3.8
U119063,P87103,4.5
U119064,P51698,4.0
U119065,P80769,3.4
U119065,P95371,4.1
U119069,P73529,3.5
U119070,P84135,4.2
U119071,P41976,3.7
U119072,P32621,3.9
U119072,P38815,3.6
U119072,P72895,4.3
U119072,P91100,3.4
U119073,P26025,4.5
U119073,P51535,3.8
U119074,P35734,4.4
U119076,P78955,4.5
U119078,P28364,4.2
U119079,P70256,4.2
U119080,P28787,3.9
U119080,P68272,3.9
U119080,P86016,4.7
U119080,P94070,3.8
U119082,P65065,5.0
U119082,P96823,3.7
U119083,P23278,4.8
U119083,P23872,3.1
U119085,P17957,4.5
U119086,P56531,3.3
U119087,P60827,3.3
U119090,P54553,3.8
U119090,P64934,3.5
U119090,P84374,3.7
U119091,P89189,3.3
U119092,P25878,3.6
U119093,P11861,3.8
U119093,P22707,4.2
U119094,P27048,4.3
U119095,P48199,4.6
U119095,P49386,3.8
U119096,P47158,3.4
U119096,P53095,4.4
U119096,P78387,3.4
U119097,P90013,3.3
U119098,P12282,4.4
U119099,P14329,3.5
U119100,P97378,3.3
U119101,P13504,4.3
U119102,P91984,3.9
U119102,P94016,3.4
U119104,P34010,4.1
U119104,P44196,4.4
U119108,P43486,4.6
U119111,P54607,4.5
U119111,P63763,3.0
U119112,P40132,3.7
U119112,P65430,2.9
U119113,P22337,4.2
U119113,P44183,3.2
U119113,P90261,4.3
U119114,P93292,4.3
U119115,P71472,3.1
U119115,P81959,3.1
U119116,P17322,2.6
U119116,P48622,4.3
U119117,P65204,3.3
U119119,P26596,4.2
U119119,P88394,3.8
U119123,P17533,3.5
U119124,P13228,4.0
U119124,P58171,4.2
U119126,P40430,3.5
U119126,P45574,4.1
U119127,P88420,4.7
U119127,P96157,4.5
U119129,P33247,4.1
U119132,P81612,3.5
U119132,P88170,4.5
U119133,P88045,3.5
U119134,P26641,3.9
U119134,P29892,4.8
U119134,P48843,2.9
U119135,P38782,3.0
U119137,P23979,4.1
U119137,P38153,3.9
U119137,P51530,4.0
U119139,P88215,3.8
U119141,P21944,4.4
U119141,P66589,3.4
U119141,P98413,4.1
U119142,P33928,3.9
U119142,P60566,3.6
U119143,P78178,4.0
U119143,P86955,3.9
U119143,P94360,3.8
U119147,P59638,3.1
U119147,P72319,4.2
U119148,P66648,3.8
U119149,P49720,3.9
U119151,P25515,4.8
U119152,P16538,3.4
U119152,P89073,4.4
U119153,P22126,4.5
U119153,P65361,4.0
U119153,P98973,3.1
U119154,P51876,3.3
U119154,P74456,3.7
U119162,P10639,3.8
U119162,P17705,3.5
U119162,P46758,3.0
U119163,P82367,4.6
U119163,P89775,4.8
U119165,P94868,4.7
U119166,P12186,3.4
U119167,P33716,4.1
U119168,P25700,3.4
U119168,P96417,3.7
U119169,P53005,3.8
U119169,P61792,2.6
U119170,P19319,3.8
U119171,P38166,3.4
U119172,P29146,4.7
U119172,P95521,3.8
U119173,P31470,4.2
U119173,P50124,3.1
U119173,P71492,4.1
U119173,P86162,3.6
U119174,P14620,4.2
U119175,P41636,3.8
U119175,P67009,4.5
U119176,P24793,4.3
U119178,P38801,4.2
U119179,P54582,3.8
U119182,P57702,3.8
U119183,P21778,4.6
U119183,P70475,4.2
U119184,P96283,3.8
U119185,P98957,3.0
U119186,P27874,4.0
U119186,P90938,4.8
U119187,P97776,4.5
U119189,P84439,4.1
U119191,P42331,4.4
U119191,P52047,5.0
U119193,P22744,3.9
U119194,P62873,4.1
U119195,P20965,3.3
U119200,P58712,4.1
U119200,P82842,3.4
U119202,P63261,3.1
U119203,P16587,3.6
U119203,P37767,3.5
U119204,P39208,3.8
U119206,P30078,4.2
U119207,P10377,3.8
U119207,P55858,3.8
U119208,P18646,3.9
U119209,P11704,3.7
U119209,P36251,3.5
U119209,P49774,3.6
U119211,P76870,4.4
U119212,P68156,3.0
U119213,P50988,4.3
U119214,P31779,5.0
U119214,P40160,3.9
U119214,P54386,3.6
U119214,P68506,4.1
U119216,P28354,4.1
U119216,P40989,3.8
U119217,P73674,4.0
U119218,P40422,4.4
U119219,P70305,2.7
U119220,P64124,3.7
U119221,P41659,4.7
U119221,P53653,3.3
U119221,P77127,3.9
U119223,P62722,3.6
U119223,P97793,4.1
U119225,P99217,3.7
U119226,P25065,3.4
U119226,P49882,4.7
U119228,P64682,4.8
U119228,P82851,4.4
U119229,P57241,4.1
U119229,P64701,4.6
U119230,P17940,4.8
U119232,P85602,3.7
U119232,P88149,3.7
U119233,P20625,4.5
U119233,P93538,4.0
U119235,P47132,3.8
U119236,P43967,4.3
U119236,P47688,3.2
U119236,P57954,4.0
U119236,P74513,4.3
U119236,P87490,3.5
U119237,P10214,4.1
U119239,P17998,3.9
U119239,P97212,3.4
U119240,P53113,3.6
U119240,P72602,3.6
U119240,P73252,3.6
U119240,P77227,4.2
U119242,P40302,4.4
U119242,P57016,3.9
U119243,P42925,3.7
U119244,P45097,3.3
U119245,P87832,3.7
U119245,P93888,4.2
U119247,P21773,3.3
U119248,P14953,3.8
U119248,P69967,4.1
U119248,P70253,4.1
U119249,P10732,4.0
U119249,P33761,3.2
U119249,P45070,5.0
U119249,P58916,4.2
U119250,P69502,4.2
U119251,P30186,5.0
U119251,P53124,3.8
U119252,P35807,3.8
U119252,P76478,4.0
U119253,P91859,4.3
U119255,P58876,3.9
U119256,P48367,3.3
U119256,P82358,4.2
U119259,P48593,4.3
U119261,P23104,3.9
U119264,P82332,4.2
U119267,P35371,3.8
U119267,P42590,3.5
U119269,P50492,4.3
U119270,P58271,3.8
U119270,P95145,3.2
U119274,P67127,4.3
U119275,P37855,4.4
U119276,P93400,3.7
U119277,P11915,3.0
U119277,P45013,3.6
U119277,P65174,3.8
U119277,P71532,4.1
U119278,P20921,4.4
U119278,P82414,4.0
U119281,P51767,4.5
U119282,P40086,4.1
U119282,P78357,3.8
U119283,P52726,3.4
U119285,P21232,4.1
U119286,P14511,3.9
U119286,P23690,3.4
U119287,P13804,4.0
U119288,P14355,3.7
U119288,P40286,3.9
U119288,P72756,4.0
U119289,P98346,3.7
U119291,P41422,3.8
U119291,P62267,4.0
U119292,P34714,4.0
U119295,P90509,3.4
U119297,P81813,5.0
U119299,P15758,4.6
U119299,P20734,4.4
U119300,P35036,4.2
U119301,P95036,3.1
U119301,P97350,4.4
U119305,P14377,4.0
U119308,P14136,4.2
U119309,P15931,4.5
U119309,P57701,3.6
U119310,P20947,3.1
U119310,P85794,3.3
U119311,P70356,3.8
U119313,P14028,4.8
U119313,P88937,5.0
U119313,P91093,3.2
U119314,P91731,3.4
U119315,P77735,4.2
U119316,P86821,4.0
U119318,P14509,4.3
U119318,P57446,3.6
U119318,P94338,3.2
U119319,P50988,3.5
U119319,P85492,3.8
U119320,P52939,4.8
U119321,P64410,3.8
U119322,P38663,3.6
U119322,P58388,3.4
U119322,P59335,4.0
U119324,P64903,3.6
U119327,P43493,3.8
U119327,P57006,3.0
U119327,P77488,3.7
U119328,P67443,3.9
U119329,P84560,3.9
U119330,P60445,4.0
U119330,P73866,4.0
U119331,P30617,3.7
U119331,P59581,3.6
U119331,P75342,4.4
U119332,P89884,4.0
U119333,P55365,4.1
U119334,P34199,4.2
U119335,P31613,3.6
U119336,P10046,4.4
U119336,P76529,3.5
U119336,P81144,4.1
U119337,P11001,3.4
U119339,P50848,4.3
U119339,P58313,4.4
U119342,P94407,4.2
U119343,P20371,4.2
U119343,P77936,4.2
U119344,P11345,4.5
U119344,P48051,3.6
U119344,P64349,3.3
U119345,P58989,3.7
U119347,P24171,3.5
U119347,P24458,4.4
U119347,P78965,4.3
U119348,P67226,4.3
U119349,P54205,4.5
U119352,P10029,4.6
U119353,P64529,4.9
U119353,P83560,3.5
U119353,P91691,4.2
U119357,P18928,4.7
U119360,P98631,3.1
U119362,P32045,3.7
U119363,P59661,3.2
U119363,P62903,4.7
U119363,P96881,4.4
U119364,P24438,3.4
U119364,P47365,3.2
U119364,P70445,4.7
U119364,P81165,4.2
U119365,P55790,3.5
U119369,P67471,3.6
U119369,P94766,3.8
U119370,P32682,2.8
U119371,P21361,4.4
U119371,P45948,4.6
U119371,P91381,4.0
U119373,P13672,4.1
U119375,P28499,3.4
U119377,P15665,3.7
U119377,P31322,4.4
U119378,P37246,3.9
U119379,P24222,4.2
U119381,P20824,3.9
U119381,P23923,3.6
U119383,P78125,4.4
U119384,P29955,4.0
U119384,P40887,4.2
U119384,P74241,4.4
U119385,P44378,4.4
U119385,P83978,4.5
U119386,P93282,3.6
U119387,P14824,3.7
U119387,P28124,4.5
U119387,P79976,3.9
U119388,P70465,4.4
U119389,P63546,3.1
U119392,P48785,3.7
U119393,P33214,3.4
U119394,P32468,3.7
U119395,P33576,3.7
U119397,P11672,4.0
U119398,P99682,3.6
U119399,P37758,4.0
U119399,P44477,4.2
U119401,P21796,4.4
U119403,P38159,3.0
U119403,P87246,3.4
U119404,P15185,4.0
U119405,P25804,4.3
U119405,P26960,4.5
U119405,P31322,4.0
U119405,P43979,4.5
U119407,P54894,4.7
U119407,P71095,3.5
U119409,P57949,4.2
U119409,P84992,4.5
U119410,P34880,3.8
U119411,P52673,3.5
U119412,P86345,4.2
U119413,P56532,3.3
U119413,P77731,4.7
U119414,P59958,3.6
U119414,P93113,4.5
U119415,P86370,4.5
U119416,P35864,3.1
U119416,P49950,3.7
U119416,P69781,4.4
U119416,P87836,3.3
U119417,P71184,4.4
U119421,P44584,4.0
U119423,P90653,3.3
U119423,P99335,3.5
U119424,P56397,4.0
U119424,P74375,3.6
U119424,P78112,4.6
U119426,P24751,4.0
U119426,P97400,3.7
U119428,P85036,4.4
U119430,P19003,3.4
U119430,P48624,2.6
U119430,P61623,3.7
U119430,P78016,3.8
U119430,P84371,3.5
U119431,P34421,3.7
U119431,P85477,4.4
U119433,P42425,4.0
U119434,P43823,3.9
U119434,P96250,4.2
U119436,P71912,5.0
U119437,P38821,3.6
U119437,P86098,3.3
U119438,P33571,3.2
U119438,P74425,4.1
U119440,P50419,4.1
U119441,P43263,4.3
U119443,P82503,3.8
U119443,P97571,3.1
U119444,P80726,3.9
U119445,P16946,3.6
U119447,P72144,4.1
U119449,P20533,4.5
U119449,P56160,3.7
U119451,P13681,3.7
U119451,P27056,3.7
U119452,P82999,5.0
U119454,P26583,3.9
U119454,P66030,3.7
U119455,P15616,4.0
U119456,P18034,4.7
U119457,P85208,4.2
U119458,P63245,2.3
U119458,P80563,3.3
U119462,P80782,4.1
U119462,P96768,3.4
U119463,P37392,3.6
U119463,P71526,4.3
U119464,P73144,4.3
U119465,P14846,3.9
U119465,P97646,4.3
U119467,P82840,4.2
U119470,P15452,3.6
U119470,P51235,4.0
U119471,P67161,4.0
U119472,P31772,3.6
U119472,P59096,3.2
U119473,P36049,5.0
U119473,P65510,3.2
U119474,P25462,3.7
U119475,P46764,4.1
U119478,P21531,4.3
U119478,P67498,3.4
U119481,P81161,2.9
U119483,P33581,4.8
U119485,P45867,3.4
U119485,P47488,3.5
U119486,P89952,4.2
U119487,P80104,4.6
U119489,P70358,4.5
U119490,P32803,4.7
U119491,P65549,4.3
U119492,P93945,3.1
U119494,P14387,4.8
U119494,P56403,4.0
U119494,P60606,4.4
U119495,P10416,4.7
U119496,P77496,4.4
U119497,P26571,4.3
U119498,P21087,3.3
U119500,P73034,4.0
U119501,P69322,4.6
U119502,P31723,3.8
U119502,P48624,3.0
U119502,P88500,3.8
U119504,P98797,3.4
U119505,P24935,3.8
U119505,P46323,3.5
U119506,P49715,4.6
U119506,P72207,2.7
U119506,P73498,4.3
U119507,P56011,4.5
U119507,P87408,4.6
U119509,P50630,3.6
U119510,P46426,4.6
U119510,P75544,3.8
U119511,P16169,4.1
U119512,P74891,4.8
U119513,P14522,4.8
U119515,P10204,4.2
U119515,P26533,4.4
U119515,P40917,3.5
U119515,P45366,4.2
U119516,P89824,3.9
U119517,P55795,3.6
U119517,P71348,4.9
U119520,P40056,3.4
U119520,P49346,3.2
U119520,P69373,3.5
U119523,P95177,4.1
U119524,P23788,4.4
U119524,P39988,4.3
U119525,P48439,3.9
U119525,P83284,3.9
U119525,P93686,4.2
U119527,P45279,3.1
U119528,P90748,5.0
U119530,P67780,4.1
U119530,P95946,4.3
U119531,P22616,4.2
U119532,P40696,3.5
U119532,P52677,4.2
U119533,P18927,3.9
U119534,P18792,4.7
U119534,P36073,3.9
U119534,P36266,3.8
U119535,P82708,3.2
U119536,P80952,4.3
U119538,P43897,4.7
U119538,P78613,4.1
U119540,P58453,3.5
U119540,P64961,4.2
U119541,P15666,4.3
U119542,P29421,3.4
U119543,P64388,4.0
U119543,P69463,4.7
U119545,P81330,4.5
U119547,P23672,4.5
U119547,P40627,3.8
U119547,P41847,3.9
U119547,P52465,4.3
U119549,P85953,4.3
U119550,P22663,5.0
U119550,P30991,4.1
U119552,P81067,4.8
U119555,P67571,4.2
U119558,P74907,3.7
U119558,P94663,4.3
U119559,P36207,4.3
U119560,P12115,3.8
U119560,P54627,3.7
U119564,P39436,3.6
U119568,P28198,4.7
U119568,P77900,4.2
U119569,P12338,5.0
U119570,P10947,4.1
U119570,P37151,3.3
U119572,P48571,3.7
U119572,P95953,4.4
U119573,P77723,4.3
U119574,P24339,3.8
U119574,P45964,3.8
U119574,P91213,4.9
U119575,P97298,3.9
U119577,P65095,3.5
U119578,P84309,3.6
U119579,P95637,4.5
U119580,P15224,3.4
U119580,P19061,3.9
U119580,P36581,4.1
U119580,P49685,3.6
U119580,P68647,3.9
U119581,P35349,3.9
U119581,P68482,4.3
U119583,P76396,3.4
U119587,P25099,3.8
U119587,P88105,4.6
U119588,P35842,4.1
U119589,P48417,3.7
U119589,P94314,4.3
U119590,P51630,5.0
U119590,P91844,4.2
U119591,P59265,4.1
U119592,P43276,4.1
U119592,P52465,4.3
U119592,P83410,2.6
U119593,P12223,3.7
U119593,P43067,4.0
U119595,P29497,3.3
U119596,P45774,3.9
U119596,P60066,3.3
U119596,P90664,4.0
U119597,P83367,3.3
U119600,P24101,4.4
U119601,P73188,4.2
U119602,P13985,3.3
U119603,P26899,3.6
U119604,P35013,5.0
U119604,P59847,4.0
U119605,P22285,4.6
U119605,P46587,4.6
U119605,P99241,3.8
U119606,P67581,3.6
U119606,P73154,4.9
U119608,P54867,4.3
U119608,P57764,3.8
U119609,P68964,4.7
U119609,P70074,4.1
U119611,P53847,2.9
U119614,P26803,3.9
U119615,P26518,3.7
U119616,P51389,4.2
U119617,P24536,5.0
U119617,P57460,3.6
U119618,P59764,5.0
U119618,P95558,4.1
U119619,P12866,4.4
U119619,P86288,4.6
U119619,P98644,4.7
U119620,P51027,3.8
U119621,P63454,4.5
U119622,P35096,3.3
U119624,P11652,5.0
U119624,P59907,3.9
U119624,P86444,4.3
U119625,P79607,4.3
U119626,P54261,3.9
U119627,P12054,3.2
U119627,P72561,3.7
U119628,P81270,4.1
U119628,P86485,3.9
U119629,P70037,3.1
U119629,P91229,3.3
U119632,P59623,3.6
U119634,P36835,4.1
U119635,P73161,3.7
U119635,P90903,4.1
U119636,P24205,3.5
U119636,P69273,4.9
U119637,P14633,4.1
U119637,P66887,4.2
U119638,P49628,3.6
U119639,P69371,3.9
U119639,P94146,4.0
U119640,P14674,4.9
U119640,P63232,4.0
U119641,P26944,4.0
U119641,P30877,4.7
U119641,P97073,4.6
U119642,P70630,3.5
U119644,P16831,3.7
U119644,P78528,2.7
U119645,P23885,4.0
U119645,P73962,4.0
U119646,P70147,3.9
U119647,P21450,4.0
U119647,P26388,4.2
U119647,P27182,3.0
U119647,P70147,4.3
U119647,P77099,4.4
U119647,P84852,3.3
U119648,P49850,3.9
U119649,P41989,3.5
U119649,P62019,3.7
U119649,P70204,4.7
U119649,P75449,3.3
U119650,P65982,3.5
U119651,P37892,3.5
U119652,P74780,4.2
U119652,P88999,3.1
U119653,P87909,4.4
U119659,P11674,3.0
U119659,P51719,2.9
U119660,P13441,4.5
U119660,P48581,4.8
U119661,P43964,4.1
U119662,P30597,3.1
U119663,P57048,4.0
U119663,P88826,4.7
U119663,P92767,3.7
U119664,P18778,3.9
U119664,P50400,4.3
U119665,P59253,4.4
U119667,P58259,3.4
U119669,P34719,4.6
U119669,P62209,4.5
U119669,P83594,3.1
U119670,P46251,4.1
U119670,P56710,3.5
U119671,P63493,4.4
U119673,P34558,3.8
U119673,P71590,4.5
U119674,P40356,4.0
U119677,P33677,4.2
U119677,P42877,4.3
U119677,P63607,4.0
U119677,P94280,3.1
U119679,P76600,3.2
U119680,P88244,3.7
U119681,P33250,3.7
U119681,P63657,3.4
U119682,P32037,4.1
U119683,P69988,4.9
U119684,P13266,3.9
U119684,P61825,4.2
U119685,P14459,3.9
U119686,P27160,4.1
U119686,P28062,4.1
U119686,P31034,4.1
U119686,P36330,4.5
U119688,P23258,3.5
U119689,P51409,4.7
U119689,P84576,4.7
U119690,P99959,4.3
U119691,P30323,4.1
U119691,P49546,4.1
U119691,P67501,4.5
U119692,P46709,3.0
U119694,P57485,4.2
U119695,P50004,3.9
U119695,P51420,4.0
U119695,P68814,3.0
U119696,P87780,3.4
U119697,P21330,3.7
U119697,P58087,2.7
U119697,P92311,4.3
U119699,P39644,4.8
U119701,P43500,3.4
U119701,P53113,4.4
U119702,P88370,3.7
U119703,P42190,3.3
U119704,P23790,3.8
U119705,P43915,4.6
U119705,P52294,3.9
U119707,P96051,3.2
U119708,P23178,4.0
U119708,P64546,4.1
U119708,P97654,3.8
U119711,P48255,3.4
U119711,P70437,4.2
U119712,P36137,4.7
U119712,P44213,2.8
U119712,P44620,3.5
U119712,P99815,4.4
U119714,P21321,4.3
U119714,P64157,3.2
U119715,P14017,4.1
U119716,P85622,4.1
U119718,P74167,4.4
U119719,P82119,4.2
U119721,P45392,4.3
U119722,P29020,4.1
U119722,P33685,3.7
U119722,P93002,4.9
U119723,P54642,3.7
U119723,P65449,3.4
U119723,P99262,3.4
U119725,P39767,4.3
U119725,P56736,3.9
U119726,P42500,3.6
U119726,P47069,4.3
U119727,P71603,3.4
U119728,P45022,3.0
U119729,P21093,3.9
U119729,P90817,5.0
U119730,P64035,4.4
U119731,P27394,4.9
U119734,P51128,4.0
U119734,P79221,3.0
U119735,P44922,4.7
U119736,P29737,2.9
U119737,P77374,4.1
U119737,P88864,4.6
U119738,P80087,4.1
U119741,P62651,3.0
U119743,P56297,3.9
U119746,P33698,4.0
U119746,P63680,3.4
U119747,P57572,3.9
U119747,P69623,4.5
U119747,P74330,4.8
U119749,P24672,3.6
U119749,P57876,3.9
U119751,P46486,5.0
U119754,P38401,3.8
U119754,P90813,3.2
U119755,P24182,3.9
U119755,P51545,3.8
U119756,P63435,4.4
U119757,P41190,4.0
U119757,P80798,3.2
U119758,P12324,3.8
U119759,P42889,4.0
U119759,P45627,2.9
U119759,P92616,3.9
U119760,P20638,2.9
U119760,P55210,3.7
U119761,P55557,4.4
U119763,P75373,4.0
U119764,P32332,4.3
U119764,P40534,3.9
U119764,P48377,3.1
U119764,P53159,3.8
U119764,P59828,3.8
U119767,P53266,4.6
U119767,P60673,3.3
U119769,P88584,4.4
U119771,P16342,5.0
U119771,P48548,3.1
U119772,P75010,4.1
U119772,P99602,3.5
U119773,P85971,4.2
U119774,P12966,3.8
U119774,P46019,3.6
U119775,P23208,3.8
U119775,P47455,4.8
U119775,P56811,5.0
U119775,P95608,2.7
U119776,P87651,3.5
U119777,P97617,4.8
U119778,P74951,3.4
U119779,P23913,3.7
U119779,P66183,3.7
U119781,P36871,2.6
U119782,P21049,3.5
U119783,P82341,3.7
U119783,P92042,3.2
U119784,P16680,3.6
U119784,P23673,4.6
U119784,P78704,5.0
U119786,P32325,4.5
U119786,P47200,3.3
U119787,P15030,3.3
U119789,P34953,3.7
U119789,P57709,3.8
U119790,P14748,3.4
U119793,P54825,3.7
U119793,P73120,5.0
U119793,P85616,4.3
U119794,P10698,4.7
U119794,P77120,3.2
U119794,P84113,4.2
U119795,P82111,3.4
U119796,P35947,3.8
U119797,P71264,4.2
U119799,P12244,3.1
U119801,P64134,3.4
U119802,P35881,3.8
U119802,P84307,4.3
U119804,P63103,4.6
U119806,P93484,4.2
U119807,P90649,4.1
U119809,P22542,3.9
U119809,P39512,3.6
U119809,P57989,3.2
U119810,P27544,4.3
U119811,P48081,4.7
U119813,P74290,4.2
U119815,P48525,3.5
U119816,P20467,3.0
U119817,P82572,3.9
U119817,P98359,4.3
U119820,P49439,4.3
U119820,P71870,4.0
U119820,P89621,3.3
U119822,P61690,3.2
U119823,P45206,4.2
U119827,P83320,3.7
U119828,P72955,3.3
U119828,P79436,4.3
U119828,P94753,4.3
U119828,P95467,3.4
U119829,P28611,3.5
U119829,P84320,4.2
U119830,P35868,3.7
U119830,P73718,3.1
U119831,P51975,3.8
U119831,P90180,3.4
U119836,P40099,3.6
U119836,P55862,4.3
U119837,P13527,4.9
U119837,P67667,4.2
U119839,P48181,3.5
U119840,P22388,5.0
U119840,P45683,3.5
U119843,P29704,4.2
U119844,P48699,4.3
U119845,P25210,4.1
U119845,P25263,3.9
U119848,P23054,3.7
U119849,P60883,4.3
U119851,P92753,4.0
U119852,P35219,4.4
U119852,P35362,5.0
U119852,P85941,3.7
U119852,P89497,4.1
U119855,P57464,3.9
U119855,P73096,4.3
U119857,P67611,3.6
U119858,P29683,3.6
U119859,P25396,4.0
U119859,P45524,3.4
U119860,P22468,3.0
U119860,P26180,4.0
U119861,P72503,3.2
U119868,P11399,4.7
U119868,P24401,3.3
U119868,P99069,3.2
U119870,P18287,4.3
U119870,P45903,4.3
U119871,P39644,3.4
U119872,P50506,3.8
U119872,P53797,4.0
U119874,P49731,4.1
U119875,P85249,3.7
U119876,P73567,4.1
U119876,P83102,4.0
U119877,P74104,4.0
U119878,P57775,3.5
U119878,P59177,4.1
U119880,P44063,5.0
U119882,P27639,4.5
U119882,P61850,5.0
U119882,P80697,3.0
U119884,P39603,4.1
U119884,P48957,2.9
U119884,P58718,3.7
U119886,P25530,4.5
U119887,P55843,3.0
U119888,P30931,3.8
U119888,P84457,3.9
U119889,P97050,3.7
U119890,P69112,4.3
U119891,P30015,4.0
U119891,P94239,4.1
U119892,P48002,3.4
U119893,P93735,3.3
U119894,P81059,3.7
U119896,P71857,4.3
U119896,P86873,3.3
U119896,P97422,3.8
U119897,P55765,3.9
U119898,P12199,3.2
U119901,P18351,3.9
U119902,P86205,3.6
U119903,P78452,3.9
U119905,P57309,3.3
U119906,P36704,4.1
U119908,P41971,2.8
U119908,P49257,5.0
U119908,P75669,3.9
U119910,P56915,4.2
U119910,P61761,3.8
U119910,P91185,3.4
U119911,P15530,4.3
U119911,P27972,4.1
U119911,P40566,3.9
U119911,P67749,4.6
U119912,P41943,3.3
U119912,P49443,4.4
U119914,P20462,3.7
U119914,P49612,3.7
U119914,P57367,4.5
U119914,P70921,3.7
U119915,P46074,3.3
U119915,P86163,3.7
U119916,P59014,3.7
U119917,P77045,4.1
U119918,P26743,3.1
U119919,P13734,5.0
U119920,P40151,2.7
U119923,P59475,4.0
U119923,P95015,3.4
U119924,P34228,4.4
U119925,P57163,3.5
U119926,P82570,3.7
U119927,P32527,3.5
U119927,P70506,4.7
U119927,P90685,4.0
U119928,P15626,3.1
U119928,P79369,3.4
U119930,P15273,4.1
U119930,P32726,3.4
U119930,P51651,4.1
U119931,P48153,3.4
U119932,P42691,3.2
U119932,P46871,4.0
U119932,P55468,4.1
U119933,P10476,3.7
U119933,P43734,3.5
U119933,P79267,3.4
U119933,P92330,4.2
U119933,P98476,4.6
U119934,P58849,4.5
U119935,P16329,4.3
U119936,P21465,4.6
U119938,P51315,3.3
U119938,P64556,4.1
U119942,P71857,4.1
U119942,P93341,4.3
U119944,P21315,4.8
U119945,P12950,4.2
U119945,P75279,4.5
U119946,P27670,3.2
U119946,P60583,4.1
U119948,P88970,4.5
U119949,P73027,4.3
U119949,P97192,4.6
U119950,P83352,4.5
U119951,P35458,4.0
U119952,P29869,4.8
U119953,P11589,3.9
U119953,P36529,3.5
U119953,P37496,4.1
U119954,P19741,4.5
U119956,P55989,3.8
U119957,P34824,3.6
U119958,P13587,3.9
U119958,P25944,3.9
U119958,P30496,4.3
U119959,P40333,3.6
U119961,P57905,3.9
U119962,P19853,4.2
U119962,P50980,3.8
U119962,P71937,3.5
U119962,P98950,4.2
U119963,P78086,3.8
U119963,P79828,4.1
U119964,P63042,4.1
U119964,P83758,3.5
U119964,P93656,5.0
U119966,P25414,2.8
U119966,P57503,3.9
U119966,P93476,4.1
U119968,P36471,3.4
U119969,P70436,4.0
U119969,P85836,4.0
U119970,P55214,3.8
U119971,P50344,4.3
U119971,P51907,3.8
U119971,P58833,3.6
U119974,P22897,4.0
U119974,P39507,4.5
U119974,P44375,3.1
U119975,P72128,3.8
U119975,P84226,3.7
U119976,P38095,3.0
U119977,P15549,3.5
U119978,P28274,3.4
U119978,P48759,2.8
U119979,P47734,4.1
U119980,P35173,3.7
U119982,P84360,3.5
U119983,P19872,4.2
U119983,P58955,4.2
U119983,P65048,3.4
U119984,P14514,4.7
U119984,P66288,4.1
U119984,P92452,3.8
U119985,P65270,3.8
U119985,P73110,3.8
U119986,P27150,4.7
U119986,P74100,4.2
U119987,P82847,3.8
U119988,P97448,4.0
U119989,P91563,3.9
U119990,P92023,3.4
U119995,P36245,4.3
U119995,P79688,3.2
U119996,P17902,3.6
U119996,P46546,1.9
U119996,P58796,3.6
U119996,P78148,3.3
U119996,P94154,4.0
U119997,P31362,3.5
U119999,P64387,4.2
U119999,P70415,3.1
U120001,P30281,4.6
U120001,P89264,4.3
U120002,P17144,3.4
U120002,P28183,4.0
U120006,P38824,3.4
U120006,P43392,4.3
U120006,P49350,3.9
U120007,P53241,3.9
U120010,P67803,4.4
U120011,P11282,4.9
U120012,P63770,4.0
U120012,P67853,3.3
U120013,P83719,4.0
U120014,P15015,2.8
U120016,P62670,5.0
U120016,P82096,4.1
U120016,P85024,3.5
U120018,P40414,2.8
U120019,P99080,4.2
U120024,P20481,3.9
U120025,P23256,4.2
U120027,P10920,4.2
U120027,P17470,3.5
U120029,P57166,4.0
U120031,P68581,3.4
U120031,P81319,3.9
U120032,P35489,5.0
U120032,P77270,3.3
U120034,P21879,4.4
U120036,P40371,3.8
U120036,P71897,3.5
U120037,P86332,4.6
U120038,P12254,4.3
U120038,P68779,4.4
U120038,P92421,3.6
U120039,P36290,3.8
U120040,P82458,4.4
U120041,P64655,3.8
U120042,P11824,3.7
U120044,P13321,3.5
U120045,P29543,3.2
U120047,P11131,4.4
U120047,P61541,3.5
U120048,P48826,3.9
U120048,P74600,4.5
U120049,P29273,4.7
U120049,P44901,4.4
U120049,P54233,4.0
U120049,P83900,4.6
U120050,P23142,3.8
U120052,P47976,3.8
U120052,P74129,4.0
U120052,P93883,4.4
U120053,P77942,4.4
U120055,P44398,4.2
U120056,P71006,4.5
U120058,P64932,3.9
U120060,P46048,3.4
U120060,P73490,4.0
U120063,P27275,3.4
U120063,P70538,3.4
U120064,P11147,4.1
U120064,P89547,4.0
U120064,P91782,4.7
U120065,P46117,3.3
U120066,P71486,4.9
U120066,P80719,4.4
U120067,P37334,3.9
U120069,P73261,3.9
U120070,P72362,4.1
U120071,P10769,4.7
U120071,P53222,5.0
U120071,P66738,3.8
U120072,P82614,3.4
U120073,P47914,4.6
U120074,P77821,4.4
U120075,P15817,3.9
U120076,P78082,3.6
U120077,P36097,4.5
U120077,P77377,4.1
U120077,P97235,3.8
U120079,P29462,3.5
U120080,P10285,4.0
U120081,P60264,4.3
U120085,P38066,3.7
U120085,P73107,3.8
U120086,P14576,3.6
U120088,P64163,3.6
U120089,P17868,4.8
U120089,P40413,4.1
U120089,P80695,3.5
U120090,P26245,3.7
U120090,P43519,3.5
U120091,P84500,3.4
U120092,P30628,3.1
U120096,P28101,4.3
U120096,P87644,3.0
U120097,P31740,3.1
U120098,P68996,4.1
U120100,P77156,3.9
U120101,P28828,4.4
U120103,P17417,3.7
U120104,P29990,3.5
U120104,P42095,3.9
U120107,P63463,3.6
U120108,P67914,4.2
U120109,P40148,4.0
U120109,P56052,4.2
U120109,P66374,4.1
U120110,P25156,4.0
U120111,P91561,4.1
U120113,P25143,3.6
U120113,P32513,4.2
U120115,P70350,4.6
U120117,P31011,3.4
U120118,P51899,4.0
U120119,P90931,2.8
U120122,P40915,4.9
U120123,P26550,3.9
U120123,P70081,4.4
U120123,P99432,3.6
U120126,P25727,5.0
U120126,P50888,4.1
U120126,P85698,4.3
U120126,P98412,4.5
U120128,P47979,4.2
U120129,P94511,3.2
U120131,P66891,4.0
U120133,P69966,3.0
U120133,P95413,4.4
U120134,P53244,4.1
U120135,P28165,3.4
U120136,P94097,4.9
U120137,P82657,4.9
U120139,P29291,3.8
U120140,P93802,3.8
U120141,P23483,3.9
U120141,P42567,4.6
U120142,P25765,3.6
U120143,P38670,2.7
U120143,P50923,3.2
U120143,P92050,5.0
U120144,P95119,4.4
U120145,P63175,4.5
U120145,P72041,4.4
U120146,P54823,4.0
U120147,P60549,4.7
U120148,P49948,4.4
U120148,P73676,3.9
U120149,P87444,4.2
U120150,P76277,4.2
U120151,P31095,4.0
U120152,P16487,4.8
U120152,P39602,4.1
U120152,P41265,2.5
U120152,P75965,3.4
U120153,P50323,4.3
U120155,P76231,3.7
U120157,P18815,4.5
U120159,P12573,4.2
U120160,P24756,4.8
U120160,P72817,4.8
U120161,P67008,4.0
U120161,P75005,3.7
U120162,P62038,3.8
U120164,P52754,4.7
U120164,P65845,3.2
U120164,P72602,3.9
U120165,P11994,3.2
U120165,P39292,3.8
U120165,P88298,4.1
U120166,P56632,3.0
U120166,P87478,4.3
U120167,P23879,4.6
U120168,P11371,3.8
U120169,P41498,3.7
U120169,P74755,2.9
U120171,P20951,3.4
U120173,P23872,4.3
U120173,P36222,3.0
U120173,P87723,4.0
U120175,P65954,3.2
U120175,P77308,3.8
U120176,P67200,3.8
U120177,P76600,4.3
U120178,P19239,5.0
U120179,P17911,5.0
U120179,P37085,4.1
U120180,P21500,3.2
U120182,P14257,3.7
U120183,P57773,4.2
U120185,P27292,4.5
U120185,P35017,3.3
U120188,P55126,3.9
U120189,P20315,4.4
U120189,P50140,3.7
U120191,P19910,4.3
U120193,P45230,3.9
U120193,P58766,3.8
U120194,P34562,4.4
U120194,P36419,3.8
U120194,P62222,4.7
U120195,P99627,3.6
U120196,P30276,4.3
U120197,P56616,3.7
U120197,P57465,4.7
U120198,P40651,3.9
U120198,P78523,3.6
U120198,P91364,3.5
U120200,P61876,3.3
U120200,P98454,3.7
U120200,P99042,4.4
U120201,P17858,3.7
U120203,P38083,3.7
U120203,P46050,3.8
U120203,P86419,4.3
U120204,P90915,3.6
U120205,P90787,3.5
U120206,P78714,3.6
U120207,P76282,3.6
U120208,P61299,4.1
U120208,P90033,3.5
U120213,P35282,3.3
U120213,P40454,3.9
U120213,P61424,3.7
U120213,P91493,5.0
U120214,P46409,3.2
U120214,P65728,4.8
U120214,P71116,3.9
U120215,P42829,3.0
U120215,P80568,3.4
U120216,P89379,3.7
U120217,P17468,3.8
U120217,P77581,3.1
U120217,P95049,4.2
U120219,P20027,4.2
U120219,P90798,4.1
U120221,P51091,4.2
U120223,P52486,4.6
U120223,P63351,3.8
U120224,P67766,3.3
U120225,P11959,2.7
U120225,P93590,3.3
U120227,P71797,3.8
U120227,P92017,4.3
U120228,P45484,4.5
U120228,P51051,3.5
U120229,P22159,3.4
U120231,P78706,5.0
U120232,P35729,4.3
U120232,P78341,3.9
U120232,P79068,4.6
U120233,P56013,3.7
U120234,P27675,4.0
U120234,P38567,4.2
U120234,P60693,4.5
U120237,P41442,3.5
U120238,P43024,3.5
U120240,P92412,5.0
U120241,P31315,3.5
U120241,P75275,4.3
U120241,P78016,4.3
U120242,P22299,3.9
U120244,P36275,4.0
U120245,P56663,3.7
U120245,P62722,3.7
U120245,P80475,4.7
U120246,P94178,3.1
U120247,P47883,3.7
U120250,P15657,4.8
U120250,P27644,4.3
U120252,P54281,4.4
U120254,P64099,4.4
U120254,P76820,3.7
U120256,P14210,4.8
U120256,P22015,4.0
U120257,P56448,4.3
U120257,P58996,4.0
U120259,P59299,4.0
U120259,P90599,3.6
U120260,P48573,3.5
U120260,P66372,3.8
U120260,P94188,5.0
U120261,P72103,4.2
U120261,P80754,5.0
U120262,P26984,4.6
U120262,P83635,4.5
U120263,P23852,4.3
U120263,P49564,4.0
U120263,P55078,3.9
U120263,P91608,3.2
U120264,P90294,4.3
U120266,P46609,3.1
U120267,P10673,3.3
U120267,P62982,4.0
U120268,P40352,4.4
U120268,P82506,4.4
U120270,P65415,4.2
U120271,P26779,4.5
U120271,P38195,3.4
U120271,P55647,4.8
U120272,P77723,4.0
U120273,P42470,3.7
U120273,P81407,3.2
U120275,P71835,3.5
U120276,P29347,3.3
U120276,P74419,3.6
U120277,P10843,3.6
U120277,P25984,3.8
U120277,P59626,3.6
U120277,P70272,3.7
U120277,P90903,3.9
U120278,P30815,3.5
U120278,P52225,4.2
U120278,P81381,3.9
U120280,P47744,4.6
U120281,P47534,3.4
U120281,P72970,3.2
U120282,P35534,3.9
U120282,P73667,3.2
U120283,P82520,4.5
U120285,P45451,3.8
U120289,P55034,3.8
U120290,P17177,3.3
U120292,P13679,4.0
U120292,P40495,4.5
U120292,P64912,4.4
U120295,P31984,3.2
U120295,P40868,2.9
U120295,P74125,4.0
U120296,P50910,4.6
U120301,P17701,5.0
U120301,P42368,3.4
U120301,P52958,4.4
U120301,P87194,2.6
U120302,P69390,4.1
U120303,P45898,4.8
U120303,P87993,4.4
U120304,P26749,4.1
U120305,P30774,4.2
U120306,P17824,3.7
U120306,P41381,4.0
U120308,P38387,3.9
U120308,P46955,3.4
U120308,P73123,3.4
U120308,P93471,3.9
U120308,P94244,2.8
U120313,P18684,4.3
U120318,P33122,3.5
U120318,P57748,3.9
U120323,P49891,3.7
U120324,P31585,4.3
U120324,P84235,4.1
U120325,P91590,4.4
U120327,P46721,3.4
U120327,P88403,3.0
U120328,P13541,4.3
U120328,P56471,4.7
U120329,P43374,4.2
U120330,P16102,4.5
U120330,P81151,3.8
U120333,P74871,4.5
U120334,P88115,3.9
U120337,P29942,3.9
U120337,P50467,4.3
U120337,P72867,3.6
U120338,P66861,3.3
U120339,P26080,3.8
U120339,P35247,4.4
U120339,P89219,4.2
U120340,P61131,4.3
U120340,P76866,4.1
U120340,P91446,3.3
U120341,P11474,4.6
U120341,P30568,4.5
U120344,P52236,4.0
U120344,P90268,3.7
U120346,P33851,4.4
U120346,P83119,4.6
U120347,P93912,3.8
U120348,P50753,4.3
U120348,P74473,3.7
U120349,P87969,3.4
U120350,P50098,4.9
U120350,P74565,2.8
U120350,P79149,4.9
U120351,P23772,3.2
U120351,P48536,3.5
U120351,P91189,4.7
U120352,P24430,4.1
U120353,P34493,4.5
U120354,P11410,5.0
U120354,P93294,4.0
U120355,P57188,4.0
U120357,P56322,3.1
U120359,P62536,3.6
U120360,P11325,4.3
U120360,P66650,2.9
U120362,P58706,3.7
U120362,P76028,4.1
U120362,P87089,3.3
U120363,P20880,4.9
U120364,P23734,4.1
U120364,P30374,3.9
U120364,P39932,4.3
U120364,P98912,4.3
U120365,P10231,3.2
U120365,P72013,4.0
U120369,P18414,3.8
U120370,P85321,4.6
U120370,P88127,4.9
U120370,P99833,4.3
U120371,P68016,2.8
U120372,P94211,4.4
U120373,P44839,4.3
U120374,P49888,4.1
U120375,P88470,3.5
U120377,P53540,3.2
U120378,P12663,4.4
U120379,P45516,3.4
U120379,P45946,3.5
U120379,P92888,3.8
U120381,P46030,2.8
U120382,P20063,5.0
U120382,P24769,3.6
U120382,P83078,3.4
U120384,P25113,4.1
U120384,P97611,4.3
U120385,P41224,3.4
U120385,P83983,4.1
U120386,P34128,4.5
U120387,P90540,5.0
U120388,P15370,5.0
U120388,P89672,3.7
U120390,P73918,4.6
U120390,P78501,3.7
U120391,P42821,5.0
U120392,P91684,3.7
U120394,P88565,3.2
U120395,P50629,4.1
U120395,P51972,4.5
U120396,P74500,4.1
U120396,P87089,4.0
U120397,P24900,3.9
U120397,P81787,4.7
U120399,P19560,3.7
U120400,P55146,3.3
U120405,P67192,3.5
U120407,P82805,3.8
U120408,P85230,3.5
U120409,P91875,3.9
U120410,P20436,3.4
U120410,P22630,4.0
U120410,P55656,4.5
U120411,P69965,4.4
U120412,P21982,3.5
U120412,P33274,4.1
U120412,P82951,3.5
U120416,P24784,5.0
U120416,P59092,3.4
U120416,P67813,5.0
U120417,P58139,3.9
U120417,P73401,4.2
U120418,P21750,3.8
U120418,P24544,3.3
U120419,P15944,4.0
U120419,P81806,5.0
U120422,P19510,4.0
U120422,P77604,5.0
U120423,P67610,4.7
U120426,P41158,4.3
U120427,P44018,3.8
U120427,P66507,3.0
U120429,P92528,3.9
U120430,P40822,4.0
U120431,P90691,4.0
U120432,P34578,4.3
U120432,P99814,3.8
U120433,P70343,4.8
U120434,P24427,3.7
U120434,P35758,3.7
U120435,P75022,4.1
U120436,P22253,4.3
U120436,P32826,3.3
U120436,P46844,4.3
U120437,P14914,4.4
U120437,P94139,3.4
U120439,P73029,4.3
U120441,P13405,4.1
U120441,P46475,3.5
U120441,P61845,3.6
U120443,P18448,4.4
U120444,P26161,4.1
U120445,P16498,3.9
U120445,P65892,3.8
U120446,P39038,4.9
U120447,P17371,4.0
U120447,P88861,4.1
U120453,P68040,3.4
U120453,P76742,4.0
U120454,P62721,3.1
U120454,P68658,3.8
U120454,P75009,3.9
U120455,P92163,3.1
U120458,P24000,3.8
U120458,P60988,4.6
U120458,P99674,4.0
U120459,P38359,3.3
U120462,P53672,4.6
U120463,P85843,4.2
U120464,P55902,4.4
U120466,P41384,4.4
U120467,P16304,4.1
U120467,P64618,4.6
U120467,P73212,3.9
U120469,P62633,3.9
U120470,P54845,4.5
U120472,P86825,4.2
U120474,P19709,3.3
U120474,P24239,3.6
U120477,P22837,3.4
U120477,P58662,3.9
U120478,P48550,5.0
U120479,P55471,3.1
U120479,P66350,3.8
U120480,P15346,4.7
U120480,P28453,3.9
U120480,P48598,3.8
U120483,P95199,4.0
U120484,P58397,3.8
U120485,P76068,3.8
U120486,P35083,4.4
U120486,P38908,3.6
U120486,P65084,3.2
U120487,P26698,4.4
U120487,P94200,3.4
U120488,P78212,3.9
U120489,P88123,4.3
U120490,P67731,3.2
U120492,P67993,4.7
U120493,P70392,3.3
U120493,P76071,4.2
U120494,P88412,4.0
U120494,P98226,3.4
U120495,P53591,4.7
U120495,P88599,3.2
U120496,P59897,3.2
U120497,P51963,4.4
U120497,P75207,3.9
U120499,P71263,4.0
U120499,P90041,3.6
U120499,P95764,3.6
U120502,P12318,3.9
U120502,P35956,3.4
U120502,P48832,3.3
U120505,P45360,4.8
U120505,P54907,4.8
U120505,P87682,3.4
U120506,P54617,4.3
U120506,P68927,3.5
U120507,P61327,4.7
U120509,P77155,4.0
U120509,P93700,4.6
U120510,P46673,3.8
U120512,P37480,4.3
U120512,P74480,3.8
U120513,P27324,4.6
U120513,P28525,4.2
U120514,P46614,3.9
U120516,P52432,3.6
U120517,P14272,3.4
U120517,P27071,3.6
U120517,P40428,3.6
U120517,P94276,4.9
U120518,P34648,4.6
U120518,P38306,3.9
U120519,P51517,3.8
U120519,P64436,3.7
U120520,P27237,4.3
U120521,P95014,4.1
U120522,P46864,2.8
U120523,P14041,4.5
U120523,P17368,5.0
U120526,P31547,3.0
U120526,P32583,3.0
U120526,P35830,4.2
U120526,P93847,4.1
U120527,P97371,4.1
U120528,P66714,3.2
U120530,P77067,4.5
U120530,P80176,4.7
U120532,P56354,4.5
U120532,P72866,4.0
U120533,P34312,3.5
U120533,P45860,4.3
U120533,P92535,2.9
U120534,P22348,3.5
U120536,P35993,3.9
U120536,P81992,4.3
U120538,P56655,4.4
U120539,P34278,4.0
U120540,P21890,3.9
U120541,P38476,3.8
U120541,P68381,3.9
U120542,P65170,5.0
U120542,P91170,3.1
U120543,P18149,5.0
U120543,P87930,4.7
U120543,P93680,4.1
U120544,P42598,3.3
U120544,P47359,5.0
U120544,P64392,3.5
U120544,P86897,3.3
U120547,P13414,4.5
U120552,P81509,3.7
U120553,P92373,3.6
U120554,P30861,3.9
U120554,P75066,4.0
U120555,P28684,4.0
U120555,P39977,4.2
U120555,P72965,3.5
U120558,P13064,4.0
U120559,P31489,3.0
U120560,P91656,3.2
U120561,P37327,4.1
U120562,P93493,5.0
U120563,P24932,4.8
U120563,P28230,4.1
U120563,P53408,3.8
U120565,P64767,4.0
U120565,P73817,3.9
U120566,P60421,3.6
U120568,P12707,4.0
U120568,P14309,3.7
U120569,P12923,3.5
U120570,P19966,4.9
U120570,P97044,3.6
U120571,P51229,4.3
U120572,P52812,3.7
U120572,P63429,2.9
U120573,P17140,3.6
U120574,P81494,4.3
U120575,P76900,4.0
U120577,P11042,4.3
U120577,P29098,4.3
U120578,P63870,3.5
U120582,P11199,3.3
U120583,P17641,4.3
U120584,P87082,2.6
U120587,P53364,3.6
U120588,P52998,2.9
U120589,P23809,4.2
U120589,P84153,4.5
U120591,P18187,3.1
U120592,P89406,3.4
U120593,P26949,3.0
U120594,P28967,4.2
U120594,P38547,3.8
U120594,P85822,3.9
U120598,P25725,4.5
U120598,P34595,4.0
U120600,P48093,3.8
U120600,P49378,4.1
U120600,P93846,4.5
U120601,P41401,3.5
U120601,P62519,3.0
U120602,P34365,3.9
U120602,P65066,3.5
U120603,P50580,3.9
U120604,P54066,4.4
U120604,P72141,4.2
U120606,P24696,5.0
U120609,P13478,4.0
U120609,P91551,4.5
U120613,P66572,4.4
U120613,P93550,3.6
U120614,P66017,3.1
U120615,P47493,2.9
U120616,P43281,3.3
U120617,P89102,4.0
U120618,P21753,4.2
U120618,P54953,3.9
U120618,P61507,3.9
U120618,P96731,3.7
U120619,P37734,4.1
U120620,P33826,4.7
U120621,P15119,3.5
U120621,P61861,3.2
U120621,P81508,4.0
U120624,P49622,3.7
U120626,P54204,4.4
U120626,P83518,3.4
U120627,P46647,3.9
U120627,P85883,3.9
U120629,P37006,3.8
U120631,P15954,3.1
U120633,P50870,3.2
U120636,P17418,4.2
U120636,P40213,2.8
U120637,P43739,4.5
U120640,P26766,4.3
U120640,P81636,3.8
U120642,P95439,3.7
U120645,P71951,4.7
U120646,P56777,4.0
U120648,P12860,4.2
U120650,P22384,3.7
U120650,P83913,3.7
U120651,P35787,3.3
U120651,P71629,3.5
U120651,P95534,3.5
U120652,P21260,3.6
U120653,P38523,3.8
U120654,P40689,3.6
U120655,P12716,4.2
U120655,P31577,4.7
U120655,P78245,3.1
U120655,P85878,3.4
U120655,P88500,4.8
U120657,P54069,2.9
U120658,P33571,4.1
U120658,P67029,4.5
U120659,P22904,3.0
U120659,P58226,4.7
U120660,P98060,4.1
U120662,P18918,4.1
U120662,P65805,4.2
U120664,P55271,3.4
U120665,P42888,4.8
U120666,P68145,5.0
U120667,P81037,3.3
U120668,P70692,3.9
U120669,P55005,3.9
U120670,P30263,4.6
U120671,P36445,4.2
U120672,P67987,3.4
U120673,P58154,4.1
U120674,P11954,5.0
U120675,P56667,4.2
U120676,P12598,4.2
U120676,P22569,4.1
U120676,P31183,3.9
U120677,P16265,4.1
U120677,P51168,3.7
U120680,P51784,3.4
U120682,P34795,3.1
U120682,P35645,3.7
U120683,P72867,4.3
U120685,P58826,4.1
U120686,P42115,4.3
U120687,P20337,4.2
U120688,P76950,4.1
U120689,P81932,4.0
U120690,P59557,3.4
U120690,P71962,3.5
U120692,P49008,4.5
U120692,P89546,3.8
U120692,P91840,4.7
U120695,P59210,5.0
U120695,P91956,4.0
U120697,P45305,3.8
U120700,P71779,4.6
U120700,P95871,4.4
U120702,P48594,4.1
U120704,P72847,4.2
U120705,P46638,3.7
U120705,P70310,3.8
U120706,P44049,4.0
U120706,P76481,4.3
U120708,P30913,5.0
U120708,P97070,3.7
U120716,P26967,4.1
U120716,P33999,3.3
U120719,P41671,3.6
U120720,P30438,4.0
U120720,P31865,4.0
U120720,P78042,2.9
U120720,P83189,4.9
U120721,P71141,4.1
U120721,P88751,4.2
U120721,P94869,4.5
U120722,P54831,4.4
U120722,P86512,3.4
U120728,P20412,4.7
U120728,P44295,4.6
U120729,P19616,4.3
U120729,P19662,3.5
U120730,P60871,3.7
U120731,P17843,3.6
U120733,P58818,3.6
U120735,P96615,3.5
U120737,P27192,3.6
U120737,P97324,4.4
U120738,P36463,4.4
U120739,P40774,4.4
U120739,P50539,3.0
U120739,P89279,4.4
U120740,P29189,3.5
U120742,P34456,3.4
U120743,P23167,3.8
U120743,P35017,3.2
U120743,P53432,3.6
U120743,P99248,3.6
U120745,P68512,4.4
U120746,P56402,4.4
U120746,P87474,3.7
U120748,P71309,4.2
U120749,P96641,3.2
U120750,P18860,4.1
U120751,P23333,3.9
U120753,P19097,4.6
U120756,P44104,3.5
U120757,P75475,3.8
U120758,P22379,3.3
U120759,P37686,3.8
U120764,P48694,3.4
U120764,P51762,4.0
U120766,P53318,3.7
U120766,P60634,3.9
U120769,P11648,3.9
U120772,P47572,4.1
U120772,P51206,4.0
U120772,P51366,4.3
U120774,P57937,3.8
U120774,P88634,4.3
U120775,P10140,4.8
U120775,P28780,4.9
U120777,P43914,4.1
U120780,P34275,4.3
U120780,P39764,3.4
U120780,P75588,3.5
U120780,P76278,4.0
U120781,P26700,4.3
U120781,P36779,4.4
U120782,P20491,3.9
U120782,P30009,4.5
U120783,P83835,3.6
U120783,P98870,4.3
U120784,P76646,4.2
U120786,P45083,3.9
U120786,P48466,3.1
U120786,P66008,4.0
U120788,P64867,4.0
U120788,P68982,4.9
U120788,P91550,3.7
U120788,P93417,3.2
U120788,P96345,3.3
U120789,P53077,4.0
U120789,P83917,4.3
U120789,P87338,4.0
U120790,P42798,3.4
U120790,P77642,4.2
U120791,P37479,5.0
U120791,P64455,2.6
U120794,P46317,4.3
U120795,P36475,3.0
U120795,P69598,4.0
U120796,P27232,4.0
U120796,P51777,2.5
U120796,P79881,3.4
U120797,P44650,3.2
U120797,P63050,3.5
U120797,P74893,3.7
U120800,P31099,5.0
U120800,P67247,3.5
U120801,P45585,3.4
U120802,P32231,4.0
U120802,P37505,3.4
U120803,P24156,4.0
U120803,P56184,3.8
U120804,P89355,3.7
U120806,P29494,4.2
U120807,P41370,3.5
U120807,P61142,4.8
U120807,P95004,3.8
U120807,P97284,3.7
U120808,P10349,3.8
U120808,P29942,3.5
U120809,P30949,3.1
U120810,P42462,4.2
U120810,P85350,5.0
U120812,P84628,3.8
U120814,P62752,3.9
U120815,P53399,3.6
U120815,P53498,3.9
U120816,P58740,3.8
U120817,P39375,4.2
U120817,P51574,3.5
U120817,P66399,3.3
U120817,P88690,4.7
U120824,P12295,4.0
U120825,P39478,3.8
U120825,P69122,4.7
U120825,P86090,2.7
U120826,P49075,4.0
U120826,P98536,3.9
U120827,P92659,4.4
U120828,P75936,3.9
U120829,P69841,4.4
U120829,P95553,3.5
U120830,P67750,4.2
U120833,P40418,3.9
U120833,P47346,4.1
U120833,P98918,3.8
U120834,P32837,4.1
U120834,P37816,5.0
U120835,P20694,4.0
U120835,P86916,4.2
U120835,P94191,4.3
U120836,P71529,4.1
U120836,P77197,3.8
U120839,P29215,4.2
U120843,P71631,3.7
U120845,P34201,3.3
U120846,P91725,4.8
U120848,P84715,4.3
U120848,P92129,4.3
U120849,P29161,4.8
U120849,P35895,3.6
U120849,P54587,3.3
U120849,P69124,4.2
U120850,P25035,4.2
U120850,P81728,3.8
U120851,P11219,3.9
U120851,P26362,3.4
U120853,P41746,4.1
U120853,P48159,4.1
U120854,P20655,3.5
U120854,P70707,4.0
U120855,P57727,3.3
U120857,P40694,4.0
U120857,P65258,4.2
U120858,P14323,3.7
U120858,P39914,3.4
U120859,P30713,4.5
U120859,P62820,3.4
U120859,P72650,4.1
U120860,P24058,3.4
U120860,P72024,3.6
U120861,P47410,5.0
U120861,P71446,4.9
U120863,P82322,3.6
U120864,P22411,3.8
U120864,P62479,3.7
U120866,P61823,3.3
U120869,P17472,2.9
U120870,P26688,4.0
U120870,P78535,3.9
U120871,P24268,3.8
U120875,P15505,4.4
U120875,P54099,4.6
U120876,P38657,4.3
U120876,P81091,4.0
U120877,P11112,4.1
U120877,P11247,3.7
U120877,P16454,4.5
U120877,P79813,4.0
U120879,P48373,4.6
U120881,P54447,5.0
U120881,P63903,4.8
U120882,P19885,4.6
U120882,P65430,3.8
U120883,P41192,4.4
U120883,P44285,4.1
U120884,P61803,2.9
U120885,P62420,4.2
U120885,P76022,4.5
U120885,P76600,3.8
U120886,P40582,4.0
U120886,P85469,4.0
U120887,P76899,4.4
U120887,P90474,4.4
U120889,P71607,3.7
U120890,P60303,4.4
U120890,P60978,3.1
U120891,P22278,2.6
U120892,P62640,3.9
U120892,P96504,3.6
U120893,P76497,3.8
U120893,P83829,3.8
U120896,P10646,3.8
U120896,P96317,4.1
U120897,P63328,4.0
U120898,P12899,4.0
U120899,P88646,3.2
U120901,P17982,3.2
U120901,P99460,3.9
U120902,P91133,4.2
U120904,P20838,4.4
U120904,P89523,4.1
U120905,P10339,3.3
U120905,P62455,3.7
U120906,P57045,4.2
U120906,P89804,4.3
U120908,P10318,4.1
U120908,P25242,3.9
U120908,P41272,4.1
U120909,P93106,4.4
U120910,P51507,3.9
U120910,P67943,4.9
U120911,P22623,3.8
U120911,P44946,4.0
U120912,P11439,5.0
U120912,P97329,4.3
U120913,P23887,3.9
U120913,P95732,4.0
U120916,P24210,3.4
U120917,P82973,4.6
U120918,P10726,3.7
U120918,P10831,3.5
U120918,P90356,3.7
U120921,P28133,3.3
U120921,P52950,5.0
U120921,P66443,3.9
U120922,P85182,3.8
U120923,P24074,3.7
U120924,P60451,4.3
U120924,P90834,3.7
U120925,P66656,3.9
U120928,P24387,3.9
U120929,P23706,4.4
U120930,P43582,4.0
U120932,P12966,3.6
U120932,P29443,2.4
U120933,P32846,3.3
U120935,P87026,4.4
U120937,P34141,4.6
U120937,P64092,3.8
U120937,P73032,5.0
U120938,P58597,4.3
U120938,P84016,3.8
U120939,P24604,4.0
U120942,P96617,4.3
U120944,P32338,3.4
U120945,P55010,4.2
U120948,P79687,4.1
U120951,P24278,4.2
U120953,P12516,4.7
U120954,P11817,4.4
U120955,P19980,3.7
U120955,P53644,3.4
U120955,P54266,4.7
U120955,P74377,3.6
U120956,P34337,3.2
U120957,P34864,4.3
U120959,P25650,4.8
U120959,P38210,3.9
U120960,P34601,3.8
U120960,P36626,5.0
U120963,P46341,4.3
U120964,P89293,3.8
U120965,P21039,3.9
U120965,P40952,4.0
U120966,P62765,4.3
U120966,P77073,2.6
U120967,P20243,3.4
U120967,P95896,3.7
U120969,P14252,3.6
U120969,P85181,4.6
U120969,P92519,3.4
U120970,P27819,4.5
U120970,P66808,4.1
U120972,P42755,3.9
U120973,P15117,3.7
U120973,P23138,3.1
U120973,P51071,3.7
U120974,P93456,3.7
U120976,P68701,4.2
U120978,P61003,2.8
U120978,P68295,3.9
U120978,P81661,5.0
U120978,P85801,4.1
U120979,P11790,3.9
U120979,P64586,4.2
U120979,P67600,3.3
U120979,P82026,3.7
U120980,P17856,4.6
U120981,P14150,4.8
U120981,P38663,3.7
U120984,P18235,3.8
U120986,P17065,4.5
U120986,P17730,4.5
U120988,P12857,2.8
U120988,P96074,3.9
U120990,P34026,3.8
U120991,P31867,4.3
U120991,P45365,3.7
U120993,P94593,3.5
U120994,P27832,2.6
U120994,P44645,3.6
U120995,P48363,4.2
U120996,P49218,3.7
U120996,P74960,4.5
U120998,P11662,4.3
U120999,P18480,3.7
U121001,P72504,4.0
U121003,P32170,3.8
U121003,P60283,3.2
U121003,P77253,3.6
U121005,P22434,3.8
U121005,P79899,3.6
U121006,P12535,3.9
U121006,P35489,3.5
U121007,P49069,3.9
U121007,P64517,3.5
U121008,P43727,4.0
U121008,P56280,4.0
U121010,P30219,2.9
U121010,P33068,3.3
U121012,P16460,3.4
U121012,P72174,3.7
U121017,P87462,4.2
U121017,P95318,3.8
U121018,P14087,4.0
U121018,P43420,4.9
U121019,P61958,3.4
U121020,P64713,4.1
U121021,P24290,4.0
U121025,P87223,3.2
U121025,P88638,2.9
U121025,P94098,4.6
U121026,P56082,3.5
U121026,P57070,4.1
U121026,P58931,3.9
U121026,P72457,4.2
U121027,P31055,3.9
U121029,P27593,5.0
U121030,P13732,4.3
U121030,P24771,3.7
U121030,P29406,3.5
U121030,P83753,3.7
U121031,P21500,3.2
U121031,P83255,3.8
U121033,P69624,3.4
U121034,P85838,3.6
U121035,P14879,3.5
U121035,P84940,4.0
U121035,P90012,4.3
U121036,P89707,4.2
U121036,P90643,3.9
U121038,P23692,3.3
U121038,P28338,3.5
U121039,P93585,4.8
U121041,P11250,3.9
U121043,P86431,4.6
U121044,P49250,2.8
U121044,P54934,3.7
U121045,P56819,3.4
U121045,P64820,3.1
U121046,P35841,3.1
U121047,P44630,4.2
U121050,P62992,4.3
U121051,P56294,4.7
U121051,P67751,4.5
U121052,P20991,3.5
U121052,P68207,3.8
U121053,P91912,3.7
U121054,P35486,4.1
U121054,P66271,4.5
U121055,P56502,3.4
U121055,P87610,3.6
U121055,P89816,4.8
U121056,P55107,3.8
U121056,P84573,3.9
U121057,P46853,3.7
U121058,P15367,4.4
U121058,P57743,3.7
U121059,P40076,3.3
U121060,P20712,3.2
U121061,P37055,3.6
U121061,P54537,3.9
U121061,P89082,4.6
U121062,P62869,3.7
U121062,P72896,4.1
U121063,P34493,4.3
U121063,P74297,3.7
U121064,P43748,3.7
U121064,P51234,4.4
U121064,P55372,3.9
U121064,P59327,3.9
U121066,P50346,3.8
U121066,P52783,3.6
U121066,P93075,4.2
U121067,P65588,3.8
U121070,P25058,3.9
U121070,P63808,4.0
U121071,P53248,4.3
U121071,P54842,3.4
U121072,P81520,2.4
U121073,P64108,3.7
U121074,P34797,4.5
U121074,P63538,4.0
U121074,P69622,4.2
U121074,P94079,4.1
U121074,P97829,3.5
U121075,P35198,3.8
U121075,P72405,3.9
U121075,P89358,4.6
U121076,P32911,4.5
U121077,P13793,4.0
U121077,P67975,3.8
U121077,P88522,4.3
U121078,P27584,3.9
U121078,P55547,3.8
U121079,P45714,3.8
U121079,P90968,4.2
U121080,P27140,4.6
U121080,P92728,4.4
U121081,P16210,4.8
U121081,P60610,3.6
U121082,P99833,3.2
U121083,P59705,3.8
U121085,P57169,4.4
U121086,P32280,3.9
U121086,P38508,3.6
U121086,P43893,4.3
U121087,P14054,3.2
U121087,P52714,3.2
U121087,P60866,3.8
U121087,P95614,4.0
U121088,P44637,3.1
U121089,P10958,2.7
U121089,P75954,4.1
U121091,P43529,4.1
U121091,P50207,4.5
U121092,P16399,4.0
U121092,P24998,3.9
U121093,P99502,3.3
U121094,P13966,3.7
U121095,P68360,4.4
U121096,P23094,3.5
U121100,P44831,4.0
U121101,P80849,3.8
U121103,P57523,3.8
U121104,P91066,4.1
U121105,P28129,3.6
U121106,P77117,4.1
U121107,P15057,3.8
U121107,P75324,5.0
U121109,P50196,3.8
U121110,P59412,3.4
U121110,P59714,3.1
U121111,P52151,4.1
U121112,P54521,3.1
U121112,P74223,3.8
U121112,P87767,3.8
U121114,P38950,4.8
U121114,P61941,3.1
U121114,P99224,3.5
U121115,P37319,3.7
U121117,P11820,3.3
U121117,P29801,3.8
U121117,P59652,5.0
U121118,P58385,4.1
U121119,P83383,4.1
U121120,P10339,3.9
U121120,P60129,4.5
U121122,P86120,3.8
U121124,P61584,4.3
U121125,P83382,4.2
U121126,P40586,2.9
U121128,P19262,4.1
U121128,P44287,3.4
U121128,P74161,3.7
U121129,P69795,3.0
U121130,P28204,4.5
U121131,P56995,4.8
U121133,P11932,4.2
U121134,P54404,3.9
U121135,P15831,2.7
U121135,P42632,4.9
U121135,P71958,3.8
U121137,P87169,3.7
U121137,P93105,3.9
U121139,P68587,4.4
U121143,P65467,3.8
U121143,P68110,3.4
U121143,P72442,4.4
U121144,P36323,3.9
U121146,P69603,3.7
U121146,P75460,4.0
U121147,P25701,3.4
U121147,P32241,3.3
U121147,P89653,4.4
U121148,P18929,4.6
U121148,P79125,3.7
U121149,P81490,4.0
U121149,P97356,4.2
U121150,P43871,3.7
U121150,P67807,3.2
U121151,P11492,3.9
U121151,P47562,3.2
U121152,P59033,3.8
U121153,P57660,5.0
U121154,P31455,3.9
U121154,P46571,4.1
U121155,P25028,4.3
U121156,P64110,4.7
U121157,P38386,3.6
U121157,P52817,3.8
U121158,P60203,3.7
U121158,P80087,3.0
U121159,P94116,4.4
U121161,P17534,5.0
U121162,P68239,3.9
U121163,P22804,3.7
U121164,P64400,3.1
U121166,P57609,4.0
U121166,P86369,3.5
U121167,P16432,4.3
U121167,P38221,4.2
U121167,P72375,4.4
U121167,P74202,4.3
U121167,P83315,3.8
U121168,P64210,3.8
U121169,P35814,3.4
U121172,P53202,3.8
U121174,P25387,4.3
U121176,P18479,4.5
U121176,P23594,3.7
U121176,P59362,4.0
U121177,P53738,4.0
U121181,P32433,4.0
U121181,P88335,3.7
U121182,P40732,3.8
U121184,P65681,3.7
U121184,P72964,4.7
U121184,P85913,4.8
U121185,P77812,3.6
U121187,P20903,3.9
U121187,P23573,3.9
U121188,P85653,3.6
U121191,P15097,3.7
U121194,P95190,3.7
U121195,P42774,4.4
U121195,P47032,4.4
U121196,P49261,3.8
U121197,P66048,4.1
U121198,P87287,3.0
U121199,P42869,4.9
U121199,P85951,4.2
U121201,P28829,4.8
U121202,P45294,4.9
U121203,P78958,3.5
U121206,P41222,5.0
U121207,P50563,4.9
U121207,P57497,3.9
U121207,P93259,4.3
U121207,P99117,3.4
U121208,P11219,3.6
U121208,P78800,3.4
U121208,P97844,3.2
U121209,P35376,5.0
U121210,P52051,4.8
U121211,P92918,4.1
U121212,P37939,4.4
U121214,P79563,3.6
U121218,P18405,4.3
U121218,P79355,4.4
U121219,P62317,3.5
U121220,P75653,3.7
U121221,P12499,3.7
U121221,P84758,3.8
U121222,P23680,4.4
U121222,P41818,3.4
U121222,P99847,4.3
U121223,P75030,3.9
U121224,P19911,3.6
U121224,P58735,4.2
U121225,P43627,4.0
U121225,P44300,4.0
U121225,P58045,4.5
U121225,P85789,4.4
U121227,P33358,3.3
U121230,P15777,3.3
U121230,P95387,4.1
U121231,P15860,3.6
U121231,P27032,4.0
U121234,P58762,3.3
U121235,P18425,4.3
U121236,P16604,3.7
U121236,P52917,5.0
U121237,P19599,3.7
U121238,P62415,4.4
U121240,P88759,4.1
U121241,P31977,3.9
U121241,P73219,4.4
U121241,P94489,3.8
U121242,P96918,4.1
U121243,P62013,4.2
U121244,P38184,4.2
U121245,P26519,3.0
U121245,P33131,3.5
U121246,P31766,3.7
U121248,P22628,4.2
U121248,P55895,4.8
U121249,P29901,5.0
U121249,P33940,4.3
U121249,P64982,3.6
U121250,P42722,3.6
U121250,P72574,3.0
U121250,P90193,3.9
U121251,P43158,3.5
U121251,P91983,3.4
U121252,P16682,4.6
U121252,P58832,5.0
U121252,P94420,4.4
U121253,P90700,3.3
U121254,P60695,3.8
U121255,P39340,3.5
U121256,P83295,4.0
U121258,P25137,3.6
U121258,P73613,4.1
U121260,P19865,3.7
U121261,P91325,3.5
U121262,P19147,3.9
U121262,P67770,4.2
U121263,P60626,4.6
U121264,P15927,3.3
U121264,P17737,4.6
U121264,P29125,4.3
U121264,P41840,4.5
U121264,P45089,4.1
U121265,P45837,3.7
U121265,P71061,3.1
U121267,P23118,5.0
U121268,P48830,4.1
U121268,P68674,3.6
U121268,P86140,3.3
U121269,P25962,4.4
U121270,P85578,4.0
U121271,P28035,4.5
U121271,P52333,4.7
U121271,P62322,3.5
U121271,P98157,4.3
U121272,P53474,4.8
U121273,P28703,3.6
U121273,P95023,3.9
U121274,P11574,4.2
U121274,P40074,4.6
U121275,P27153,4.1
U121275,P28574,4.3
U121275,P42168,3.7
U121275,P58941,3.6
U121276,P24062,4.7
U121278,P66362,4.8
U121279,P76457,4.7
U121280,P15855,4.8
U121280,P53793,4.5
U121281,P98192,3.9
U121283,P58607,4.1
U121283,P83507,4.4
U121285,P82253,4.1
U121286,P43515,3.3
U121286,P51305,3.9
U121286,P79500,3.9
U121287,P85094,3.8
U121288,P19237,4.9
U121288,P69388,4.4
U121289,P91652,4.6
U121290,P99994,5.0
U121291,P73153,5.0
U121291,P74872,4.7
U121291,P94935,3.6
U121293,P33142,3.4
U121293,P53887,4.0
U121293,P59793,3.0
U121294,P21564,4.3
U121294,P49503,4.3
U121295,P18023,4.3
U121295,P44576,4.0
U121295,P81320,4.2
U121295,P92057,3.9
U121297,P68207,4.0
U121298,P29001,4.5
U121298,P33715,3.9
U121298,P85150,3.7
U121298,P94158,4.1
U121299,P55231,3.9
U121299,P57172,4.7
U121299,P73942,4.0
U121300,P70456,3.8
U121302,P62709,4.0
U121303,P17043,3.9
U121304,P51308,3.7
U121304,P64486,4.4
U121304,P92509,4.1
U121304,P93784,5.0
U121305,P28130,3.5
U121305,P46232,4.1
U121305,P71961,4.3
U121306,P52694,4.2
U121306,P59928,3.0
U121307,P18637,3.6
U121307,P66873,4.4
U121307,P85639,4.3
U121308,P44200,3.8
U121308,P50854,4.1
U121309,P15724,4.4
U121310,P83367,3.5
U121312,P18526,3.9
U121312,P46324,5.0
U121316,P68886,5.0
U121316,P74315,4.0
U121318,P59221,3.6
U121318,P72196,4.6
U121322,P23474,3.8
U121322,P85330,4.4
U121323,P77895,3.4
U121324,P39842,3.8
U121325,P63657,4.3
U121326,P52065,4.2
U121326,P68104,4.0
U121330,P12620,3.9
U121330,P45870,3.6
U121330,P86905,4.3
U121330,P89882,3.5
U121331,P97954,4.1
U121332,P46853,3.2
U121333,P60802,4.0
U121333,P83163,4.1
U121334,P28258,3.2
U121334,P64070,4.0
U121334,P89294,4.1
U121336,P68889,3.4
U121336,P71028,4.0
U121338,P59059,4.1
U121339,P19760,3.9
U121340,P34601,4.2
U121340,P36708,4.7
U121340,P55186,3.9
U121341,P21144,4.2
U121341,P23596,3.2
U121341,P68362,4.0
U121342,P44947,3.7
U121342,P54864,4.7
U121342,P85051,3.0
U121343,P74646,4.7
U121344,P52039,4.1
U121346,P46835,3.9
U121346,P55648,3.4
U121347,P78620,4.3
U121348,P39434,4.4
U121349,P47466,3.7
U121351,P52999,3.9
U121355,P55019,3.7
U121357,P57659,4.1
U121358,P97166,4.0
U121360,P40876,3.5
U121361,P34976,3.6
U121361,P46935,4.3
U121361,P46970,3.3
U121362,P37595,4.0
U121363,P82574,3.1
U121365,P34342,3.0
U121367,P72854,4.5
U121367,P87511,4.0
U121367,P98107,3.3
U121368,P53549,4.5
U121370,P44843,3.4
U121373,P47434,3.4
U121373,P47814,4.5
U121377,P88354,4.8
U121378,P21508,3.8
U121378,P51500,3.7
U121379,P25901,3.6
U121379,P99660,3.6
U121380,P22728,3.9
U121380,P40913,4.0
U121381,P37007,3.8
U121382,P20836,5.0
U121383,P86997,4.7
U121383,P88777,4.1
U121384,P21067,3.8
U121384,P21157,5.0
U121385,P96483,4.9
U121386,P49844,4.2
U121386,P72595,3.6
U121388,P44164,4.5
U121388,P78116,3.4
U121391,P75065,3.7
U121392,P11108,3.5
U121392,P17436,4.9
U121392,P42243,3.3
U121393,P70408,3.7
U121394,P37944,4.2
U121396,P29786,3.4
U121397,P30309,3.7
U121397,P90315,4.1
U121398,P29307,3.8
U121401,P54209,3.2
U121402,P20010,4.5
U121402,P77827,3.3
U121403,P45330,4.1
U121403,P52100,2.9
U121404,P82578,2.8
U121405,P15468,3.5
U121407,P42040,2.9
U121407,P77424,3.5
U121407,P90606,5.0
U121407,P98314,4.6
U121407,P98887,3.7
U121409,P91758,3.5
U121410,P87255,4.5
U121410,P88105,3.3
U121411,P28711,4.2
U121411,P96704,4.1
U121413,P15778,3.2
U121414,P21469,3.5
U121417,P76300,4.1
U121418,P98252,3.4
U121420,P23004,3.8
U121420,P56805,3.3
U121420,P91870,4.2
U121420,P92581,4.2
U121421,P10392,4.1
U121421,P72256,4.4
U121422,P31032,2.9
U121423,P68134,3.9
U121423,P97303,3.3
U121424,P91612,3.8
U121426,P27797,3.6
U121428,P33114,3.1
U121429,P74778,2.9
U121430,P42902,4.0
U121434,P31214,4.4
U121437,P18370,3.4
U121437,P30463,3.7
U121437,P41656,3.9
U121438,P19926,4.2
U121438,P44371,4.5
U121440,P30564,4.2
U121441,P53654,4.0
U121441,P94863,3.8
U121442,P76725,3.7
U121443,P27269,4.1
U121443,P56514,4.0
U121444,P38380,3.8
U121444,P81817,4.0
U121447,P39884,3.2
U121448,P55949,4.4
U121448,P69831,4.4
U121448,P81858,3.8
U121449,P97353,5.0
U121451,P33738,3.9
U121452,P74434,4.1
U121452,P95547,4.0
U121453,P20145,4.9
U121453,P56986,3.9
U121455,P27199,3.5
U121455,P28201,3.5
U121455,P62873,4.5
U121455,P80918,3.6
U121458,P19849,4.0
U121459,P51366,3.9
U121459,P91867,3.8
U121460,P71841,3.4
U121461,P39338,4.5
U121461,P41757,5.0
U121462,P17409,4.0
U121462,P92337,3.5
U121464,P55000,4.0
U121464,P86119,3.9
U121465,P15389,3.9
U121465,P33813,3.6
U121465,P39394,3.7
U121465,P69938,4.5
U121467,P46034,4.0
U121469,P30032,4.2
U121470,P54696,4.8
U121471,P47620,3.8
U121471,P56411,4.1
U121471,P86919,3.6
U121473,P38766,3.9
U121473,P89684,3.4
U121474,P19740,4.0
U121475,P69046,3.3
U121475,P80272,4.2
U121476,P13307,3.8
U121476,P59896,3.9
U121476,P61060,3.3
U121478,P35185,3.9
U121478,P37823,4.2
U121478,P87497,4.2
U121478,P96624,3.3
U121479,P18521,3.8
U121479,P24326,4.6
U121479,P79365,3.9
U121480,P67694,3.7
U121480,P98073,4.1
U121481,P63577,4.2
U121483,P46866,3.9
U121484,P48086,4.3
U121484,P93860,3.8
U121485,P26807,3.8
U121487,P55360,4.0
U121489,P74350,3.4
U121493,P74224,4.3
U121494,P17545,4.0
U121494,P43758,3.9
U121495,P39963,3.8
U121495,P99471,4.5
U121496,P54163,3.7
U121499,P62336,3.7
U121502,P47060,3.6
U121502,P56152,3.5
U121503,P74243,4.5
U121503,P76472,4.5
U121505,P72880,4.0
U121505,P91905,3.6
U121506,P21683,5.0
U121507,P81637,3.8
U121508,P12815,4.9
U121508,P88901,3.6
U121508,P94763,3.5
U121510,P99598,3.6
U121512,P15612,3.9
U121513,P87184,4.2
U121513,P92474,3.8
U121514,P88130,2.6
U121515,P82865,4.2
U121519,P87741,3.4
U121520,P90880,4.8
U121521,P24501,4.2
U121521,P28598,3.5
U121521,P49885,4.2
U121521,P55544,4.1
U121521,P66895,3.8
U121523,P95029,3.9
U121524,P76118,3.2
U121526,P37019,4.6
U121526,P41555,4.0
U121526,P59427,4.1
U121527,P29532,4.2
U121531,P47194,5.0
U121531,P74187,4.6
U121533,P89320,4.7
U121534,P37449,4.1
U121535,P23688,3.6
U121536,P14831,4.5
U121537,P47169,3.8
U121537,P61207,4.8
U121537,P86078,3.1
U121538,P24973,3.5
U121540,P14485,3.3
U121540,P18006,4.6
U121541,P92713,4.7
U121541,P92990,5.0
U121542,P36963,4.1
U121544,P36781,4.3
U121544,P76390,4.5
U121544,P89957,3.8
U121545,P11316,3.7
U121547,P52756,2.9
U121548,P27835,3.0
U121548,P40369,3.5
U121548,P44015,4.2
U121548,P61459,3.9
U121548,P81568,3.7
U121548,P96094,3.5
U121550,P68570,3.2
U121553,P84228,4.5
U121554,P15263,3.9
U121554,P33070,4.6
U121556,P85883,3.2
U121559,P56805,4.1
U121559,P59639,4.2
U121559,P59787,4.1
U121560,P12577,5.0
U121561,P69300,4.2
U121562,P76090,2.8
U121563,P73902,3.7
U121563,P85820,3.4
U121565,P58447,4.2
U121567,P23330,4.3
U121567,P96561,3.3
U121568,P83769,4.7
U121568,P97899,4.7
U121569,P77688,3.9
U121570,P25387,3.9
U121570,P44259,4.0
U121571,P16860,4.2
U121571,P98014,4.0
U121572,P67639,4.1
U121573,P22491,4.1
U121573,P43096,3.4
U121574,P98322,3.7
U121577,P53490,4.2
U121577,P55051,3.7
U121579,P80070,4.3
U121580,P20706,3.9
U121583,P14893,4.0
U121586,P24908,3.6
U121587,P67767,4.8
U121587,P99909,4.0
U121588,P35324,2.5
U121588,P81916,3.5
U121588,P99706,3.6
U121590,P19163,5.0
U121590,P90902,3.9
U121590,P91620,4.1
U121591,P21550,4.4
U121592,P44754,2.9
U121592,P93880,3.5
U121593,P36041,4.8
U121593,P40432,4.1
U121594,P56308,3.7
U121595,P60550,3.9
U121595,P61410,4.2
U121596,P44416,4.2
U121597,P22538,3.9
U121597,P23181,2.9
U121597,P29809,3.5
U121597,P73758,4.7
U121597,P95827,4.6
U121599,P36476,3.6
U121599,P46075,3.5
U121600,P31498,3.9
U121600,P37021,4.2
U121600,P62255,4.2
U121601,P80577,4.0
U121603,P44036,3.9
U121604,P11873,3.6
U121604,P69077,4.4
U121607,P65378,4.1
U121607,P84224,3.6
U121608,P75402,4.4
U121610,P88235,4.3
U121611,P13858,4.7
U121611,P51730,3.6
U121613,P19101,4.5
U121615,P32494,4.0
U121619,P25256,4.4
U121620,P73046,2.9
U121622,P51498,4.0
U121623,P26409,4.1
U121623,P45779,4.9
U121625,P76421,3.3
U121626,P40666,3.8
U121628,P66097,3.6
U121629,P13650,3.7
U121629,P37459,4.2
U121631,P23644,4.5
U121631,P44720,3.8
U121631,P69668,3.1
U121633,P12973,3.2
U121634,P14451,3.8
U121634,P72998,4.2
U121634,P75394,3.6
U121637,P13582,4.5
U121637,P32515,3.9
U121637,P80429,3.6
U121639,P19100,4.7
U121640,P15128,3.8
U121641,P27493,4.5
U121642,P36255,3.7
U121642,P67132,4.3
U121643,P17692,3.9
U121645,P52147,3.9
U121646,P80313,3.8
U121647,P35920,4.4
U121647,P60278,4.1
U121647,P82093,3.0
U121648,P97840,3.8
U121651,P83189,3.5
U121652,P70162,4.5
U121653,P50361,4.3
U121653,P65102,4.1
U121654,P32512,4.6
U121654,P39003,4.9
U121655,P64432,3.7
U121657,P15406,3.4
U121657,P52213,3.4
U121658,P10255,3.6
U121658,P91436,3.9
U121659,P83556,4.2
U121660,P51074,4.2
U121660,P51760,4.8
U121660,P53660,4.4
U121660,P66481,3.3
U121661,P48863,4.7
U121663,P15467,2.8
U121664,P24931,2.8
U121664,P47335,3.6
U121664,P59229,4.6
U121664,P79979,3.1
U121665,P14326,4.4
U121665,P29217,3.9
U121665,P74106,3.5
U121665,P74137,3.5
U121666,P34263,3.6
U121667,P77107,3.9
U121668,P67076,4.2
U121668,P73535,3.6
U121668,P81201,4.5
U121669,P15940,3.2
U121669,P36248,3.7
U121670,P64874,3.2
U121671,P41967,4.5
U121672,P43191,3.7
U121673,P63244,4.0
U121674,P34709,3.9
U121676,P60313,4.6
U121677,P46105,4.6
U121677,P80568,4.2
U121679,P36523,3.9
U121679,P60059,2.9
U121680,P70978,3.8
U121681,P98516,4.7
U121682,P25584,3.1
U121682,P63639,4.5
U121684,P44471,3.6
U121686,P18004,3.6
U121686,P97248,3.7
U121688,P20909,4.1
U121688,P41565,3.8
U121688,P62440,4.0
U121688,P84847,3.6
U121689,P42378,4.4
U121690,P22931,3.9
U121691,P56819,3.1
U121691,P59361,2.7
U121693,P21378,4.1
U121694,P99367,3.9
U121695,P74899,4.3
U121696,P13511,4.4
U121696,P33120,3.4
U121696,P46533,3.4
U121696,P72274,4.4
U121697,P77572,4.5
U121698,P34673,3.1
U121699,P62202,3.7
U121700,P71236,3.6
U121704,P16498,4.2
U121705,P27428,3.5
U121705,P36967,3.4
U121705,P69453,4.0
U121706,P45314,3.2
U121706,P53296,4.0
U121707,P96481,3.1
U121708,P79614,4.7
U121709,P16859,3.4
U121709,P98655,2.5
U121710,P59982,3.6
U121711,P85089,4.4
U121712,P52329,4.5
U121712,P65544,4.9
U121713,P24305,4.6
U121713,P51867,3.5
U121713,P56703,3.4
U121715,P62790,4.2
U121715,P94616,4.6
U121715,P96933,5.0
U121717,P85643,4.3
U121720,P30412,3.5
U121720,P92294,4.1
U121722,P41727,3.9
U121723,P47361,4.7
U121723,P78486,3.9
U121725,P24814,4.4
U121726,P70842,3.7
U121726,P93658,3.2
U121727,P27083,3.7
U121728,P94301,3.8
U121728,P97921,4.0
U121729,P52673,4.1
U121729,P66481,4.1
U121730,P80290,4.2
U121731,P35071,3.3
U121732,P63006,3.5
U121733,P69983,3.1
U121734,P30415,3.4
U121736,P82876,4.3
U121736,P85013,2.5
U121737,P42246,4.0
U121737,P49590,3.4
U121741,P61354,4.2
U121742,P47499,4.0
U121742,P62524,3.2
U121742,P80396,4.3
U121743,P49730,4.5
U121745,P34511,5.0
U121747,P87779,4.5
U121748,P72290,4.3
U121748,P72950,3.4
U121751,P65626,4.1
U121752,P32502,3.8
U121753,P56964,4.2
U121754,P16185,4.7
U121754,P42923,3.6
U121757,P76478,4.1
U121758,P95057,4.3
U121760,P10153,3.9
U121760,P24920,3.9
U121761,P21283,3.6
U121761,P22490,3.9
U121761,P93167,4.4
U121762,P54408,4.3
U121764,P36903,3.3
U121764,P92549,4.3
U121765,P27453,4.3
U121765,P95230,3.7
U121767,P10570,4.8
U121767,P66710,4.1
U121768,P15768,4.1
U121768,P24570,4.4
U121769,P10648,3.1
U121769,P13502,4.1
U121769,P37449,3.4
U121769,P49216,2.8
U121770,P48777,3.1
U121772,P56622,4.5
U121773,P38653,3.2
U121773,P86326,3.6
U121774,P80368,4.3
U121775,P84705,3.8
U121776,P61334,4.4
U121777,P22971,3.9
U121778,P11466,5.0
U121780,P23692,3.5
U121780,P41541,4.0
U121780,P50217,3.6
U121780,P50232,3.1
U121780,P74814,4.4
U121781,P10542,3.8
U121782,P75850,4.0
U121783,P47089,3.9
U121784,P75317,3.4
U121784,P86906,3.5
U121785,P74639,4.4
U121786,P48281,4.7
U121788,P38766,3.9
U121788,P63476,4.0
U121788,P70482,4.0
U121788,P98665,4.3
U121790,P97955,3.4
U121793,P89938,3.8
U121794,P82504,4.8
U121795,P12781,4.2
U121795,P93654,4.4
U121797,P86226,4.3
U121798,P46820,5.0
U121798,P70688,3.9
U121798,P79865,4.4
U121801,P16737,3.8
U121801,P32942,3.9
U121802,P14841,4.3
U121803,P37615,3.9
U121804,P53336,3.3
U121804,P61145,4.5
U121806,P26339,3.8
U121806,P33924,3.9
U121806,P86243,4.3
U121809,P69228,4.1
U121810,P24729,3.1
U121811,P43279,4.3
U121811,P53090,3.7
U121813,P94982,4.9
U121814,P21996,3.7
U121814,P79741,3.9
U121815,P42650,3.8
U121816,P30188,4.4
U121816,P66833,4.6
U121817,P26385,4.3
U121817,P31146,3.5
U121817,P64854,3.2
U121817,P70362,3.9
U121817,P96474,3.9
U121820,P56875,4.3
U121821,P43545,3.6
U121822,P57284,3.9
U121822,P82106,4.2
U121824,P58166,4.6
U121824,P90835,4.6
U121826,P20352,3.4
U121828,P10698,3.5
U121828,P36753,4.3
U121828,P45971,2.9
U121829,P31106,3.6
U121829,P61113,3.7
U121832,P12221,3.6
U121833,P66221,4.3
U121835,P63408,4.3
U121839,P55008,3.7
U121842,P18659,4.5
U121842,P36647,3.0
U121842,P51063,4.1
U121842,P72218,4.1
U121843,P22674,3.8
U121844,P46599,4.3
U121845,P32823,3.4
U121845,P39905,4.6
U121845,P69398,3.6
U121847,P99499,3.0
U121848,P69042,4.8
U121848,P71731,3.5
U121849,P28044,4.2
U121849,P95035,4.8
U121853,P40941,3.2
U121854,P11644,4.3
U121854,P23084,3.4
U121855,P56608,4.1
U121856,P52795,4.4
U121856,P67892,4.9
U121857,P39466,3.1
U121859,P31564,4.8
U121859,P42503,4.4
U121860,P41660,4.5
U121860,P83292,3.8
U121861,P59587,3.3
U121863,P58813,4.3
U121863,P96951,3.9
U121864,P18169,4.0
U121864,P60417,3.7
U121865,P15655,3.1
U121865,P62452,4.5
U121866,P25709,5.0
U121867,P57190,4.9
U121868,P38892,4.3
U121869,P52568,3.5
U121870,P24859,3.8
U121870,P31984,4.2
U121871,P87831,3.8
U121872,P30783,4.3
U121872,P47276,3.5
U121874,P59121,3.3
U121874,P62127,2.8
U121875,P85091,5.0
U121876,P41753,3.1
U121876,P60952,4.9
U121877,P42860,4.2
U121878,P20867,4.2
U121878,P72939,4.5
U121879,P87636,3.5
U121880,P22159,4.3
U121880,P30049,4.0
U121880,P37897,4.7
U121880,P68844,3.6
U121881,P28271,3.3
U121881,P52218,4.5
U121882,P36245,4.6
U121883,P14007,3.3
U121883,P73031,3.8
U121883,P87811,4.9
U121884,P25126,3.6
U121886,P76721,3.4
U121887,P22185,4.0
U121887,P24991,4.0
U121887,P35007,3.2
U121887,P62877,4.0
U121887,P66428,4.0
U121889,P25504,4.2
U121889,P30905,3.9
U121889,P99222,4.7
U121890,P36343,4.0
U121890,P99234,3.4
U121891,P73456,4.9
U121891,P92287,4.0
U121892,P36843,3.4
U121892,P87584,4.8
U121894,P13306,4.1
U121894,P80954,2.9
U121896,P13873,4.5
U121896,P21974,4.2
U121896,P48307,4.0
U121896,P76652,4.1
U121899,P88845,4.6
U121900,P69525,3.7
U121901,P61918,4.3
U121904,P51937,5.0
U121906,P31358,4.6
U121906,P75543,3.7
U121908,P51525,3.6
U121908,P79696,3.9
U121909,P55045,4.0
U121910,P67059,3.6
U121913,P60378,4.1
U121916,P82578,3.6
U121916,P97098,4.0
U121917,P17715,3.4
U121917,P29595,4.3
U121917,P64700,3.7
U121918,P43660,3.5
U121919,P65154,3.7
U121919,P69070,4.3
U121919,P86815,4.5
U121921,P93157,4.5
U121924,P61623,4.4
U121925,P62854,3.5
U121928,P99351,3.7
U121929,P25721,3.8
U121930,P25705,3.1
U121931,P32192,3.6
U121932,P89796,4.9
U121932,P91046,4.2
U121933,P62658,4.0
U121934,P63577,3.3
U121937,P36298,4.7
U121938,P14076,2.8
U121938,P87680,4.5
U121939,P55166,3.8
U121940,P68094,4.0
U121941,P41086,3.8
U121941,P68590,4.6
U121943,P40700,3.7
U121944,P39155,3.9
U121945,P15861,3.6
U121945,P30165,3.0
U121948,P41716,4.3
U121949,P42598,4.1
U121950,P93677,2.7
U121952,P15096,3.8
U121952,P98855,4.3
U121953,P55455,4.2
U121954,P11128,4.4
U121954,P20021,3.8
U121955,P67039,3.7
U121957,P67450,4.8
U121958,P46813,4.8
U121959,P59363,3.9
U121960,P20010,4.5
U121960,P61920,4.0
U121960,P76877,3.6
U121961,P41259,4.1
U121963,P77528,4.4
U121964,P59950,4.7
U121964,P73847,4.2
U121964,P75287,2.8
U121964,P94807,3.7
U121965,P41823,3.9
U121967,P69401,2.9
U121969,P72214,3.6
U121972,P25701,4.6
U121972,P68216,3.3
U121977,P29083,5.0
U121978,P72545,4.0
U121979,P48078,4.2
U121979,P59081,5.0
U121979,P84588,3.8
U121979,P85856,4.3
U121980,P19067,3.4
U121985,P87237,4.5
U121987,P47585,3.7
U121988,P68782,3.5
U121990,P21583,4.3
U121991,P28336,4.6
U121991,P95648,4.0
U121992,P50914,3.5
U121993,P47755,4.9
U121994,P16025,3.7
U121995,P25357,3.9
U121995,P27033,3.9
U121996,P13322,4.5
U121997,P32799,3.7
U121998,P30847,4.5
U121998,P81572,3.9
U122000,P21904,5.0
U122000,P23983,3.4
U122000,P33570,4.4
U122001,P26415,3.5
U122004,P44967,3.0
U122004,P74333,3.9
U122004,P88108,4.1
U122004,P99729,3.7
U122007,P11272,3.7
U122009,P28328,3.6
U122009,P53430,4.4
U122009,P66686,3.8
U122009,P79458,3.7
U122009,P96048,3.5
U122012,P65356,4.4
U122012,P96842,3.8
U122018,P54251,3.7
U122018,P83168,3.9
U122019,P53556,3.3
U122020,P63914,3.2
U122020,P80670,3.0
U122021,P11247,3.9
U122021,P18698,4.7
U122021,P46239,4.8
U122022,P13334,4.1
U122022,P17900,4.6
U122022,P39587,4.5
U122022,P40005,4.9
U122022,P64703,3.4
U122026,P19244,3.5
U122027,P54143,3.7
U122027,P86857,3.3
U122028,P45611,4.1
U122030,P64444,3.8
U122031,P34524,3.5
U122031,P37395,3.8
U122031,P75146,3.6
U122033,P48009,3.8
U122033,P92832,3.6
U122034,P96740,5.0
U122035,P32916,3.5
U122036,P83424,4.2
U122038,P27727,4.0
U122038,P58473,3.7
U122039,P85357,4.3
U122039,P99350,3.8
U122040,P19574,3.7
U122040,P61337,3.3
U122040,P93610,3.7
U122041,P13396,4.1
U122041,P19994,2.5
U122041,P34886,4.7
U122042,P15032,3.0
U122042,P46792,3.6
U122044,P60784,3.4
U122045,P34347,3.9
U122046,P61522,3.1
U122048,P37706,3.9
U122048,P68549,4.4
U122051,P19581,3.8
U122051,P84518,4.0
U122051,P86670,4.3
U122052,P30777,4.6
U122053,P73257,3.1
U122055,P17896,3.4
U122055,P81843,3.0
U122058,P30694,3.1
U122058,P48427,5.0
U122060,P71651,3.9
U122061,P92663,4.3
U122065,P22831,4.4
U122066,P17871,3.1
U122066,P44673,2.8
U122069,P43055,4.0
U122070,P32446,4.6
U122071,P75170,3.3
U122073,P18072,3.9
U122077,P63376,3.3
U122082,P10857,4.5
U122082,P63154,4.4
U122082,P88614,4.7
U122084,P14409,4.4
U122085,P41493,3.8
U122086,P74767,4.6
U122087,P20258,3.2
U122087,P92923,5.0
U122089,P11338,4.8
U122090,P91233,3.3
U122091,P89399,3.6
U122092,P12723,4.6
U122093,P15376,4.6
U122093,P26163,3.8
U122093,P33271,3.6
U122093,P34029,3.2
U122095,P67943,4.2
U122096,P50475,5.0
U122097,P80344,4.1
U122098,P70104,3.5
U122099,P31942,4.4
U122099,P60921,3.7
U122100,P28822,3.6
U122100,P84132,3.7
U122100,P90597,3.3
U122103,P24872,4.6
U122104,P69873,3.9
U122107,P87236,4.3
U122108,P19563,3.8
U122108,P65736,4.9
U122109,P22950,3.9
U122109,P32968,4.8
U122109,P72415,3.6
U122109,P73611,3.7
U122112,P90346,5.0
U122113,P82794,3.8
U122114,P70739,3.5
U122114,P92469,2.9
U122115,P32262,3.9
U122115,P85694,4.1
U122116,P73235,4.4
U122116,P98717,4.1
U122117,P15373,3.7
U122117,P18742,2.5
U122117,P30019,4.1
U122117,P87475,4.9
U122118,P69671,3.9
U122118,P92517,3.4
U122119,P55874,3.7
U122121,P11155,4.4
U122125,P54158,3.4
U122125,P79753,3.7
U122125,P94143,3.8
U122127,P30356,3.8
U122127,P93613,4.6
U122128,P80439,4.1
U122130,P79811,4.4
U122131,P91578,3.9
U122132,P19946,3.6
U122133,P91643,4.9
U122134,P11984,4.1
U122134,P27440,4.4
U122134,P32103,3.5
U122134,P74534,4.5
U122135,P89556,4.2
U122140,P27960,2.7
U122143,P98566,3.7
U122144,P13110,3.2
U122144,P97879,4.4
U122145,P24350,4.4
U122146,P12928,4.3
U122146,P35937,3.5
U122146,P58113,3.7
U122147,P70332,3.1
U122147,P82638,3.5
U122150,P43924,3.6
U122150,P95519,4.4
U122151,P90081,4.2
U122152,P57106,3.5
U122155,P89526,3.2
U122156,P46592,4.2
U122156,P52878,5.0
U122157,P32678,3.9
U122157,P90661,3.3
U122157,P92367,4.1
U122158,P10215,3.8
U122158,P60546,4.1
U122158,P97861,4.8
U122160,P31937,3.8
U122162,P10307,5.0
U122162,P53842,3.1
U122163,P78690,4.1
U122165,P73185,3.9
U122166,P47383,4.5
U122167,P15351,4.1
U122173,P58058,3.2
U122173,P61690,4.1
U122174,P20177,3.8
U122176,P31719,4.6
U122177,P93881,3.7
U122178,P26477,3.3
U122178,P89358,4.4
U122178,P92839,4.0
U122179,P10654,4.3
U122179,P32126,3.4
U122179,P51865,3.1
U122183,P75590,3.9
U122188,P42668,4.5
U122188,P65934,3.5
U122189,P65196,2.9
U122189,P97396,4.2
U122191,P94621,4.4
U122192,P47518,2.9
U122194,P18547,4.5
U122194,P34267,5.0
U122194,P64008,3.5
U122195,P55140,4.2
U122196,P15461,3.5
U122197,P23467,4.1
U122197,P86833,4.1
U122198,P90589,3.7
U122199,P21296,3.5
U122200,P99216,3.8
U122201,P59051,3.6
U122203,P64202,4.9
U122204,P36102,3.6
U122205,P17434,4.0
U122205,P67910,4.4
U122207,P13447,3.3
U122207,P28257,4.0
U122207,P32472,4.2
U122208,P28733,4.6
U122208,P42789,3.8
U122209,P41995,3.2
U122210,P24175,3.9
U122210,P71072,3.6
U122211,P61804,3.4
U122212,P23609,4.1
U122212,P44129,4.6
U122212,P63577,4.4
U122212,P71476,4.5
U122212,P71586,4.1
U122214,P29951,3.3
U122214,P50682,2.7
U122214,P79931,3.3
U122215,P68119,4.0
U122217,P20139,3.4
U122217,P31663,4.3
U122217,P44574,4.0
U122217,P64545,3.7
U122218,P95866,3.9
U122219,P90180,3.9
U122220,P23971,3.2
U122220,P68572,4.2
U122222,P97473,3.3
U122223,P21640,3.4
U122223,P76497,2.5
U122225,P29810,4.6
U122225,P40404,3.5
U122227,P79539,3.0
U122229,P68371,3.7
U122230,P28452,4.4
U122230,P71045,5.0
U122232,P20433,4.2
U122232,P26010,4.6
U122232,P28714,4.6
U122232,P56383,4.1
U122236,P46822,4.3
U122237,P88250,3.9
U122238,P10608,3.5
U122239,P17507,4.6
U122239,P55837,4.0
U122240,P19413,4.3
U122240,P34289,4.9
U122241,P24378,3.6
U122242,P27795,4.2
U122242,P98371,3.8
U122243,P78280,3.3
U122243,P90786,3.9
U122244,P92049,4.2
U122245,P79670,4.0
U122248,P82364,3.7
U122248,P98014,3.5
U122250,P23649,3.7
U122252,P29936,5.0
U122252,P79757,4.3
U122252,P80818,3.1
U122252,P95937,3.6
U122253,P81349,4.2
U122253,P84040,3.3
U122254,P15638,4.7
U122255,P31796,4.1
U122255,P67557,4.1
U122256,P29518,3.6
U122257,P57787,3.5
U122258,P22895,4.3
U122259,P38592,4.6
U122260,P88822,4.0
U122264,P94110,4.2
U122265,P58519,4.7
U122266,P51052,4.4
U122267,P83408,3.7
U122268,P54973,4.4
U122268,P81998,3.4
U122272,P11374,4.0
U122273,P17879,5.0
U122273,P55453,3.5
U122273,P90145,3.9
U122274,P66028,3.9
U122275,P39186,4.2
U122275,P48724,4.0
U122276,P48928,3.9
U122276,P69078,4.3
U122277,P32871,3.7
U122278,P50147,3.9
U122278,P80037,4.3
U122279,P41418,3.7
U122280,P46264,4.4
U122280,P48057,3.1
U122280,P80268,4.3
U122281,P83981,3.4
U122282,P75075,3.9
U122282,P90808,3.7
U122283,P62448,4.6
U122284,P19280,4.0
U122284,P26009,4.0
U122284,P55525,4.3
U122285,P37591,3.6
U122286,P13264,4.2
U122286,P93728,4.4
U122289,P30104,5.0
U122289,P59697,4.1
U122290,P24460,4.1
U122291,P99075,3.6
U122292,P52022,3.4
U122293,P18390,4.2
U122293,P59610,5.0
U122293,P65839,4.3
U122293,P68628,2.3
U122293,P80181,4.4
U122294,P55374,4.4
U122294,P65204,3.0
U122298,P14432,4.2
U122299,P93561,3.5
U122299,P97610,3.6
U122300,P16847,4.0
U122300,P29934,4.8
U122300,P33302,3.8
U122300,P77766,3.6
U122300,P82213,3.4
U122301,P20083,4.0
U122302,P43786,3.2
U122302,P53901,3.7
U122304,P38591,3.7
U122304,P96762,3.3
U122305,P80755,4.0
U122306,P38226,4.2
U122307,P74258,4.4
U122308,P79517,4.0
U122309,P76920,3.5
U122312,P52926,3.6
U122314,P73329,3.4
U122315,P39519,3.2
U122316,P56902,3.5
U122318,P14715,4.5
U122319,P58401,4.7
U122320,P83400,4.1
U122321,P12095,4.2
U122321,P70192,3.1
U122322,P75678,4.1
U122324,P11097,2.7
U122325,P33217,4.5
U122325,P42483,3.1
U122326,P30164,4.3
U122327,P46696,3.4
U122328,P12141,4.7
U122328,P95285,3.5
U122329,P46264,3.5
U122329,P67126,3.3
U122330,P79756,4.8
U122331,P71078,3.8
U122332,P26196,3.9
U122333,P25150,4.2
U122333,P50534,3.4
U122333,P74816,3.9
U122334,P17704,4.4
U122334,P41022,3.1
U122334,P50414,3.9
U122336,P75843,3.8
U122337,P28903,3.8
U122341,P31522,4.4
U122341,P64894,3.5
U122342,P68382,2.9
U122343,P61079,4.5
U122344,P19830,4.2
U122345,P38759,4.4
U122345,P89598,4.5
U122346,P84991,3.8
U122347,P35437,3.7
U122347,P59068,3.6
U122348,P27448,3.8
U122348,P54929,3.4
U122349,P20852,4.3
U122350,P63663,2.7
U122351,P48042,4.1
U122353,P18052,3.4
U122353,P50846,3.8
U122354,P73806,4.6
U122355,P57063,4.6
U122359,P69320,2.8
U122359,P81687,3.3
U122362,P73166,4.5
U122363,P31946,3.8
U122363,P34970,3.5
U122363,P76892,5.0
U122365,P23626,4.6
U122366,P43199,3.4
U122366,P72323,4.0
U122367,P55368,4.1
U122368,P48102,3.8
U122369,P75398,4.8
U122372,P16233,4.0
U122373,P50148,4.0
U122374,P29406,3.4
U122375,P51753,3.9
U122375,P96281,4.0
U122376,P41265,4.0
U122378,P21073,2.9
U122378,P80225,3.7
U122379,P87763,3.3
U122381,P49563,3.8
U122381,P53735,4.0
U122383,P72753,5.0
U122384,P13098,3.0
U122386,P51408,3.8
U122386,P60270,4.1
U122387,P49785,3.1
U122387,P87542,4.1
U122387,P88327,3.3
U122388,P80556,4.4
U122388,P83658,3.5
U122390,P14473,3.7
U122390,P74861,4.3
U122390,P85894,3.5
U122390,P85898,4.2
U122391,P76101,3.1
U122391,P85266,3.7
U122392,P21472,3.8
U122394,P16629,3.2
U122394,P18261,4.0
U122394,P45516,4.1
U122395,P57910,3.2
U122396,P65434,3.9
U122396,P79803,4.1
U122397,P48686,3.9
U122398,P75548,4.3
U122402,P15412,3.9
U122403,P26680,4.4
U122404,P27056,3.7
U122404,P53736,3.7
U122404,P70986,4.1
U122406,P47600,4.5
U122407,P40346,3.4
U122407,P72217,4.1
U122408,P42177,4.2
U122408,P61267,4.2
U122409,P24135,3.2
U122409,P70192,4.0
U122411,P37200,3.8
U122411,P64866,3.0
U122414,P74236,4.2
U122415,P67772,3.7
U122415,P92561,3.7
U122417,P63625,4.3
U122418,P14993,3.0
U122418,P68166,4.2
U122418,P69190,3.8
U122418,P79960,4.7
U122419,P45280,4.4
U122419,P51460,4.5
U122419,P67489,3.6
U122419,P70555,3.7
U122420,P22042,3.1
U122420,P45406,4.0
U122420,P58583,4.0
U122421,P46367,4.2
U122422,P85346,3.3
U122423,P39833,4.9
U122423,P62146,4.6
U122424,P35505,3.4
U122424,P94721,4.3
U122427,P41326,4.0
U122428,P65845,3.1
U122429,P86316,3.7
U122430,P18490,4.2
U122430,P24063,3.8
U122430,P55115,4.1
U122431,P65891,4.5
U122433,P26643,3.5
U122436,P73143,4.1
U122438,P99320,3.7
U122439,P25593,3.9
U122439,P27897,3.9
U122440,P35002,3.1
U122442,P38176,3.9
U122443,P50328,4.7
U122443,P62080,3.7
U122444,P26763,3.8
U122445,P22654,3.5
U122445,P48425,3.4
U122445,P74966,4.1
U122446,P12699,3.4
U122446,P25258,4.2
U122447,P42906,4.3
U122448,P28569,4.0
U122448,P35947,4.4
U122448,P87388,3.3
U122448,P93654,3.1
U122449,P85405,4.3
